[0.000000] (-) TimerEvent: {}
[0.000329] (gesture_detector) JobQueued: {'identifier': 'gesture_detector', 'dependencies': OrderedDict()}
[0.000390] (tb3_bringup_custom) JobQueued: {'identifier': 'tb3_bringup_custom', 'dependencies': OrderedDict()}
[0.000449] (tb3_interfaces) JobQueued: {'identifier': 'tb3_interfaces', 'dependencies': OrderedDict()}
[0.000465] (debug_visualizer) JobQueued: {'identifier': 'debug_visualizer', 'dependencies': OrderedDict([('tb3_interfaces', '/home/jackfeels/Documents/PROYECTO_TURTLEBOT/install/tb3_interfaces')])}
[0.000478] (follow_controller) JobQueued: {'identifier': 'follow_controller', 'dependencies': OrderedDict([('tb3_interfaces', '/home/jackfeels/Documents/PROYECTO_TURTLEBOT/install/tb3_interfaces')])}
[0.000489] (person_tracker) JobQueued: {'identifier': 'person_tracker', 'dependencies': OrderedDict([('tb3_interfaces', '/home/jackfeels/Documents/PROYECTO_TURTLEBOT/install/tb3_interfaces')])}
[0.000498] (target_selector) JobQueued: {'identifier': 'target_selector', 'dependencies': OrderedDict([('tb3_interfaces', '/home/jackfeels/Documents/PROYECTO_TURTLEBOT/install/tb3_interfaces')])}
[0.000508] (tb3_interfaces) JobStarted: {'identifier': 'tb3_interfaces'}
[0.038393] (gesture_detector) JobStarted: {'identifier': 'gesture_detector'}
[0.064682] (tb3_bringup_custom) JobStarted: {'identifier': 'tb3_bringup_custom'}
[0.075591] (tb3_interfaces) JobProgress: {'identifier': 'tb3_interfaces', 'progress': 'cmake'}
[0.077167] (tb3_interfaces) JobProgress: {'identifier': 'tb3_interfaces', 'progress': 'build'}
[0.077204] (tb3_interfaces) Command: {'cmd': ['/usr/bin/cmake', '--build', '/home/jackfeels/Documents/PROYECTO_TURTLEBOT/build/tb3_interfaces', '--', '-j4', '-l4'], 'cwd': '/home/jackfeels/Documents/PROYECTO_TURTLEBOT/build/tb3_interfaces', 'env': OrderedDict([('GJS_DEBUG_TOPICS', 'JS ERROR;JS LOG'), ('PYTHON_BASIC_REPL', '1'), ('LESSOPEN', '| /usr/bin/lesspipe %s'), ('USER', 'jackfeels'), ('XDG_SESSION_TYPE', 'wayland'), ('GIT_ASKPASS', '/usr/share/code/resources/app/extensions/git/dist/askpass.sh'), ('SHLVL', '1'), ('LD_LIBRARY_PATH', '/home/jackfeels/turtlebot3_ws/install/turtlebot3_msgs/lib:/home/jackfeels/turtlebot3_ws/install/dynamixel_sdk_custom_interfaces/lib:/home/jackfeels/turtlebot3_ws/install/dynamixel_sdk/lib:/opt/ros/humble/opt/rviz_ogre_vendor/lib:/opt/ros/humble/lib/aarch64-linux-gnu:/opt/ros/humble/lib'), ('HOME', '/home/jackfeels'), ('CHROME_DESKTOP', 'code.desktop'), ('OLDPWD', '/home/jackfeels/Documents/PROYECTO_TURTLEBOT'), ('TERM_PROGRAM_VERSION', '1.114.0'), ('DESKTOP_SESSION', 'ubuntu'), ('GIO_LAUNCHED_DESKTOP_FILE', '/usr/share/applications/code.desktop'), ('ROS_PYTHON_VERSION', '3'), ('GNOME_SHELL_SESSION_MODE', 'ubuntu'), ('GTK_MODULES', 'gail:atk-bridge'), ('VSCODE_GIT_ASKPASS_MAIN', '/usr/share/code/resources/app/extensions/git/dist/askpass-main.js'), ('VSCODE_GIT_ASKPASS_NODE', '/usr/share/code/code'), ('MANAGERPID', '1447'), ('PYDEVD_DISABLE_FILE_VALIDATION', '1'), ('SYSTEMD_EXEC_PID', '2048'), ('BUNDLED_DEBUGPY_PATH', '/home/jackfeels/.vscode/extensions/ms-python.debugpy-2025.18.0-linux-arm64/bundled/libs/debugpy'), ('IM_CONFIG_CHECK_ENV', '1'), ('VSCODE_PYTHON_AUTOACTIVATE_GUARD', '1'), ('DBUS_SESSION_BUS_ADDRESS', 'unix:path=/run/user/1000/bus'), ('COLORTERM', 'truecolor'), ('GIO_LAUNCHED_DESKTOP_FILE_PID', '31416'), ('IM_CONFIG_PHASE', '1'), ('WAYLAND_DISPLAY', 'wayland-0'), ('COLCON_PREFIX_PATH', '/home/jackfeels/turtlebot3_ws/install'), ('ROS_DISTRO', 'humble'), ('LOGNAME', 'jackfeels'), ('JOURNAL_STREAM', '8:27136'), ('_', '/usr/bin/colcon'), ('ROS_VERSION', '2'), ('CLAUDE_CODE_SSE_PORT', '37331'), ('XDG_SESSION_CLASS', 'user'), ('USERNAME', 'jackfeels'), ('TERM', 'xterm-256color'), ('GNOME_DESKTOP_SESSION_ID', 'this-is-deprecated'), ('FC_FONTATIONS', '1'), ('ROS_LOCALHOST_ONLY', '0'), ('PATH', '/home/jackfeels/.local/bin:/home/jackfeels/.local/bin:/home/jackfeels/.config/Code/User/globalStorage/github.copilot-chat/debugCommand:/home/jackfeels/.config/Code/User/globalStorage/github.copilot-chat/copilotCli:/home/jackfeels/.local/bin:/home/jackfeels/.local/bin:/home/jackfeels/.local/bin:/opt/ros/humble/bin:/home/jackfeels/.local/bin:/usr/local/sbin:/usr/local/bin:/usr/sbin:/usr/bin:/sbin:/bin:/usr/games:/usr/local/games:/snap/bin:/snap/bin:/home/jackfeels/.vscode/extensions/ms-python.debugpy-2025.18.0-linux-arm64/bundled/scripts/noConfigScripts'), ('SESSION_MANAGER', 'local/jackfeels:@/tmp/.ICE-unix/2024,unix/jackfeels:/tmp/.ICE-unix/2024'), ('INVOCATION_ID', '7072cee1c8cb4ac79fe0ad88f4dcb9f7'), ('XDG_MENU_PREFIX', 'gnome-'), ('GNOME_SETUP_DISPLAY', ':1'), ('XDG_RUNTIME_DIR', '/run/user/1000'), ('GDK_BACKEND', 'wayland'), ('DISPLAY', ':0'), ('VSCODE_DEBUGPY_ADAPTER_ENDPOINTS', '/home/jackfeels/.vscode/extensions/ms-python.debugpy-2025.18.0-linux-arm64/.noConfigDebugAdapterEndpoints/endpoint-185b3b7f67631b8b.txt'), ('LANG', 'en_US.UTF-8'), ('XDG_CURRENT_DESKTOP', 'ubuntu:GNOME'), ('PYTHONSTARTUP', '/home/jackfeels/.config/Code/User/workspaceStorage/46ee1a91a2843d3566ffcdb977c34744/ms-python.python/pythonrc.py'), ('XMODIFIERS', '@im=ibus'), ('XDG_SESSION_DESKTOP', 'ubuntu'), ('XAUTHORITY', '/run/user/1000/.mutter-Xwaylandauth.BCY4N3'), ('LS_COLORS', 'rs=0:di=01;34:ln=01;36:mh=00:pi=40;33:so=01;35:do=01;35:bd=40;33;01:cd=40;33;01:or=40;31;01:mi=00:su=37;41:sg=30;43:ca=30;41:tw=30;42:ow=34;42:st=37;44:ex=01;32:*.tar=01;31:*.tgz=01;31:*.arc=01;31:*.arj=01;31:*.taz=01;31:*.lha=01;31:*.lz4=01;31:*.lzh=01;31:*.lzma=01;31:*.tlz=01;31:*.txz=01;31:*.tzo=01;31:*.t7z=01;31:*.zip=01;31:*.z=01;31:*.dz=01;31:*.gz=01;31:*.lrz=01;31:*.lz=01;31:*.lzo=01;31:*.xz=01;31:*.zst=01;31:*.tzst=01;31:*.bz2=01;31:*.bz=01;31:*.tbz=01;31:*.tbz2=01;31:*.tz=01;31:*.deb=01;31:*.rpm=01;31:*.jar=01;31:*.war=01;31:*.ear=01;31:*.sar=01;31:*.rar=01;31:*.alz=01;31:*.ace=01;31:*.zoo=01;31:*.cpio=01;31:*.7z=01;31:*.rz=01;31:*.cab=01;31:*.wim=01;31:*.swm=01;31:*.dwm=01;31:*.esd=01;31:*.jpg=01;35:*.jpeg=01;35:*.mjpg=01;35:*.mjpeg=01;35:*.gif=01;35:*.bmp=01;35:*.pbm=01;35:*.pgm=01;35:*.ppm=01;35:*.tga=01;35:*.xbm=01;35:*.xpm=01;35:*.tif=01;35:*.tiff=01;35:*.png=01;35:*.svg=01;35:*.svgz=01;35:*.mng=01;35:*.pcx=01;35:*.mov=01;35:*.mpg=01;35:*.mpeg=01;35:*.m2v=01;35:*.mkv=01;35:*.webm=01;35:*.webp=01;35:*.ogm=01;35:*.mp4=01;35:*.m4v=01;35:*.mp4v=01;35:*.vob=01;35:*.qt=01;35:*.nuv=01;35:*.wmv=01;35:*.asf=01;35:*.rm=01;35:*.rmvb=01;35:*.flc=01;35:*.avi=01;35:*.fli=01;35:*.flv=01;35:*.gl=01;35:*.dl=01;35:*.xcf=01;35:*.xwd=01;35:*.yuv=01;35:*.cgm=01;35:*.emf=01;35:*.ogv=01;35:*.ogx=01;35:*.aac=00;36:*.au=00;36:*.flac=00;36:*.m4a=00;36:*.mid=00;36:*.midi=00;36:*.mka=00;36:*.mp3=00;36:*.mpc=00;36:*.ogg=00;36:*.ra=00;36:*.wav=00;36:*.oga=00;36:*.opus=00;36:*.spx=00;36:*.xspf=00;36:'), ('VSCODE_GIT_IPC_HANDLE', '/run/user/1000/vscode-git-3da86ad6c9.sock'), ('TERM_PROGRAM', 'vscode'), ('SSH_AGENT_LAUNCHER', 'gnome-keyring'), ('SSH_AUTH_SOCK', '/run/user/1000/keyring/ssh'), ('ROS_DOMAIN_ID', '30'), ('AMENT_PREFIX_PATH', '/home/jackfeels/turtlebot3_ws/install/turtlebot3:/home/jackfeels/turtlebot3_ws/install/turtlebot3_teleop:/home/jackfeels/turtlebot3_ws/install/turtlebot3_bringup:/home/jackfeels/turtlebot3_ws/install/turtlebot3_node:/home/jackfeels/turtlebot3_ws/install/turtlebot3_navigation2:/home/jackfeels/turtlebot3_ws/install/turtlebot3_example:/home/jackfeels/turtlebot3_ws/install/turtlebot3_msgs:/home/jackfeels/turtlebot3_ws/install/turtlebot3_description:/home/jackfeels/turtlebot3_ws/install/turtlebot3_cartographer:/home/jackfeels/turtlebot3_ws/install/dynamixel_sdk_examples:/home/jackfeels/turtlebot3_ws/install/dynamixel_sdk_custom_interfaces:/home/jackfeels/turtlebot3_ws/install/dynamixel_sdk:/opt/ros/humble'), ('SHELL', '/bin/bash'), ('QT_ACCESSIBILITY', '1'), ('GDMSESSION', 'ubuntu'), ('LESSCLOSE', '/usr/bin/lesspipe %s %s'), ('GJS_DEBUG_OUTPUT', 'stderr'), ('VSCODE_GIT_ASKPASS_EXTRA_ARGS', ''), ('QT_IM_MODULE', 'ibus'), ('PWD', '/home/jackfeels/Documents/PROYECTO_TURTLEBOT/build/tb3_interfaces'), ('TURTLEBOT3_MODEL', 'burger'), ('XDG_CONFIG_DIRS', '/etc/xdg/xdg-ubuntu:/etc/xdg'), ('XDG_DATA_DIRS', '/usr/share/ubuntu:/usr/local/share/:/usr/share/:/var/lib/snapd/desktop'), ('PYTHONPATH', '/home/jackfeels/turtlebot3_ws/install/turtlebot3_teleop/lib/python3.10/site-packages:/home/jackfeels/turtlebot3_ws/install/turtlebot3_example/lib/python3.10/site-packages:/home/jackfeels/turtlebot3_ws/install/turtlebot3_msgs/local/lib/python3.10/dist-packages:/home/jackfeels/turtlebot3_ws/install/dynamixel_sdk_custom_interfaces/local/lib/python3.10/dist-packages:/home/jackfeels/turtlebot3_ws/install/dynamixel_sdk/local/lib/python3.10/dist-packages:/opt/ros/humble/lib/python3.10/site-packages:/opt/ros/humble/local/lib/python3.10/dist-packages'), ('COLCON', '1'), ('CMAKE_PREFIX_PATH', '/home/jackfeels/turtlebot3_ws/install/turtlebot3:/home/jackfeels/turtlebot3_ws/install/turtlebot3_bringup:/home/jackfeels/turtlebot3_ws/install/turtlebot3_node:/home/jackfeels/turtlebot3_ws/install/turtlebot3_navigation2:/home/jackfeels/turtlebot3_ws/install/turtlebot3_msgs:/home/jackfeels/turtlebot3_ws/install/turtlebot3_description:/home/jackfeels/turtlebot3_ws/install/turtlebot3_cartographer:/home/jackfeels/turtlebot3_ws/install/dynamixel_sdk_examples:/home/jackfeels/turtlebot3_ws/install/dynamixel_sdk_custom_interfaces:/home/jackfeels/turtlebot3_ws/install/dynamixel_sdk')]), 'shell': False}
[0.102429] (-) TimerEvent: {}
[0.202710] (-) TimerEvent: {}
[0.303023] (-) TimerEvent: {}
[0.389185] (tb3_interfaces) StdoutLine: {'line': b'[  0%] Built target ament_cmake_python_copy_tb3_interfaces\n'}
[0.389335] (tb3_interfaces) StdoutLine: {'line': b'[ 10%] Built target tb3_interfaces__rosidl_generator_c\n'}
[0.389375] (tb3_interfaces) StdoutLine: {'line': b'[ 12%] Built target tb3_interfaces__rs\n'}
[0.389408] (tb3_interfaces) StdoutLine: {'line': b'[ 14%] Built target tb3_interfaces__cpp\n'}
[0.389438] (tb3_interfaces) StdoutLine: {'line': b'[ 25%] Built target tb3_interfaces__rosidl_typesupport_fastrtps_c\n'}
[0.389469] (tb3_interfaces) StdoutLine: {'line': b'[ 35%] Built target tb3_interfaces__rosidl_typesupport_c\n'}
[0.395354] (tb3_interfaces) StdoutLine: {'line': b'[ 45%] Built target tb3_interfaces__rosidl_typesupport_introspection_c\n'}
[0.406506] (-) TimerEvent: {}
[0.443920] (tb3_interfaces) StdoutLine: {'line': b'[ 56%] Built target tb3_interfaces__rosidl_typesupport_introspection_cpp\n'}
[0.458483] (tb3_interfaces) StdoutLine: {'line': b'[ 68%] Built target tb3_interfaces__rosidl_typesupport_cpp\n'}
[0.458622] (tb3_interfaces) StdoutLine: {'line': b'[ 77%] Built target tb3_interfaces__rosidl_typesupport_fastrtps_cpp\n'}
[0.485725] (tb3_interfaces) StdoutLine: {'line': b'running egg_info\n'}
[0.494612] (tb3_interfaces) StdoutLine: {'line': b'writing tb3_interfaces.egg-info/PKG-INFO\n'}
[0.494976] (tb3_interfaces) StdoutLine: {'line': b'writing dependency_links to tb3_interfaces.egg-info/dependency_links.txt\n'}
[0.495102] (tb3_interfaces) StdoutLine: {'line': b'writing top-level names to tb3_interfaces.egg-info/top_level.txt\n'}
[0.506592] (-) TimerEvent: {}
[0.525919] (tb3_interfaces) StdoutLine: {'line': b"reading manifest file 'tb3_interfaces.egg-info/SOURCES.txt'\n"}
[0.526837] (tb3_interfaces) StdoutLine: {'line': b'[ 77%] Built target tb3_interfaces\n'}
[0.527259] (tb3_interfaces) StdoutLine: {'line': b"writing manifest file 'tb3_interfaces.egg-info/SOURCES.txt'\n"}
[0.557526] (tb3_interfaces) StdoutLine: {'line': b'[ 79%] Built target tb3_interfaces__py\n'}
[0.564706] (tb3_interfaces) StdoutLine: {'line': b'[ 79%] Built target ament_cmake_python_build_tb3_interfaces_egg\n'}
[0.572504] (tb3_interfaces) StdoutLine: {'line': b'[ 87%] Built target tb3_interfaces__rosidl_generator_py\n'}
[0.593191] (tb3_interfaces) StdoutLine: {'line': b'[ 91%] Built target tb3_interfaces__rosidl_typesupport_c__pyext\n'}
[0.606689] (-) TimerEvent: {}
[0.616187] (tb3_interfaces) StdoutLine: {'line': b'[ 95%] Built target tb3_interfaces__rosidl_typesupport_introspection_c__pyext\n'}
[0.630335] (tb3_interfaces) StdoutLine: {'line': b'[100%] Built target tb3_interfaces__rosidl_typesupport_fastrtps_c__pyext\n'}
[0.648808] (tb3_interfaces) CommandEnded: {'returncode': 0}
[0.649103] (tb3_interfaces) JobProgress: {'identifier': 'tb3_interfaces', 'progress': 'install'}
[0.654350] (tb3_interfaces) Command: {'cmd': ['/usr/bin/cmake', '--install', '/home/jackfeels/Documents/PROYECTO_TURTLEBOT/build/tb3_interfaces'], 'cwd': '/home/jackfeels/Documents/PROYECTO_TURTLEBOT/build/tb3_interfaces', 'env': OrderedDict([('GJS_DEBUG_TOPICS', 'JS ERROR;JS LOG'), ('PYTHON_BASIC_REPL', '1'), ('LESSOPEN', '| /usr/bin/lesspipe %s'), ('USER', 'jackfeels'), ('XDG_SESSION_TYPE', 'wayland'), ('GIT_ASKPASS', '/usr/share/code/resources/app/extensions/git/dist/askpass.sh'), ('SHLVL', '1'), ('LD_LIBRARY_PATH', '/home/jackfeels/turtlebot3_ws/install/turtlebot3_msgs/lib:/home/jackfeels/turtlebot3_ws/install/dynamixel_sdk_custom_interfaces/lib:/home/jackfeels/turtlebot3_ws/install/dynamixel_sdk/lib:/opt/ros/humble/opt/rviz_ogre_vendor/lib:/opt/ros/humble/lib/aarch64-linux-gnu:/opt/ros/humble/lib'), ('HOME', '/home/jackfeels'), ('CHROME_DESKTOP', 'code.desktop'), ('OLDPWD', '/home/jackfeels/Documents/PROYECTO_TURTLEBOT'), ('TERM_PROGRAM_VERSION', '1.114.0'), ('DESKTOP_SESSION', 'ubuntu'), ('GIO_LAUNCHED_DESKTOP_FILE', '/usr/share/applications/code.desktop'), ('ROS_PYTHON_VERSION', '3'), ('GNOME_SHELL_SESSION_MODE', 'ubuntu'), ('GTK_MODULES', 'gail:atk-bridge'), ('VSCODE_GIT_ASKPASS_MAIN', '/usr/share/code/resources/app/extensions/git/dist/askpass-main.js'), ('VSCODE_GIT_ASKPASS_NODE', '/usr/share/code/code'), ('MANAGERPID', '1447'), ('PYDEVD_DISABLE_FILE_VALIDATION', '1'), ('SYSTEMD_EXEC_PID', '2048'), ('BUNDLED_DEBUGPY_PATH', '/home/jackfeels/.vscode/extensions/ms-python.debugpy-2025.18.0-linux-arm64/bundled/libs/debugpy'), ('IM_CONFIG_CHECK_ENV', '1'), ('VSCODE_PYTHON_AUTOACTIVATE_GUARD', '1'), ('DBUS_SESSION_BUS_ADDRESS', 'unix:path=/run/user/1000/bus'), ('COLORTERM', 'truecolor'), ('GIO_LAUNCHED_DESKTOP_FILE_PID', '31416'), ('IM_CONFIG_PHASE', '1'), ('WAYLAND_DISPLAY', 'wayland-0'), ('COLCON_PREFIX_PATH', '/home/jackfeels/turtlebot3_ws/install'), ('ROS_DISTRO', 'humble'), ('LOGNAME', 'jackfeels'), ('JOURNAL_STREAM', '8:27136'), ('_', '/usr/bin/colcon'), ('ROS_VERSION', '2'), ('CLAUDE_CODE_SSE_PORT', '37331'), ('XDG_SESSION_CLASS', 'user'), ('USERNAME', 'jackfeels'), ('TERM', 'xterm-256color'), ('GNOME_DESKTOP_SESSION_ID', 'this-is-deprecated'), ('FC_FONTATIONS', '1'), ('ROS_LOCALHOST_ONLY', '0'), ('PATH', '/home/jackfeels/.local/bin:/home/jackfeels/.local/bin:/home/jackfeels/.config/Code/User/globalStorage/github.copilot-chat/debugCommand:/home/jackfeels/.config/Code/User/globalStorage/github.copilot-chat/copilotCli:/home/jackfeels/.local/bin:/home/jackfeels/.local/bin:/home/jackfeels/.local/bin:/opt/ros/humble/bin:/home/jackfeels/.local/bin:/usr/local/sbin:/usr/local/bin:/usr/sbin:/usr/bin:/sbin:/bin:/usr/games:/usr/local/games:/snap/bin:/snap/bin:/home/jackfeels/.vscode/extensions/ms-python.debugpy-2025.18.0-linux-arm64/bundled/scripts/noConfigScripts'), ('SESSION_MANAGER', 'local/jackfeels:@/tmp/.ICE-unix/2024,unix/jackfeels:/tmp/.ICE-unix/2024'), ('INVOCATION_ID', '7072cee1c8cb4ac79fe0ad88f4dcb9f7'), ('XDG_MENU_PREFIX', 'gnome-'), ('GNOME_SETUP_DISPLAY', ':1'), ('XDG_RUNTIME_DIR', '/run/user/1000'), ('GDK_BACKEND', 'wayland'), ('DISPLAY', ':0'), ('VSCODE_DEBUGPY_ADAPTER_ENDPOINTS', '/home/jackfeels/.vscode/extensions/ms-python.debugpy-2025.18.0-linux-arm64/.noConfigDebugAdapterEndpoints/endpoint-185b3b7f67631b8b.txt'), ('LANG', 'en_US.UTF-8'), ('XDG_CURRENT_DESKTOP', 'ubuntu:GNOME'), ('PYTHONSTARTUP', '/home/jackfeels/.config/Code/User/workspaceStorage/46ee1a91a2843d3566ffcdb977c34744/ms-python.python/pythonrc.py'), ('XMODIFIERS', '@im=ibus'), ('XDG_SESSION_DESKTOP', 'ubuntu'), ('XAUTHORITY', '/run/user/1000/.mutter-Xwaylandauth.BCY4N3'), ('LS_COLORS', 'rs=0:di=01;34:ln=01;36:mh=00:pi=40;33:so=01;35:do=01;35:bd=40;33;01:cd=40;33;01:or=40;31;01:mi=00:su=37;41:sg=30;43:ca=30;41:tw=30;42:ow=34;42:st=37;44:ex=01;32:*.tar=01;31:*.tgz=01;31:*.arc=01;31:*.arj=01;31:*.taz=01;31:*.lha=01;31:*.lz4=01;31:*.lzh=01;31:*.lzma=01;31:*.tlz=01;31:*.txz=01;31:*.tzo=01;31:*.t7z=01;31:*.zip=01;31:*.z=01;31:*.dz=01;31:*.gz=01;31:*.lrz=01;31:*.lz=01;31:*.lzo=01;31:*.xz=01;31:*.zst=01;31:*.tzst=01;31:*.bz2=01;31:*.bz=01;31:*.tbz=01;31:*.tbz2=01;31:*.tz=01;31:*.deb=01;31:*.rpm=01;31:*.jar=01;31:*.war=01;31:*.ear=01;31:*.sar=01;31:*.rar=01;31:*.alz=01;31:*.ace=01;31:*.zoo=01;31:*.cpio=01;31:*.7z=01;31:*.rz=01;31:*.cab=01;31:*.wim=01;31:*.swm=01;31:*.dwm=01;31:*.esd=01;31:*.jpg=01;35:*.jpeg=01;35:*.mjpg=01;35:*.mjpeg=01;35:*.gif=01;35:*.bmp=01;35:*.pbm=01;35:*.pgm=01;35:*.ppm=01;35:*.tga=01;35:*.xbm=01;35:*.xpm=01;35:*.tif=01;35:*.tiff=01;35:*.png=01;35:*.svg=01;35:*.svgz=01;35:*.mng=01;35:*.pcx=01;35:*.mov=01;35:*.mpg=01;35:*.mpeg=01;35:*.m2v=01;35:*.mkv=01;35:*.webm=01;35:*.webp=01;35:*.ogm=01;35:*.mp4=01;35:*.m4v=01;35:*.mp4v=01;35:*.vob=01;35:*.qt=01;35:*.nuv=01;35:*.wmv=01;35:*.asf=01;35:*.rm=01;35:*.rmvb=01;35:*.flc=01;35:*.avi=01;35:*.fli=01;35:*.flv=01;35:*.gl=01;35:*.dl=01;35:*.xcf=01;35:*.xwd=01;35:*.yuv=01;35:*.cgm=01;35:*.emf=01;35:*.ogv=01;35:*.ogx=01;35:*.aac=00;36:*.au=00;36:*.flac=00;36:*.m4a=00;36:*.mid=00;36:*.midi=00;36:*.mka=00;36:*.mp3=00;36:*.mpc=00;36:*.ogg=00;36:*.ra=00;36:*.wav=00;36:*.oga=00;36:*.opus=00;36:*.spx=00;36:*.xspf=00;36:'), ('VSCODE_GIT_IPC_HANDLE', '/run/user/1000/vscode-git-3da86ad6c9.sock'), ('TERM_PROGRAM', 'vscode'), ('SSH_AGENT_LAUNCHER', 'gnome-keyring'), ('SSH_AUTH_SOCK', '/run/user/1000/keyring/ssh'), ('ROS_DOMAIN_ID', '30'), ('AMENT_PREFIX_PATH', '/home/jackfeels/turtlebot3_ws/install/turtlebot3:/home/jackfeels/turtlebot3_ws/install/turtlebot3_teleop:/home/jackfeels/turtlebot3_ws/install/turtlebot3_bringup:/home/jackfeels/turtlebot3_ws/install/turtlebot3_node:/home/jackfeels/turtlebot3_ws/install/turtlebot3_navigation2:/home/jackfeels/turtlebot3_ws/install/turtlebot3_example:/home/jackfeels/turtlebot3_ws/install/turtlebot3_msgs:/home/jackfeels/turtlebot3_ws/install/turtlebot3_description:/home/jackfeels/turtlebot3_ws/install/turtlebot3_cartographer:/home/jackfeels/turtlebot3_ws/install/dynamixel_sdk_examples:/home/jackfeels/turtlebot3_ws/install/dynamixel_sdk_custom_interfaces:/home/jackfeels/turtlebot3_ws/install/dynamixel_sdk:/opt/ros/humble'), ('SHELL', '/bin/bash'), ('QT_ACCESSIBILITY', '1'), ('GDMSESSION', 'ubuntu'), ('LESSCLOSE', '/usr/bin/lesspipe %s %s'), ('GJS_DEBUG_OUTPUT', 'stderr'), ('VSCODE_GIT_ASKPASS_EXTRA_ARGS', ''), ('QT_IM_MODULE', 'ibus'), ('PWD', '/home/jackfeels/Documents/PROYECTO_TURTLEBOT/build/tb3_interfaces'), ('TURTLEBOT3_MODEL', 'burger'), ('XDG_CONFIG_DIRS', '/etc/xdg/xdg-ubuntu:/etc/xdg'), ('XDG_DATA_DIRS', '/usr/share/ubuntu:/usr/local/share/:/usr/share/:/var/lib/snapd/desktop'), ('PYTHONPATH', '/home/jackfeels/turtlebot3_ws/install/turtlebot3_teleop/lib/python3.10/site-packages:/home/jackfeels/turtlebot3_ws/install/turtlebot3_example/lib/python3.10/site-packages:/home/jackfeels/turtlebot3_ws/install/turtlebot3_msgs/local/lib/python3.10/dist-packages:/home/jackfeels/turtlebot3_ws/install/dynamixel_sdk_custom_interfaces/local/lib/python3.10/dist-packages:/home/jackfeels/turtlebot3_ws/install/dynamixel_sdk/local/lib/python3.10/dist-packages:/opt/ros/humble/lib/python3.10/site-packages:/opt/ros/humble/local/lib/python3.10/dist-packages'), ('COLCON', '1'), ('CMAKE_PREFIX_PATH', '/home/jackfeels/turtlebot3_ws/install/turtlebot3:/home/jackfeels/turtlebot3_ws/install/turtlebot3_bringup:/home/jackfeels/turtlebot3_ws/install/turtlebot3_node:/home/jackfeels/turtlebot3_ws/install/turtlebot3_navigation2:/home/jackfeels/turtlebot3_ws/install/turtlebot3_msgs:/home/jackfeels/turtlebot3_ws/install/turtlebot3_description:/home/jackfeels/turtlebot3_ws/install/turtlebot3_cartographer:/home/jackfeels/turtlebot3_ws/install/dynamixel_sdk_examples:/home/jackfeels/turtlebot3_ws/install/dynamixel_sdk_custom_interfaces:/home/jackfeels/turtlebot3_ws/install/dynamixel_sdk')]), 'shell': False}
[0.661451] (tb3_interfaces) StdoutLine: {'line': b'-- Install configuration: ""\n'}
[0.661558] (tb3_interfaces) StdoutLine: {'line': b'-- Up-to-date: /home/jackfeels/Documents/PROYECTO_TURTLEBOT/install/tb3_interfaces/share/ament_index/resource_index/rosidl_interfaces/tb3_interfaces\n'}
[0.661614] (tb3_interfaces) StdoutLine: {'line': b'-- Up-to-date: /home/jackfeels/Documents/PROYECTO_TURTLEBOT/install/tb3_interfaces/include/tb3_interfaces/tb3_interfaces\n'}
[0.661664] (tb3_interfaces) StdoutLine: {'line': b'-- Up-to-date: /home/jackfeels/Documents/PROYECTO_TURTLEBOT/install/tb3_interfaces/include/tb3_interfaces/tb3_interfaces/msg\n'}
[0.661695] (tb3_interfaces) StdoutLine: {'line': b'-- Up-to-date: /home/jackfeels/Documents/PROYECTO_TURTLEBOT/install/tb3_interfaces/include/tb3_interfaces/tb3_interfaces/msg/rosidl_generator_c__visibility_control.h\n'}
[0.661726] (tb3_interfaces) StdoutLine: {'line': b'-- Up-to-date: /home/jackfeels/Documents/PROYECTO_TURTLEBOT/install/tb3_interfaces/include/tb3_interfaces/tb3_interfaces/msg/tracked_person_array.h\n'}
[0.661757] (tb3_interfaces) StdoutLine: {'line': b'-- Up-to-date: /home/jackfeels/Documents/PROYECTO_TURTLEBOT/install/tb3_interfaces/include/tb3_interfaces/tb3_interfaces/msg/tracked_person.h\n'}
[0.661787] (tb3_interfaces) StdoutLine: {'line': b'-- Up-to-date: /home/jackfeels/Documents/PROYECTO_TURTLEBOT/install/tb3_interfaces/include/tb3_interfaces/tb3_interfaces/msg/detail\n'}
[0.661817] (tb3_interfaces) StdoutLine: {'line': b'-- Up-to-date: /home/jackfeels/Documents/PROYECTO_TURTLEBOT/install/tb3_interfaces/include/tb3_interfaces/tb3_interfaces/msg/detail/tracked_person_array__functions.h\n'}
[0.665028] (tb3_interfaces) StdoutLine: {'line': b'-- Up-to-date: /home/jackfeels/Documents/PROYECTO_TURTLEBOT/install/tb3_interfaces/include/tb3_interfaces/tb3_interfaces/msg/detail/target_info__functions.c\n'}
[0.665614] (tb3_interfaces) StdoutLine: {'line': b'-- Up-to-date: /home/jackfeels/Documents/PROYECTO_TURTLEBOT/install/tb3_interfaces/include/tb3_interfaces/tb3_interfaces/msg/detail/tracked_person_array__functions.c\n'}
[0.665938] (tb3_interfaces) StdoutLine: {'line': b'-- Up-to-date: /home/jackfeels/Documents/PROYECTO_TURTLEBOT/install/tb3_interfaces/include/tb3_interfaces/tb3_interfaces/msg/detail/tracked_person__functions.h\n'}
[0.666212] (tb3_interfaces) StdoutLine: {'line': b'-- Up-to-date: /home/jackfeels/Documents/PROYECTO_TURTLEBOT/install/tb3_interfaces/include/tb3_interfaces/tb3_interfaces/msg/detail/target_info__functions.h\n'}
[0.666595] (tb3_interfaces) StdoutLine: {'line': b'-- Up-to-date: /home/jackfeels/Documents/PROYECTO_TURTLEBOT/install/tb3_interfaces/include/tb3_interfaces/tb3_interfaces/msg/detail/tracked_person__struct.h\n'}
[0.666902] (tb3_interfaces) StdoutLine: {'line': b'-- Up-to-date: /home/jackfeels/Documents/PROYECTO_TURTLEBOT/install/tb3_interfaces/include/tb3_interfaces/tb3_interfaces/msg/detail/tracked_person__functions.c\n'}
[0.667187] (tb3_interfaces) StdoutLine: {'line': b'-- Up-to-date: /home/jackfeels/Documents/PROYECTO_TURTLEBOT/install/tb3_interfaces/include/tb3_interfaces/tb3_interfaces/msg/detail/tracked_person_array__type_support.h\n'}
[0.667468] (tb3_interfaces) StdoutLine: {'line': b'-- Up-to-date: /home/jackfeels/Documents/PROYECTO_TURTLEBOT/install/tb3_interfaces/include/tb3_interfaces/tb3_interfaces/msg/detail/tracked_person_array__struct.h\n'}
[0.667784] (tb3_interfaces) StdoutLine: {'line': b'-- Up-to-date: /home/jackfeels/Documents/PROYECTO_TURTLEBOT/install/tb3_interfaces/include/tb3_interfaces/tb3_interfaces/msg/detail/target_info__type_support.h\n'}
[0.668088] (tb3_interfaces) StdoutLine: {'line': b'-- Up-to-date: /home/jackfeels/Documents/PROYECTO_TURTLEBOT/install/tb3_interfaces/include/tb3_interfaces/tb3_interfaces/msg/detail/target_info__struct.h\n'}
[0.668375] (tb3_interfaces) StdoutLine: {'line': b'-- Up-to-date: /home/jackfeels/Documents/PROYECTO_TURTLEBOT/install/tb3_interfaces/include/tb3_interfaces/tb3_interfaces/msg/detail/tracked_person__type_support.h\n'}
[0.668804] (tb3_interfaces) StdoutLine: {'line': b'-- Up-to-date: /home/jackfeels/Documents/PROYECTO_TURTLEBOT/install/tb3_interfaces/include/tb3_interfaces/tb3_interfaces/msg/target_info.h\n'}
[0.669191] (tb3_interfaces) StdoutLine: {'line': b'-- Up-to-date: /home/jackfeels/Documents/PROYECTO_TURTLEBOT/install/tb3_interfaces/share/tb3_interfaces/environment/library_path.sh\n'}
[0.669552] (tb3_interfaces) StdoutLine: {'line': b'-- Up-to-date: /home/jackfeels/Documents/PROYECTO_TURTLEBOT/install/tb3_interfaces/share/tb3_interfaces/environment/library_path.dsv\n'}
[0.670113] (tb3_interfaces) StdoutLine: {'line': b'-- Up-to-date: /home/jackfeels/Documents/PROYECTO_TURTLEBOT/install/tb3_interfaces/lib/libtb3_interfaces__rosidl_generator_c.so\n'}
[0.670603] (tb3_interfaces) StdoutLine: {'line': b'-- Up-to-date: /home/jackfeels/Documents/PROYECTO_TURTLEBOT/install/tb3_interfaces/include/tb3_interfaces/tb3_interfaces\n'}
[0.670948] (tb3_interfaces) StdoutLine: {'line': b'-- Up-to-date: /home/jackfeels/Documents/PROYECTO_TURTLEBOT/install/tb3_interfaces/include/tb3_interfaces/tb3_interfaces/msg\n'}
[0.671299] (tb3_interfaces) StdoutLine: {'line': b'-- Up-to-date: /home/jackfeels/Documents/PROYECTO_TURTLEBOT/install/tb3_interfaces/include/tb3_interfaces/tb3_interfaces/msg/rosidl_typesupport_fastrtps_c__visibility_control.h\n'}
[0.671606] (tb3_interfaces) StdoutLine: {'line': b'-- Up-to-date: /home/jackfeels/Documents/PROYECTO_TURTLEBOT/install/tb3_interfaces/include/tb3_interfaces/tb3_interfaces/msg/detail\n'}
[0.671952] (tb3_interfaces) StdoutLine: {'line': b'-- Up-to-date: /home/jackfeels/Documents/PROYECTO_TURTLEBOT/install/tb3_interfaces/include/tb3_interfaces/tb3_interfaces/msg/detail/tracked_person__rosidl_typesupport_fastrtps_c.h\n'}
[0.672264] (tb3_interfaces) StdoutLine: {'line': b'-- Up-to-date: /home/jackfeels/Documents/PROYECTO_TURTLEBOT/install/tb3_interfaces/include/tb3_interfaces/tb3_interfaces/msg/detail/target_info__rosidl_typesupport_fastrtps_c.h\n'}
[0.672573] (tb3_interfaces) StdoutLine: {'line': b'-- Up-to-date: /home/jackfeels/Documents/PROYECTO_TURTLEBOT/install/tb3_interfaces/include/tb3_interfaces/tb3_interfaces/msg/detail/tracked_person_array__rosidl_typesupport_fastrtps_c.h\n'}
[0.673041] (tb3_interfaces) StdoutLine: {'line': b'-- Up-to-date: /home/jackfeels/Documents/PROYECTO_TURTLEBOT/install/tb3_interfaces/lib/libtb3_interfaces__rosidl_typesupport_fastrtps_c.so\n'}
[0.673521] (tb3_interfaces) StdoutLine: {'line': b'-- Up-to-date: /home/jackfeels/Documents/PROYECTO_TURTLEBOT/install/tb3_interfaces/include/tb3_interfaces/tb3_interfaces\n'}
[0.674020] (tb3_interfaces) StdoutLine: {'line': b'-- Up-to-date: /home/jackfeels/Documents/PROYECTO_TURTLEBOT/install/tb3_interfaces/include/tb3_interfaces/tb3_interfaces/msg\n'}
[0.674531] (tb3_interfaces) StdoutLine: {'line': b'-- Up-to-date: /home/jackfeels/Documents/PROYECTO_TURTLEBOT/install/tb3_interfaces/include/tb3_interfaces/tb3_interfaces/msg/detail\n'}
[0.674986] (tb3_interfaces) StdoutLine: {'line': b'-- Up-to-date: /home/jackfeels/Documents/PROYECTO_TURTLEBOT/install/tb3_interfaces/include/tb3_interfaces/tb3_interfaces/msg/detail/tracked_person__rosidl_typesupport_introspection_c.h\n'}
[0.675877] (tb3_interfaces) StdoutLine: {'line': b'-- Up-to-date: /home/jackfeels/Documents/PROYECTO_TURTLEBOT/install/tb3_interfaces/include/tb3_interfaces/tb3_interfaces/msg/detail/tracked_person_array__type_support.c\n'}
[0.676324] (tb3_interfaces) StdoutLine: {'line': b'-- Up-to-date: /home/jackfeels/Documents/PROYECTO_TURTLEBOT/install/tb3_interfaces/include/tb3_interfaces/tb3_interfaces/msg/detail/target_info__rosidl_typesupport_introspection_c.h\n'}
[0.676760] (tb3_interfaces) StdoutLine: {'line': b'-- Up-to-date: /home/jackfeels/Documents/PROYECTO_TURTLEBOT/install/tb3_interfaces/include/tb3_interfaces/tb3_interfaces/msg/detail/tracked_person__type_support.c\n'}
[0.677104] (tb3_interfaces) StdoutLine: {'line': b'-- Up-to-date: /home/jackfeels/Documents/PROYECTO_TURTLEBOT/install/tb3_interfaces/include/tb3_interfaces/tb3_interfaces/msg/detail/target_info__type_support.c\n'}
[0.677400] (tb3_interfaces) StdoutLine: {'line': b'-- Up-to-date: /home/jackfeels/Documents/PROYECTO_TURTLEBOT/install/tb3_interfaces/include/tb3_interfaces/tb3_interfaces/msg/detail/tracked_person_array__rosidl_typesupport_introspection_c.h\n'}
[0.677727] (tb3_interfaces) StdoutLine: {'line': b'-- Up-to-date: /home/jackfeels/Documents/PROYECTO_TURTLEBOT/install/tb3_interfaces/include/tb3_interfaces/tb3_interfaces/msg/rosidl_typesupport_introspection_c__visibility_control.h\n'}
[0.678221] (tb3_interfaces) StdoutLine: {'line': b'-- Up-to-date: /home/jackfeels/Documents/PROYECTO_TURTLEBOT/install/tb3_interfaces/lib/libtb3_interfaces__rosidl_typesupport_introspection_c.so\n'}
[0.678720] (tb3_interfaces) StdoutLine: {'line': b'-- Up-to-date: /home/jackfeels/Documents/PROYECTO_TURTLEBOT/install/tb3_interfaces/lib/libtb3_interfaces__rosidl_typesupport_c.so\n'}
[0.679172] (tb3_interfaces) StdoutLine: {'line': b'-- Up-to-date: /home/jackfeels/Documents/PROYECTO_TURTLEBOT/install/tb3_interfaces/include/tb3_interfaces/tb3_interfaces\n'}
[0.679561] (tb3_interfaces) StdoutLine: {'line': b'-- Up-to-date: /home/jackfeels/Documents/PROYECTO_TURTLEBOT/install/tb3_interfaces/include/tb3_interfaces/tb3_interfaces/msg\n'}
[0.679940] (tb3_interfaces) StdoutLine: {'line': b'-- Up-to-date: /home/jackfeels/Documents/PROYECTO_TURTLEBOT/install/tb3_interfaces/include/tb3_interfaces/tb3_interfaces/msg/tracked_person.hpp\n'}
[0.679980] (tb3_interfaces) StdoutLine: {'line': b'-- Up-to-date: /home/jackfeels/Documents/PROYECTO_TURTLEBOT/install/tb3_interfaces/include/tb3_interfaces/tb3_interfaces/msg/rosidl_generator_cpp__visibility_control.hpp\n'}
[0.680011] (tb3_interfaces) StdoutLine: {'line': b'-- Up-to-date: /home/jackfeels/Documents/PROYECTO_TURTLEBOT/install/tb3_interfaces/include/tb3_interfaces/tb3_interfaces/msg/target_info.hpp\n'}
[0.680040] (tb3_interfaces) StdoutLine: {'line': b'-- Up-to-date: /home/jackfeels/Documents/PROYECTO_TURTLEBOT/install/tb3_interfaces/include/tb3_interfaces/tb3_interfaces/msg/detail\n'}
[0.680763] (tb3_interfaces) StdoutLine: {'line': b'-- Up-to-date: /home/jackfeels/Documents/PROYECTO_TURTLEBOT/install/tb3_interfaces/include/tb3_interfaces/tb3_interfaces/msg/detail/target_info__struct.hpp\n'}
[0.680846] (tb3_interfaces) StdoutLine: {'line': b'-- Up-to-date: /home/jackfeels/Documents/PROYECTO_TURTLEBOT/install/tb3_interfaces/include/tb3_interfaces/tb3_interfaces/msg/detail/tracked_person__builder.hpp\n'}
[0.680917] (tb3_interfaces) StdoutLine: {'line': b'-- Up-to-date: /home/jackfeels/Documents/PROYECTO_TURTLEBOT/install/tb3_interfaces/include/tb3_interfaces/tb3_interfaces/msg/detail/target_info__type_support.hpp\n'}
[0.680989] (tb3_interfaces) StdoutLine: {'line': b'-- Up-to-date: /home/jackfeels/Documents/PROYECTO_TURTLEBOT/install/tb3_interfaces/include/tb3_interfaces/tb3_interfaces/msg/detail/tracked_person_array__type_support.hpp\n'}
[0.681061] (tb3_interfaces) StdoutLine: {'line': b'-- Up-to-date: /home/jackfeels/Documents/PROYECTO_TURTLEBOT/install/tb3_interfaces/include/tb3_interfaces/tb3_interfaces/msg/detail/tracked_person__type_support.hpp\n'}
[0.681139] (tb3_interfaces) StdoutLine: {'line': b'-- Up-to-date: /home/jackfeels/Documents/PROYECTO_TURTLEBOT/install/tb3_interfaces/include/tb3_interfaces/tb3_interfaces/msg/detail/tracked_person__struct.hpp\n'}
[0.681232] (tb3_interfaces) StdoutLine: {'line': b'-- Up-to-date: /home/jackfeels/Documents/PROYECTO_TURTLEBOT/install/tb3_interfaces/include/tb3_interfaces/tb3_interfaces/msg/detail/tracked_person_array__struct.hpp\n'}
[0.681329] (tb3_interfaces) StdoutLine: {'line': b'-- Up-to-date: /home/jackfeels/Documents/PROYECTO_TURTLEBOT/install/tb3_interfaces/include/tb3_interfaces/tb3_interfaces/msg/detail/tracked_person__traits.hpp\n'}
[0.681414] (tb3_interfaces) StdoutLine: {'line': b'-- Up-to-date: /home/jackfeels/Documents/PROYECTO_TURTLEBOT/install/tb3_interfaces/include/tb3_interfaces/tb3_interfaces/msg/detail/target_info__builder.hpp\n'}
[0.681508] (tb3_interfaces) StdoutLine: {'line': b'-- Up-to-date: /home/jackfeels/Documents/PROYECTO_TURTLEBOT/install/tb3_interfaces/include/tb3_interfaces/tb3_interfaces/msg/detail/tracked_person_array__builder.hpp\n'}
[0.681576] (tb3_interfaces) StdoutLine: {'line': b'-- Up-to-date: /home/jackfeels/Documents/PROYECTO_TURTLEBOT/install/tb3_interfaces/include/tb3_interfaces/tb3_interfaces/msg/detail/target_info__traits.hpp\n'}
[0.681646] (tb3_interfaces) StdoutLine: {'line': b'-- Up-to-date: /home/jackfeels/Documents/PROYECTO_TURTLEBOT/install/tb3_interfaces/include/tb3_interfaces/tb3_interfaces/msg/detail/tracked_person_array__traits.hpp\n'}
[0.681755] (tb3_interfaces) StdoutLine: {'line': b'-- Up-to-date: /home/jackfeels/Documents/PROYECTO_TURTLEBOT/install/tb3_interfaces/include/tb3_interfaces/tb3_interfaces/msg/tracked_person_array.hpp\n'}
[0.681848] (tb3_interfaces) StdoutLine: {'line': b'-- Up-to-date: /home/jackfeels/Documents/PROYECTO_TURTLEBOT/install/tb3_interfaces/include/tb3_interfaces/tb3_interfaces\n'}
[0.681953] (tb3_interfaces) StdoutLine: {'line': b'-- Up-to-date: /home/jackfeels/Documents/PROYECTO_TURTLEBOT/install/tb3_interfaces/include/tb3_interfaces/tb3_interfaces/msg\n'}
[0.682071] (tb3_interfaces) StdoutLine: {'line': b'-- Up-to-date: /home/jackfeels/Documents/PROYECTO_TURTLEBOT/install/tb3_interfaces/include/tb3_interfaces/tb3_interfaces/msg/detail\n'}
[0.682154] (tb3_interfaces) StdoutLine: {'line': b'-- Up-to-date: /home/jackfeels/Documents/PROYECTO_TURTLEBOT/install/tb3_interfaces/include/tb3_interfaces/tb3_interfaces/msg/detail/dds_fastrtps\n'}
[0.682251] (tb3_interfaces) StdoutLine: {'line': b'-- Up-to-date: /home/jackfeels/Documents/PROYECTO_TURTLEBOT/install/tb3_interfaces/include/tb3_interfaces/tb3_interfaces/msg/detail/target_info__rosidl_typesupport_fastrtps_cpp.hpp\n'}
[0.682356] (tb3_interfaces) StdoutLine: {'line': b'-- Up-to-date: /home/jackfeels/Documents/PROYECTO_TURTLEBOT/install/tb3_interfaces/include/tb3_interfaces/tb3_interfaces/msg/detail/tracked_person_array__rosidl_typesupport_fastrtps_cpp.hpp\n'}
[0.686671] (tb3_interfaces) StdoutLine: {'line': b'-- Up-to-date: /home/jackfeels/Documents/PROYECTO_TURTLEBOT/install/tb3_interfaces/include/tb3_interfaces/tb3_interfaces/msg/detail/tracked_person__rosidl_typesupport_fastrtps_cpp.hpp\n'}
[0.686750] (tb3_interfaces) StdoutLine: {'line': b'-- Up-to-date: /home/jackfeels/Documents/PROYECTO_TURTLEBOT/install/tb3_interfaces/include/tb3_interfaces/tb3_interfaces/msg/rosidl_typesupport_fastrtps_cpp__visibility_control.h\n'}
[0.686940] (tb3_interfaces) StdoutLine: {'line': b'-- Up-to-date: /home/jackfeels/Documents/PROYECTO_TURTLEBOT/install/tb3_interfaces/lib/libtb3_interfaces__rosidl_typesupport_fastrtps_cpp.so\n'}
[0.687113] (tb3_interfaces) StdoutLine: {'line': b'-- Up-to-date: /home/jackfeels/Documents/PROYECTO_TURTLEBOT/install/tb3_interfaces/include/tb3_interfaces/tb3_interfaces\n'}
[0.687334] (tb3_interfaces) StdoutLine: {'line': b'-- Up-to-date: /home/jackfeels/Documents/PROYECTO_TURTLEBOT/install/tb3_interfaces/include/tb3_interfaces/tb3_interfaces/msg\n'}
[0.687412] (tb3_interfaces) StdoutLine: {'line': b'-- Up-to-date: /home/jackfeels/Documents/PROYECTO_TURTLEBOT/install/tb3_interfaces/include/tb3_interfaces/tb3_interfaces/msg/detail\n'}
[0.687485] (tb3_interfaces) StdoutLine: {'line': b'-- Up-to-date: /home/jackfeels/Documents/PROYECTO_TURTLEBOT/install/tb3_interfaces/include/tb3_interfaces/tb3_interfaces/msg/detail/tracked_person__rosidl_typesupport_introspection_cpp.hpp\n'}
[0.687551] (tb3_interfaces) StdoutLine: {'line': b'-- Up-to-date: /home/jackfeels/Documents/PROYECTO_TURTLEBOT/install/tb3_interfaces/include/tb3_interfaces/tb3_interfaces/msg/detail/tracked_person__type_support.cpp\n'}
[0.687619] (tb3_interfaces) StdoutLine: {'line': b'-- Up-to-date: /home/jackfeels/Documents/PROYECTO_TURTLEBOT/install/tb3_interfaces/include/tb3_interfaces/tb3_interfaces/msg/detail/target_info__rosidl_typesupport_introspection_cpp.hpp\n'}
[0.687698] (tb3_interfaces) StdoutLine: {'line': b'-- Up-to-date: /home/jackfeels/Documents/PROYECTO_TURTLEBOT/install/tb3_interfaces/include/tb3_interfaces/tb3_interfaces/msg/detail/target_info__type_support.cpp\n'}
[0.687780] (tb3_interfaces) StdoutLine: {'line': b'-- Up-to-date: /home/jackfeels/Documents/PROYECTO_TURTLEBOT/install/tb3_interfaces/include/tb3_interfaces/tb3_interfaces/msg/detail/tracked_person_array__type_support.cpp\n'}
[0.687849] (tb3_interfaces) StdoutLine: {'line': b'-- Up-to-date: /home/jackfeels/Documents/PROYECTO_TURTLEBOT/install/tb3_interfaces/include/tb3_interfaces/tb3_interfaces/msg/detail/tracked_person_array__rosidl_typesupport_introspection_cpp.hpp\n'}
[0.688037] (tb3_interfaces) StdoutLine: {'line': b'-- Up-to-date: /home/jackfeels/Documents/PROYECTO_TURTLEBOT/install/tb3_interfaces/lib/libtb3_interfaces__rosidl_typesupport_introspection_cpp.so\n'}
[0.688254] (tb3_interfaces) StdoutLine: {'line': b'-- Up-to-date: /home/jackfeels/Documents/PROYECTO_TURTLEBOT/install/tb3_interfaces/lib/libtb3_interfaces__rosidl_typesupport_cpp.so\n'}
[0.688421] (tb3_interfaces) StdoutLine: {'line': b'-- Up-to-date: /home/jackfeels/Documents/PROYECTO_TURTLEBOT/install/tb3_interfaces/share/tb3_interfaces/environment/pythonpath.sh\n'}
[0.688511] (tb3_interfaces) StdoutLine: {'line': b'-- Up-to-date: /home/jackfeels/Documents/PROYECTO_TURTLEBOT/install/tb3_interfaces/share/tb3_interfaces/environment/pythonpath.dsv\n'}
[0.688608] (tb3_interfaces) StdoutLine: {'line': b'-- Up-to-date: /home/jackfeels/Documents/PROYECTO_TURTLEBOT/install/tb3_interfaces/local/lib/python3.10/dist-packages/tb3_interfaces-0.0.1-py3.10.egg-info\n'}
[0.688718] (tb3_interfaces) StdoutLine: {'line': b'-- Installing: /home/jackfeels/Documents/PROYECTO_TURTLEBOT/install/tb3_interfaces/local/lib/python3.10/dist-packages/tb3_interfaces-0.0.1-py3.10.egg-info/dependency_links.txt\n'}
[0.688954] (tb3_interfaces) StdoutLine: {'line': b'-- Installing: /home/jackfeels/Documents/PROYECTO_TURTLEBOT/install/tb3_interfaces/local/lib/python3.10/dist-packages/tb3_interfaces-0.0.1-py3.10.egg-info/top_level.txt\n'}
[0.689099] (tb3_interfaces) StdoutLine: {'line': b'-- Installing: /home/jackfeels/Documents/PROYECTO_TURTLEBOT/install/tb3_interfaces/local/lib/python3.10/dist-packages/tb3_interfaces-0.0.1-py3.10.egg-info/PKG-INFO\n'}
[0.689254] (tb3_interfaces) StdoutLine: {'line': b'-- Installing: /home/jackfeels/Documents/PROYECTO_TURTLEBOT/install/tb3_interfaces/local/lib/python3.10/dist-packages/tb3_interfaces-0.0.1-py3.10.egg-info/SOURCES.txt\n'}
[0.689418] (tb3_interfaces) StdoutLine: {'line': b'-- Up-to-date: /home/jackfeels/Documents/PROYECTO_TURTLEBOT/install/tb3_interfaces/local/lib/python3.10/dist-packages/tb3_interfaces\n'}
[0.689500] (tb3_interfaces) StdoutLine: {'line': b'-- Up-to-date: /home/jackfeels/Documents/PROYECTO_TURTLEBOT/install/tb3_interfaces/local/lib/python3.10/dist-packages/tb3_interfaces/msg\n'}
[0.689580] (tb3_interfaces) StdoutLine: {'line': b'-- Up-to-date: /home/jackfeels/Documents/PROYECTO_TURTLEBOT/install/tb3_interfaces/local/lib/python3.10/dist-packages/tb3_interfaces/msg/_target_info_s.c\n'}
[0.689648] (tb3_interfaces) StdoutLine: {'line': b'-- Up-to-date: /home/jackfeels/Documents/PROYECTO_TURTLEBOT/install/tb3_interfaces/local/lib/python3.10/dist-packages/tb3_interfaces/msg/_target_info.py\n'}
[0.689716] (tb3_interfaces) StdoutLine: {'line': b'-- Up-to-date: /home/jackfeels/Documents/PROYECTO_TURTLEBOT/install/tb3_interfaces/local/lib/python3.10/dist-packages/tb3_interfaces/msg/_tracked_person_array_s.c\n'}
[0.689783] (tb3_interfaces) StdoutLine: {'line': b'-- Up-to-date: /home/jackfeels/Documents/PROYECTO_TURTLEBOT/install/tb3_interfaces/local/lib/python3.10/dist-packages/tb3_interfaces/msg/_tracked_person_array.py\n'}
[0.689852] (tb3_interfaces) StdoutLine: {'line': b'-- Up-to-date: /home/jackfeels/Documents/PROYECTO_TURTLEBOT/install/tb3_interfaces/local/lib/python3.10/dist-packages/tb3_interfaces/msg/__init__.py\n'}
[0.689918] (tb3_interfaces) StdoutLine: {'line': b'-- Up-to-date: /home/jackfeels/Documents/PROYECTO_TURTLEBOT/install/tb3_interfaces/local/lib/python3.10/dist-packages/tb3_interfaces/msg/_tracked_person_s.c\n'}
[0.690011] (tb3_interfaces) StdoutLine: {'line': b'-- Up-to-date: /home/jackfeels/Documents/PROYECTO_TURTLEBOT/install/tb3_interfaces/local/lib/python3.10/dist-packages/tb3_interfaces/msg/_tracked_person.py\n'}
[0.690048] (tb3_interfaces) StdoutLine: {'line': b'-- Up-to-date: /home/jackfeels/Documents/PROYECTO_TURTLEBOT/install/tb3_interfaces/local/lib/python3.10/dist-packages/tb3_interfaces/_tb3_interfaces_s.ep.rosidl_typesupport_fastrtps_c.c\n'}
[0.690122] (tb3_interfaces) StdoutLine: {'line': b'-- Up-to-date: /home/jackfeels/Documents/PROYECTO_TURTLEBOT/install/tb3_interfaces/local/lib/python3.10/dist-packages/tb3_interfaces/libtb3_interfaces__rosidl_generator_py.so\n'}
[0.690196] (tb3_interfaces) StdoutLine: {'line': b'-- Up-to-date: /home/jackfeels/Documents/PROYECTO_TURTLEBOT/install/tb3_interfaces/local/lib/python3.10/dist-packages/tb3_interfaces/_tb3_interfaces_s.ep.rosidl_typesupport_introspection_c.c\n'}
[0.690269] (tb3_interfaces) StdoutLine: {'line': b'-- Up-to-date: /home/jackfeels/Documents/PROYECTO_TURTLEBOT/install/tb3_interfaces/local/lib/python3.10/dist-packages/tb3_interfaces/tb3_interfaces_s__rosidl_typesupport_c.cpython-310-aarch64-linux-gnu.so\n'}
[0.690343] (tb3_interfaces) StdoutLine: {'line': b'-- Up-to-date: /home/jackfeels/Documents/PROYECTO_TURTLEBOT/install/tb3_interfaces/local/lib/python3.10/dist-packages/tb3_interfaces/tb3_interfaces_s__rosidl_typesupport_fastrtps_c.cpython-310-aarch64-linux-gnu.so\n'}
[0.690415] (tb3_interfaces) StdoutLine: {'line': b'-- Up-to-date: /home/jackfeels/Documents/PROYECTO_TURTLEBOT/install/tb3_interfaces/local/lib/python3.10/dist-packages/tb3_interfaces/__init__.py\n'}
[0.690487] (tb3_interfaces) StdoutLine: {'line': b'-- Up-to-date: /home/jackfeels/Documents/PROYECTO_TURTLEBOT/install/tb3_interfaces/local/lib/python3.10/dist-packages/tb3_interfaces/tb3_interfaces_s__rosidl_typesupport_introspection_c.cpython-310-aarch64-linux-gnu.so\n'}
[0.690562] (tb3_interfaces) StdoutLine: {'line': b'-- Up-to-date: /home/jackfeels/Documents/PROYECTO_TURTLEBOT/install/tb3_interfaces/local/lib/python3.10/dist-packages/tb3_interfaces/_tb3_interfaces_s.ep.rosidl_typesupport_c.c\n'}
[0.706908] (-) TimerEvent: {}
[0.724332] (tb3_interfaces) StdoutLine: {'line': b"Listing '/home/jackfeels/Documents/PROYECTO_TURTLEBOT/install/tb3_interfaces/local/lib/python3.10/dist-packages/tb3_interfaces'...\n"}
[0.724445] (tb3_interfaces) StdoutLine: {'line': b"Listing '/home/jackfeels/Documents/PROYECTO_TURTLEBOT/install/tb3_interfaces/local/lib/python3.10/dist-packages/tb3_interfaces/msg'...\n"}
[0.728843] (tb3_interfaces) StdoutLine: {'line': b'-- Up-to-date: /home/jackfeels/Documents/PROYECTO_TURTLEBOT/install/tb3_interfaces/local/lib/python3.10/dist-packages/tb3_interfaces/tb3_interfaces_s__rosidl_typesupport_fastrtps_c.cpython-310-aarch64-linux-gnu.so\n'}
[0.734338] (tb3_interfaces) StdoutLine: {'line': b'-- Up-to-date: /home/jackfeels/Documents/PROYECTO_TURTLEBOT/install/tb3_interfaces/local/lib/python3.10/dist-packages/tb3_interfaces/tb3_interfaces_s__rosidl_typesupport_introspection_c.cpython-310-aarch64-linux-gnu.so\n'}
[0.734479] (tb3_interfaces) StdoutLine: {'line': b'-- Up-to-date: /home/jackfeels/Documents/PROYECTO_TURTLEBOT/install/tb3_interfaces/local/lib/python3.10/dist-packages/tb3_interfaces/tb3_interfaces_s__rosidl_typesupport_c.cpython-310-aarch64-linux-gnu.so\n'}
[0.734552] (tb3_interfaces) StdoutLine: {'line': b'-- Up-to-date: /home/jackfeels/Documents/PROYECTO_TURTLEBOT/install/tb3_interfaces/lib/libtb3_interfaces__rosidl_generator_py.so\n'}
[0.734613] (tb3_interfaces) StdoutLine: {'line': b'-- Up-to-date: /home/jackfeels/Documents/PROYECTO_TURTLEBOT/install/tb3_interfaces/share/ament_index/resource_index/rust_packages/tb3_interfaces\n'}
[0.734672] (tb3_interfaces) StdoutLine: {'line': b'-- Up-to-date: /home/jackfeels/Documents/PROYECTO_TURTLEBOT/install/tb3_interfaces/share/tb3_interfaces/rust\n'}
[0.734731] (tb3_interfaces) StdoutLine: {'line': b'-- Up-to-date: /home/jackfeels/Documents/PROYECTO_TURTLEBOT/install/tb3_interfaces/share/tb3_interfaces/rust/Cargo.toml\n'}
[0.734787] (tb3_interfaces) StdoutLine: {'line': b'-- Up-to-date: /home/jackfeels/Documents/PROYECTO_TURTLEBOT/install/tb3_interfaces/share/tb3_interfaces/rust/build.rs\n'}
[0.734847] (tb3_interfaces) StdoutLine: {'line': b'-- Up-to-date: /home/jackfeels/Documents/PROYECTO_TURTLEBOT/install/tb3_interfaces/share/tb3_interfaces/rust/src\n'}
[0.734911] (tb3_interfaces) StdoutLine: {'line': b'-- Up-to-date: /home/jackfeels/Documents/PROYECTO_TURTLEBOT/install/tb3_interfaces/share/tb3_interfaces/rust/src/msg\n'}
[0.734973] (tb3_interfaces) StdoutLine: {'line': b'-- Up-to-date: /home/jackfeels/Documents/PROYECTO_TURTLEBOT/install/tb3_interfaces/share/tb3_interfaces/rust/src/msg/rmw.rs\n'}
[0.735047] (tb3_interfaces) StdoutLine: {'line': b'-- Up-to-date: /home/jackfeels/Documents/PROYECTO_TURTLEBOT/install/tb3_interfaces/share/tb3_interfaces/rust/src/lib.rs\n'}
[0.735129] (tb3_interfaces) StdoutLine: {'line': b'-- Up-to-date: /home/jackfeels/Documents/PROYECTO_TURTLEBOT/install/tb3_interfaces/share/tb3_interfaces/rust/src/msg.rs\n'}
[0.735192] (tb3_interfaces) StdoutLine: {'line': b'-- Up-to-date: /home/jackfeels/Documents/PROYECTO_TURTLEBOT/install/tb3_interfaces/share/tb3_interfaces/msg/TrackedPerson.idl\n'}
[0.735231] (tb3_interfaces) StdoutLine: {'line': b'-- Up-to-date: /home/jackfeels/Documents/PROYECTO_TURTLEBOT/install/tb3_interfaces/share/tb3_interfaces/msg/TrackedPersonArray.idl\n'}
[0.735262] (tb3_interfaces) StdoutLine: {'line': b'-- Up-to-date: /home/jackfeels/Documents/PROYECTO_TURTLEBOT/install/tb3_interfaces/share/tb3_interfaces/msg/TargetInfo.idl\n'}
[0.735314] (tb3_interfaces) StdoutLine: {'line': b'-- Up-to-date: /home/jackfeels/Documents/PROYECTO_TURTLEBOT/install/tb3_interfaces/share/tb3_interfaces/msg/TrackedPerson.msg\n'}
[0.735372] (tb3_interfaces) StdoutLine: {'line': b'-- Up-to-date: /home/jackfeels/Documents/PROYECTO_TURTLEBOT/install/tb3_interfaces/share/tb3_interfaces/msg/TrackedPersonArray.msg\n'}
[0.735420] (tb3_interfaces) StdoutLine: {'line': b'-- Up-to-date: /home/jackfeels/Documents/PROYECTO_TURTLEBOT/install/tb3_interfaces/share/tb3_interfaces/msg/TargetInfo.msg\n'}
[0.735472] (tb3_interfaces) StdoutLine: {'line': b'-- Up-to-date: /home/jackfeels/Documents/PROYECTO_TURTLEBOT/install/tb3_interfaces/share/ament_index/resource_index/package_run_dependencies/tb3_interfaces\n'}
[0.735524] (tb3_interfaces) StdoutLine: {'line': b'-- Up-to-date: /home/jackfeels/Documents/PROYECTO_TURTLEBOT/install/tb3_interfaces/share/ament_index/resource_index/parent_prefix_path/tb3_interfaces\n'}
[0.735569] (tb3_interfaces) StdoutLine: {'line': b'-- Up-to-date: /home/jackfeels/Documents/PROYECTO_TURTLEBOT/install/tb3_interfaces/share/tb3_interfaces/environment/ament_prefix_path.sh\n'}
[0.735617] (tb3_interfaces) StdoutLine: {'line': b'-- Up-to-date: /home/jackfeels/Documents/PROYECTO_TURTLEBOT/install/tb3_interfaces/share/tb3_interfaces/environment/ament_prefix_path.dsv\n'}
[0.735650] (tb3_interfaces) StdoutLine: {'line': b'-- Up-to-date: /home/jackfeels/Documents/PROYECTO_TURTLEBOT/install/tb3_interfaces/share/tb3_interfaces/environment/path.sh\n'}
[0.735686] (tb3_interfaces) StdoutLine: {'line': b'-- Up-to-date: /home/jackfeels/Documents/PROYECTO_TURTLEBOT/install/tb3_interfaces/share/tb3_interfaces/environment/path.dsv\n'}
[0.735731] (tb3_interfaces) StdoutLine: {'line': b'-- Up-to-date: /home/jackfeels/Documents/PROYECTO_TURTLEBOT/install/tb3_interfaces/share/tb3_interfaces/local_setup.bash\n'}
[0.735770] (tb3_interfaces) StdoutLine: {'line': b'-- Up-to-date: /home/jackfeels/Documents/PROYECTO_TURTLEBOT/install/tb3_interfaces/share/tb3_interfaces/local_setup.sh\n'}
[0.735814] (tb3_interfaces) StdoutLine: {'line': b'-- Up-to-date: /home/jackfeels/Documents/PROYECTO_TURTLEBOT/install/tb3_interfaces/share/tb3_interfaces/local_setup.zsh\n'}
[0.735861] (tb3_interfaces) StdoutLine: {'line': b'-- Up-to-date: /home/jackfeels/Documents/PROYECTO_TURTLEBOT/install/tb3_interfaces/share/tb3_interfaces/local_setup.dsv\n'}
[0.735912] (tb3_interfaces) StdoutLine: {'line': b'-- Installing: /home/jackfeels/Documents/PROYECTO_TURTLEBOT/install/tb3_interfaces/share/tb3_interfaces/package.dsv\n'}
[0.735956] (tb3_interfaces) StdoutLine: {'line': b'-- Up-to-date: /home/jackfeels/Documents/PROYECTO_TURTLEBOT/install/tb3_interfaces/share/ament_index/resource_index/packages/tb3_interfaces\n'}
[0.735988] (tb3_interfaces) StdoutLine: {'line': b'-- Up-to-date: /home/jackfeels/Documents/PROYECTO_TURTLEBOT/install/tb3_interfaces/share/tb3_interfaces/cmake/export_tb3_interfaces__rosidl_generator_cExport.cmake\n'}
[0.736021] (tb3_interfaces) StdoutLine: {'line': b'-- Up-to-date: /home/jackfeels/Documents/PROYECTO_TURTLEBOT/install/tb3_interfaces/share/tb3_interfaces/cmake/export_tb3_interfaces__rosidl_generator_cExport-noconfig.cmake\n'}
[0.736053] (tb3_interfaces) StdoutLine: {'line': b'-- Up-to-date: /home/jackfeels/Documents/PROYECTO_TURTLEBOT/install/tb3_interfaces/share/tb3_interfaces/cmake/export_tb3_interfaces__rosidl_typesupport_fastrtps_cExport.cmake\n'}
[0.736086] (tb3_interfaces) StdoutLine: {'line': b'-- Up-to-date: /home/jackfeels/Documents/PROYECTO_TURTLEBOT/install/tb3_interfaces/share/tb3_interfaces/cmake/export_tb3_interfaces__rosidl_typesupport_fastrtps_cExport-noconfig.cmake\n'}
[0.736140] (tb3_interfaces) StdoutLine: {'line': b'-- Up-to-date: /home/jackfeels/Documents/PROYECTO_TURTLEBOT/install/tb3_interfaces/share/tb3_interfaces/cmake/tb3_interfaces__rosidl_typesupport_introspection_cExport.cmake\n'}
[0.736171] (tb3_interfaces) StdoutLine: {'line': b'-- Up-to-date: /home/jackfeels/Documents/PROYECTO_TURTLEBOT/install/tb3_interfaces/share/tb3_interfaces/cmake/tb3_interfaces__rosidl_typesupport_introspection_cExport-noconfig.cmake\n'}
[0.736218] (tb3_interfaces) StdoutLine: {'line': b'-- Up-to-date: /home/jackfeels/Documents/PROYECTO_TURTLEBOT/install/tb3_interfaces/share/tb3_interfaces/cmake/tb3_interfaces__rosidl_typesupport_cExport.cmake\n'}
[0.736260] (tb3_interfaces) StdoutLine: {'line': b'-- Up-to-date: /home/jackfeels/Documents/PROYECTO_TURTLEBOT/install/tb3_interfaces/share/tb3_interfaces/cmake/tb3_interfaces__rosidl_typesupport_cExport-noconfig.cmake\n'}
[0.736295] (tb3_interfaces) StdoutLine: {'line': b'-- Up-to-date: /home/jackfeels/Documents/PROYECTO_TURTLEBOT/install/tb3_interfaces/share/tb3_interfaces/cmake/export_tb3_interfaces__rosidl_generator_cppExport.cmake\n'}
[0.736335] (tb3_interfaces) StdoutLine: {'line': b'-- Up-to-date: /home/jackfeels/Documents/PROYECTO_TURTLEBOT/install/tb3_interfaces/share/tb3_interfaces/cmake/export_tb3_interfaces__rosidl_typesupport_fastrtps_cppExport.cmake\n'}
[0.736365] (tb3_interfaces) StdoutLine: {'line': b'-- Up-to-date: /home/jackfeels/Documents/PROYECTO_TURTLEBOT/install/tb3_interfaces/share/tb3_interfaces/cmake/export_tb3_interfaces__rosidl_typesupport_fastrtps_cppExport-noconfig.cmake\n'}
[0.736395] (tb3_interfaces) StdoutLine: {'line': b'-- Up-to-date: /home/jackfeels/Documents/PROYECTO_TURTLEBOT/install/tb3_interfaces/share/tb3_interfaces/cmake/tb3_interfaces__rosidl_typesupport_introspection_cppExport.cmake\n'}
[0.736424] (tb3_interfaces) StdoutLine: {'line': b'-- Up-to-date: /home/jackfeels/Documents/PROYECTO_TURTLEBOT/install/tb3_interfaces/share/tb3_interfaces/cmake/tb3_interfaces__rosidl_typesupport_introspection_cppExport-noconfig.cmake\n'}
[0.761926] (tb3_interfaces) StdoutLine: {'line': b'-- Up-to-date: /home/jackfeels/Documents/PROYECTO_TURTLEBOT/install/tb3_interfaces/share/tb3_interfaces/cmake/tb3_interfaces__rosidl_typesupport_cppExport.cmake\n'}
[0.762084] (tb3_interfaces) StdoutLine: {'line': b'-- Up-to-date: /home/jackfeels/Documents/PROYECTO_TURTLEBOT/install/tb3_interfaces/share/tb3_interfaces/cmake/tb3_interfaces__rosidl_typesupport_cppExport-noconfig.cmake\n'}
[0.762124] (tb3_interfaces) StdoutLine: {'line': b'-- Up-to-date: /home/jackfeels/Documents/PROYECTO_TURTLEBOT/install/tb3_interfaces/share/tb3_interfaces/cmake/export_tb3_interfaces__rosidl_generator_pyExport.cmake\n'}
[0.762157] (tb3_interfaces) StdoutLine: {'line': b'-- Up-to-date: /home/jackfeels/Documents/PROYECTO_TURTLEBOT/install/tb3_interfaces/share/tb3_interfaces/cmake/export_tb3_interfaces__rosidl_generator_pyExport-noconfig.cmake\n'}
[0.762189] (tb3_interfaces) StdoutLine: {'line': b'-- Up-to-date: /home/jackfeels/Documents/PROYECTO_TURTLEBOT/install/tb3_interfaces/share/tb3_interfaces/cmake/rosidl_cmake-extras.cmake\n'}
[0.762221] (tb3_interfaces) StdoutLine: {'line': b'-- Up-to-date: /home/jackfeels/Documents/PROYECTO_TURTLEBOT/install/tb3_interfaces/share/tb3_interfaces/cmake/ament_cmake_export_include_directories-extras.cmake\n'}
[0.762252] (tb3_interfaces) StdoutLine: {'line': b'-- Up-to-date: /home/jackfeels/Documents/PROYECTO_TURTLEBOT/install/tb3_interfaces/share/tb3_interfaces/cmake/ament_cmake_export_libraries-extras.cmake\n'}
[0.762292] (tb3_interfaces) StdoutLine: {'line': b'-- Up-to-date: /home/jackfeels/Documents/PROYECTO_TURTLEBOT/install/tb3_interfaces/share/tb3_interfaces/cmake/ament_cmake_export_targets-extras.cmake\n'}
[0.762349] (tb3_interfaces) StdoutLine: {'line': b'-- Up-to-date: /home/jackfeels/Documents/PROYECTO_TURTLEBOT/install/tb3_interfaces/share/tb3_interfaces/cmake/rosidl_cmake_export_typesupport_targets-extras.cmake\n'}
[0.762379] (tb3_interfaces) StdoutLine: {'line': b'-- Up-to-date: /home/jackfeels/Documents/PROYECTO_TURTLEBOT/install/tb3_interfaces/share/tb3_interfaces/cmake/ament_cmake_export_dependencies-extras.cmake\n'}
[0.762409] (tb3_interfaces) StdoutLine: {'line': b'-- Up-to-date: /home/jackfeels/Documents/PROYECTO_TURTLEBOT/install/tb3_interfaces/share/tb3_interfaces/cmake/rosidl_cmake_export_typesupport_libraries-extras.cmake\n'}
[0.762439] (tb3_interfaces) StdoutLine: {'line': b'-- Up-to-date: /home/jackfeels/Documents/PROYECTO_TURTLEBOT/install/tb3_interfaces/share/tb3_interfaces/cmake/tb3_interfacesConfig.cmake\n'}
[0.762472] (tb3_interfaces) StdoutLine: {'line': b'-- Up-to-date: /home/jackfeels/Documents/PROYECTO_TURTLEBOT/install/tb3_interfaces/share/tb3_interfaces/cmake/tb3_interfacesConfig-version.cmake\n'}
[0.762502] (tb3_interfaces) StdoutLine: {'line': b'-- Up-to-date: /home/jackfeels/Documents/PROYECTO_TURTLEBOT/install/tb3_interfaces/share/tb3_interfaces/package.xml\n'}
[0.762534] (tb3_interfaces) CommandEnded: {'returncode': 0}
[0.775786] (tb3_interfaces) JobEnded: {'identifier': 'tb3_interfaces', 'rc': 0}
[0.776306] (debug_visualizer) JobStarted: {'identifier': 'debug_visualizer'}
[0.806111] (follow_controller) JobStarted: {'identifier': 'follow_controller'}
[0.807147] (-) TimerEvent: {}
[0.907370] (-) TimerEvent: {}
[1.007632] (-) TimerEvent: {}
[1.081965] (gesture_detector) Command: {'cmd': ['/usr/bin/python3', '-W', 'ignore:setup.py install is deprecated', '-W', 'ignore:easy_install command is deprecated', 'setup.py', 'egg_info', '--egg-base', '../../build/gesture_detector', 'build', '--build-base', '/home/jackfeels/Documents/PROYECTO_TURTLEBOT/build/gesture_detector/build', 'install', '--record', '/home/jackfeels/Documents/PROYECTO_TURTLEBOT/build/gesture_detector/install.log', '--single-version-externally-managed', 'install_data'], 'cwd': '/home/jackfeels/Documents/PROYECTO_TURTLEBOT/src/gesture_detector', 'env': {'GJS_DEBUG_TOPICS': 'JS ERROR;JS LOG', 'PYTHON_BASIC_REPL': '1', 'LESSOPEN': '| /usr/bin/lesspipe %s', 'USER': 'jackfeels', 'XDG_SESSION_TYPE': 'wayland', 'GIT_ASKPASS': '/usr/share/code/resources/app/extensions/git/dist/askpass.sh', 'SHLVL': '1', 'LD_LIBRARY_PATH': '/home/jackfeels/turtlebot3_ws/install/turtlebot3_msgs/lib:/home/jackfeels/turtlebot3_ws/install/dynamixel_sdk_custom_interfaces/lib:/home/jackfeels/turtlebot3_ws/install/dynamixel_sdk/lib:/opt/ros/humble/opt/rviz_ogre_vendor/lib:/opt/ros/humble/lib/aarch64-linux-gnu:/opt/ros/humble/lib', 'HOME': '/home/jackfeels', 'CHROME_DESKTOP': 'code.desktop', 'OLDPWD': '/home/jackfeels/Documents/PROYECTO_TURTLEBOT', 'TERM_PROGRAM_VERSION': '1.114.0', 'DESKTOP_SESSION': 'ubuntu', 'GIO_LAUNCHED_DESKTOP_FILE': '/usr/share/applications/code.desktop', 'ROS_PYTHON_VERSION': '3', 'GNOME_SHELL_SESSION_MODE': 'ubuntu', 'GTK_MODULES': 'gail:atk-bridge', 'VSCODE_GIT_ASKPASS_MAIN': '/usr/share/code/resources/app/extensions/git/dist/askpass-main.js', 'VSCODE_GIT_ASKPASS_NODE': '/usr/share/code/code', 'MANAGERPID': '1447', 'PYDEVD_DISABLE_FILE_VALIDATION': '1', 'SYSTEMD_EXEC_PID': '2048', 'BUNDLED_DEBUGPY_PATH': '/home/jackfeels/.vscode/extensions/ms-python.debugpy-2025.18.0-linux-arm64/bundled/libs/debugpy', 'IM_CONFIG_CHECK_ENV': '1', 'VSCODE_PYTHON_AUTOACTIVATE_GUARD': '1', 'DBUS_SESSION_BUS_ADDRESS': 'unix:path=/run/user/1000/bus', 'COLORTERM': 'truecolor', 'GIO_LAUNCHED_DESKTOP_FILE_PID': '31416', 'IM_CONFIG_PHASE': '1', 'WAYLAND_DISPLAY': 'wayland-0', 'COLCON_PREFIX_PATH': '/home/jackfeels/turtlebot3_ws/install', 'ROS_DISTRO': 'humble', 'LOGNAME': 'jackfeels', 'JOURNAL_STREAM': '8:27136', '_': '/usr/bin/colcon', 'ROS_VERSION': '2', 'CLAUDE_CODE_SSE_PORT': '37331', 'XDG_SESSION_CLASS': 'user', 'USERNAME': 'jackfeels', 'TERM': 'xterm-256color', 'GNOME_DESKTOP_SESSION_ID': 'this-is-deprecated', 'FC_FONTATIONS': '1', 'ROS_LOCALHOST_ONLY': '0', 'PATH': '/home/jackfeels/.local/bin:/home/jackfeels/.local/bin:/home/jackfeels/.config/Code/User/globalStorage/github.copilot-chat/debugCommand:/home/jackfeels/.config/Code/User/globalStorage/github.copilot-chat/copilotCli:/home/jackfeels/.local/bin:/home/jackfeels/.local/bin:/home/jackfeels/.local/bin:/opt/ros/humble/bin:/home/jackfeels/.local/bin:/usr/local/sbin:/usr/local/bin:/usr/sbin:/usr/bin:/sbin:/bin:/usr/games:/usr/local/games:/snap/bin:/snap/bin:/home/jackfeels/.vscode/extensions/ms-python.debugpy-2025.18.0-linux-arm64/bundled/scripts/noConfigScripts', 'SESSION_MANAGER': 'local/jackfeels:@/tmp/.ICE-unix/2024,unix/jackfeels:/tmp/.ICE-unix/2024', 'INVOCATION_ID': '7072cee1c8cb4ac79fe0ad88f4dcb9f7', 'XDG_MENU_PREFIX': 'gnome-', 'GNOME_SETUP_DISPLAY': ':1', 'XDG_RUNTIME_DIR': '/run/user/1000', 'GDK_BACKEND': 'wayland', 'DISPLAY': ':0', 'VSCODE_DEBUGPY_ADAPTER_ENDPOINTS': '/home/jackfeels/.vscode/extensions/ms-python.debugpy-2025.18.0-linux-arm64/.noConfigDebugAdapterEndpoints/endpoint-185b3b7f67631b8b.txt', 'LANG': 'en_US.UTF-8', 'XDG_CURRENT_DESKTOP': 'ubuntu:GNOME', 'PYTHONSTARTUP': '/home/jackfeels/.config/Code/User/workspaceStorage/46ee1a91a2843d3566ffcdb977c34744/ms-python.python/pythonrc.py', 'XMODIFIERS': '@im=ibus', 'XDG_SESSION_DESKTOP': 'ubuntu', 'XAUTHORITY': '/run/user/1000/.mutter-Xwaylandauth.BCY4N3', 'LS_COLORS': 'rs=0:di=01;34:ln=01;36:mh=00:pi=40;33:so=01;35:do=01;35:bd=40;33;01:cd=40;33;01:or=40;31;01:mi=00:su=37;41:sg=30;43:ca=30;41:tw=30;42:ow=34;42:st=37;44:ex=01;32:*.tar=01;31:*.tgz=01;31:*.arc=01;31:*.arj=01;31:*.taz=01;31:*.lha=01;31:*.lz4=01;31:*.lzh=01;31:*.lzma=01;31:*.tlz=01;31:*.txz=01;31:*.tzo=01;31:*.t7z=01;31:*.zip=01;31:*.z=01;31:*.dz=01;31:*.gz=01;31:*.lrz=01;31:*.lz=01;31:*.lzo=01;31:*.xz=01;31:*.zst=01;31:*.tzst=01;31:*.bz2=01;31:*.bz=01;31:*.tbz=01;31:*.tbz2=01;31:*.tz=01;31:*.deb=01;31:*.rpm=01;31:*.jar=01;31:*.war=01;31:*.ear=01;31:*.sar=01;31:*.rar=01;31:*.alz=01;31:*.ace=01;31:*.zoo=01;31:*.cpio=01;31:*.7z=01;31:*.rz=01;31:*.cab=01;31:*.wim=01;31:*.swm=01;31:*.dwm=01;31:*.esd=01;31:*.jpg=01;35:*.jpeg=01;35:*.mjpg=01;35:*.mjpeg=01;35:*.gif=01;35:*.bmp=01;35:*.pbm=01;35:*.pgm=01;35:*.ppm=01;35:*.tga=01;35:*.xbm=01;35:*.xpm=01;35:*.tif=01;35:*.tiff=01;35:*.png=01;35:*.svg=01;35:*.svgz=01;35:*.mng=01;35:*.pcx=01;35:*.mov=01;35:*.mpg=01;35:*.mpeg=01;35:*.m2v=01;35:*.mkv=01;35:*.webm=01;35:*.webp=01;35:*.ogm=01;35:*.mp4=01;35:*.m4v=01;35:*.mp4v=01;35:*.vob=01;35:*.qt=01;35:*.nuv=01;35:*.wmv=01;35:*.asf=01;35:*.rm=01;35:*.rmvb=01;35:*.flc=01;35:*.avi=01;35:*.fli=01;35:*.flv=01;35:*.gl=01;35:*.dl=01;35:*.xcf=01;35:*.xwd=01;35:*.yuv=01;35:*.cgm=01;35:*.emf=01;35:*.ogv=01;35:*.ogx=01;35:*.aac=00;36:*.au=00;36:*.flac=00;36:*.m4a=00;36:*.mid=00;36:*.midi=00;36:*.mka=00;36:*.mp3=00;36:*.mpc=00;36:*.ogg=00;36:*.ra=00;36:*.wav=00;36:*.oga=00;36:*.opus=00;36:*.spx=00;36:*.xspf=00;36:', 'VSCODE_GIT_IPC_HANDLE': '/run/user/1000/vscode-git-3da86ad6c9.sock', 'TERM_PROGRAM': 'vscode', 'SSH_AGENT_LAUNCHER': 'gnome-keyring', 'SSH_AUTH_SOCK': '/run/user/1000/keyring/ssh', 'ROS_DOMAIN_ID': '30', 'AMENT_PREFIX_PATH': '/home/jackfeels/turtlebot3_ws/install/turtlebot3:/home/jackfeels/turtlebot3_ws/install/turtlebot3_teleop:/home/jackfeels/turtlebot3_ws/install/turtlebot3_bringup:/home/jackfeels/turtlebot3_ws/install/turtlebot3_node:/home/jackfeels/turtlebot3_ws/install/turtlebot3_navigation2:/home/jackfeels/turtlebot3_ws/install/turtlebot3_example:/home/jackfeels/turtlebot3_ws/install/turtlebot3_msgs:/home/jackfeels/turtlebot3_ws/install/turtlebot3_description:/home/jackfeels/turtlebot3_ws/install/turtlebot3_cartographer:/home/jackfeels/turtlebot3_ws/install/dynamixel_sdk_examples:/home/jackfeels/turtlebot3_ws/install/dynamixel_sdk_custom_interfaces:/home/jackfeels/turtlebot3_ws/install/dynamixel_sdk:/opt/ros/humble', 'SHELL': '/bin/bash', 'QT_ACCESSIBILITY': '1', 'GDMSESSION': 'ubuntu', 'LESSCLOSE': '/usr/bin/lesspipe %s %s', 'GJS_DEBUG_OUTPUT': 'stderr', 'VSCODE_GIT_ASKPASS_EXTRA_ARGS': '', 'QT_IM_MODULE': 'ibus', 'PWD': '/home/jackfeels/Documents/PROYECTO_TURTLEBOT/build/gesture_detector', 'TURTLEBOT3_MODEL': 'burger', 'XDG_CONFIG_DIRS': '/etc/xdg/xdg-ubuntu:/etc/xdg', 'XDG_DATA_DIRS': '/usr/share/ubuntu:/usr/local/share/:/usr/share/:/var/lib/snapd/desktop', 'PYTHONPATH': '/home/jackfeels/Documents/PROYECTO_TURTLEBOT/build/gesture_detector/prefix_override:/usr/lib/python3/dist-packages/colcon_core/task/python/colcon_distutils_commands:/home/jackfeels/Documents/PROYECTO_TURTLEBOT/install/gesture_detector/lib/python3.10/site-packages:/home/jackfeels/turtlebot3_ws/install/turtlebot3_teleop/lib/python3.10/site-packages:/home/jackfeels/turtlebot3_ws/install/turtlebot3_example/lib/python3.10/site-packages:/home/jackfeels/turtlebot3_ws/install/turtlebot3_msgs/local/lib/python3.10/dist-packages:/home/jackfeels/turtlebot3_ws/install/dynamixel_sdk_custom_interfaces/local/lib/python3.10/dist-packages:/home/jackfeels/turtlebot3_ws/install/dynamixel_sdk/local/lib/python3.10/dist-packages:/opt/ros/humble/lib/python3.10/site-packages:/opt/ros/humble/local/lib/python3.10/dist-packages', 'COLCON': '1', 'CMAKE_PREFIX_PATH': '/home/jackfeels/turtlebot3_ws/install/turtlebot3:/home/jackfeels/turtlebot3_ws/install/turtlebot3_bringup:/home/jackfeels/turtlebot3_ws/install/turtlebot3_node:/home/jackfeels/turtlebot3_ws/install/turtlebot3_navigation2:/home/jackfeels/turtlebot3_ws/install/turtlebot3_msgs:/home/jackfeels/turtlebot3_ws/install/turtlebot3_description:/home/jackfeels/turtlebot3_ws/install/turtlebot3_cartographer:/home/jackfeels/turtlebot3_ws/install/dynamixel_sdk_examples:/home/jackfeels/turtlebot3_ws/install/dynamixel_sdk_custom_interfaces:/home/jackfeels/turtlebot3_ws/install/dynamixel_sdk'}, 'shell': False}
[1.083393] (tb3_bringup_custom) Command: {'cmd': ['/usr/bin/python3', '-W', 'ignore:setup.py install is deprecated', '-W', 'ignore:easy_install command is deprecated', 'setup.py', 'egg_info', '--egg-base', '../../build/tb3_bringup_custom', 'build', '--build-base', '/home/jackfeels/Documents/PROYECTO_TURTLEBOT/build/tb3_bringup_custom/build', 'install', '--record', '/home/jackfeels/Documents/PROYECTO_TURTLEBOT/build/tb3_bringup_custom/install.log', '--single-version-externally-managed', 'install_data'], 'cwd': '/home/jackfeels/Documents/PROYECTO_TURTLEBOT/src/tb3_bringup_custom', 'env': {'GJS_DEBUG_TOPICS': 'JS ERROR;JS LOG', 'PYTHON_BASIC_REPL': '1', 'LESSOPEN': '| /usr/bin/lesspipe %s', 'USER': 'jackfeels', 'XDG_SESSION_TYPE': 'wayland', 'GIT_ASKPASS': '/usr/share/code/resources/app/extensions/git/dist/askpass.sh', 'SHLVL': '1', 'LD_LIBRARY_PATH': '/home/jackfeels/turtlebot3_ws/install/turtlebot3_msgs/lib:/home/jackfeels/turtlebot3_ws/install/dynamixel_sdk_custom_interfaces/lib:/home/jackfeels/turtlebot3_ws/install/dynamixel_sdk/lib:/opt/ros/humble/opt/rviz_ogre_vendor/lib:/opt/ros/humble/lib/aarch64-linux-gnu:/opt/ros/humble/lib', 'HOME': '/home/jackfeels', 'CHROME_DESKTOP': 'code.desktop', 'OLDPWD': '/home/jackfeels/Documents/PROYECTO_TURTLEBOT', 'TERM_PROGRAM_VERSION': '1.114.0', 'DESKTOP_SESSION': 'ubuntu', 'GIO_LAUNCHED_DESKTOP_FILE': '/usr/share/applications/code.desktop', 'ROS_PYTHON_VERSION': '3', 'GNOME_SHELL_SESSION_MODE': 'ubuntu', 'GTK_MODULES': 'gail:atk-bridge', 'VSCODE_GIT_ASKPASS_MAIN': '/usr/share/code/resources/app/extensions/git/dist/askpass-main.js', 'VSCODE_GIT_ASKPASS_NODE': '/usr/share/code/code', 'MANAGERPID': '1447', 'PYDEVD_DISABLE_FILE_VALIDATION': '1', 'SYSTEMD_EXEC_PID': '2048', 'BUNDLED_DEBUGPY_PATH': '/home/jackfeels/.vscode/extensions/ms-python.debugpy-2025.18.0-linux-arm64/bundled/libs/debugpy', 'IM_CONFIG_CHECK_ENV': '1', 'VSCODE_PYTHON_AUTOACTIVATE_GUARD': '1', 'DBUS_SESSION_BUS_ADDRESS': 'unix:path=/run/user/1000/bus', 'COLORTERM': 'truecolor', 'GIO_LAUNCHED_DESKTOP_FILE_PID': '31416', 'IM_CONFIG_PHASE': '1', 'WAYLAND_DISPLAY': 'wayland-0', 'COLCON_PREFIX_PATH': '/home/jackfeels/turtlebot3_ws/install', 'ROS_DISTRO': 'humble', 'LOGNAME': 'jackfeels', 'JOURNAL_STREAM': '8:27136', '_': '/usr/bin/colcon', 'ROS_VERSION': '2', 'CLAUDE_CODE_SSE_PORT': '37331', 'XDG_SESSION_CLASS': 'user', 'USERNAME': 'jackfeels', 'TERM': 'xterm-256color', 'GNOME_DESKTOP_SESSION_ID': 'this-is-deprecated', 'FC_FONTATIONS': '1', 'ROS_LOCALHOST_ONLY': '0', 'PATH': '/home/jackfeels/.local/bin:/home/jackfeels/.local/bin:/home/jackfeels/.config/Code/User/globalStorage/github.copilot-chat/debugCommand:/home/jackfeels/.config/Code/User/globalStorage/github.copilot-chat/copilotCli:/home/jackfeels/.local/bin:/home/jackfeels/.local/bin:/home/jackfeels/.local/bin:/opt/ros/humble/bin:/home/jackfeels/.local/bin:/usr/local/sbin:/usr/local/bin:/usr/sbin:/usr/bin:/sbin:/bin:/usr/games:/usr/local/games:/snap/bin:/snap/bin:/home/jackfeels/.vscode/extensions/ms-python.debugpy-2025.18.0-linux-arm64/bundled/scripts/noConfigScripts', 'SESSION_MANAGER': 'local/jackfeels:@/tmp/.ICE-unix/2024,unix/jackfeels:/tmp/.ICE-unix/2024', 'INVOCATION_ID': '7072cee1c8cb4ac79fe0ad88f4dcb9f7', 'XDG_MENU_PREFIX': 'gnome-', 'GNOME_SETUP_DISPLAY': ':1', 'XDG_RUNTIME_DIR': '/run/user/1000', 'GDK_BACKEND': 'wayland', 'DISPLAY': ':0', 'VSCODE_DEBUGPY_ADAPTER_ENDPOINTS': '/home/jackfeels/.vscode/extensions/ms-python.debugpy-2025.18.0-linux-arm64/.noConfigDebugAdapterEndpoints/endpoint-185b3b7f67631b8b.txt', 'LANG': 'en_US.UTF-8', 'XDG_CURRENT_DESKTOP': 'ubuntu:GNOME', 'PYTHONSTARTUP': '/home/jackfeels/.config/Code/User/workspaceStorage/46ee1a91a2843d3566ffcdb977c34744/ms-python.python/pythonrc.py', 'XMODIFIERS': '@im=ibus', 'XDG_SESSION_DESKTOP': 'ubuntu', 'XAUTHORITY': '/run/user/1000/.mutter-Xwaylandauth.BCY4N3', 'LS_COLORS': 'rs=0:di=01;34:ln=01;36:mh=00:pi=40;33:so=01;35:do=01;35:bd=40;33;01:cd=40;33;01:or=40;31;01:mi=00:su=37;41:sg=30;43:ca=30;41:tw=30;42:ow=34;42:st=37;44:ex=01;32:*.tar=01;31:*.tgz=01;31:*.arc=01;31:*.arj=01;31:*.taz=01;31:*.lha=01;31:*.lz4=01;31:*.lzh=01;31:*.lzma=01;31:*.tlz=01;31:*.txz=01;31:*.tzo=01;31:*.t7z=01;31:*.zip=01;31:*.z=01;31:*.dz=01;31:*.gz=01;31:*.lrz=01;31:*.lz=01;31:*.lzo=01;31:*.xz=01;31:*.zst=01;31:*.tzst=01;31:*.bz2=01;31:*.bz=01;31:*.tbz=01;31:*.tbz2=01;31:*.tz=01;31:*.deb=01;31:*.rpm=01;31:*.jar=01;31:*.war=01;31:*.ear=01;31:*.sar=01;31:*.rar=01;31:*.alz=01;31:*.ace=01;31:*.zoo=01;31:*.cpio=01;31:*.7z=01;31:*.rz=01;31:*.cab=01;31:*.wim=01;31:*.swm=01;31:*.dwm=01;31:*.esd=01;31:*.jpg=01;35:*.jpeg=01;35:*.mjpg=01;35:*.mjpeg=01;35:*.gif=01;35:*.bmp=01;35:*.pbm=01;35:*.pgm=01;35:*.ppm=01;35:*.tga=01;35:*.xbm=01;35:*.xpm=01;35:*.tif=01;35:*.tiff=01;35:*.png=01;35:*.svg=01;35:*.svgz=01;35:*.mng=01;35:*.pcx=01;35:*.mov=01;35:*.mpg=01;35:*.mpeg=01;35:*.m2v=01;35:*.mkv=01;35:*.webm=01;35:*.webp=01;35:*.ogm=01;35:*.mp4=01;35:*.m4v=01;35:*.mp4v=01;35:*.vob=01;35:*.qt=01;35:*.nuv=01;35:*.wmv=01;35:*.asf=01;35:*.rm=01;35:*.rmvb=01;35:*.flc=01;35:*.avi=01;35:*.fli=01;35:*.flv=01;35:*.gl=01;35:*.dl=01;35:*.xcf=01;35:*.xwd=01;35:*.yuv=01;35:*.cgm=01;35:*.emf=01;35:*.ogv=01;35:*.ogx=01;35:*.aac=00;36:*.au=00;36:*.flac=00;36:*.m4a=00;36:*.mid=00;36:*.midi=00;36:*.mka=00;36:*.mp3=00;36:*.mpc=00;36:*.ogg=00;36:*.ra=00;36:*.wav=00;36:*.oga=00;36:*.opus=00;36:*.spx=00;36:*.xspf=00;36:', 'VSCODE_GIT_IPC_HANDLE': '/run/user/1000/vscode-git-3da86ad6c9.sock', 'TERM_PROGRAM': 'vscode', 'SSH_AGENT_LAUNCHER': 'gnome-keyring', 'SSH_AUTH_SOCK': '/run/user/1000/keyring/ssh', 'ROS_DOMAIN_ID': '30', 'AMENT_PREFIX_PATH': '/home/jackfeels/turtlebot3_ws/install/turtlebot3:/home/jackfeels/turtlebot3_ws/install/turtlebot3_teleop:/home/jackfeels/turtlebot3_ws/install/turtlebot3_bringup:/home/jackfeels/turtlebot3_ws/install/turtlebot3_node:/home/jackfeels/turtlebot3_ws/install/turtlebot3_navigation2:/home/jackfeels/turtlebot3_ws/install/turtlebot3_example:/home/jackfeels/turtlebot3_ws/install/turtlebot3_msgs:/home/jackfeels/turtlebot3_ws/install/turtlebot3_description:/home/jackfeels/turtlebot3_ws/install/turtlebot3_cartographer:/home/jackfeels/turtlebot3_ws/install/dynamixel_sdk_examples:/home/jackfeels/turtlebot3_ws/install/dynamixel_sdk_custom_interfaces:/home/jackfeels/turtlebot3_ws/install/dynamixel_sdk:/opt/ros/humble', 'SHELL': '/bin/bash', 'QT_ACCESSIBILITY': '1', 'GDMSESSION': 'ubuntu', 'LESSCLOSE': '/usr/bin/lesspipe %s %s', 'GJS_DEBUG_OUTPUT': 'stderr', 'VSCODE_GIT_ASKPASS_EXTRA_ARGS': '', 'QT_IM_MODULE': 'ibus', 'PWD': '/home/jackfeels/Documents/PROYECTO_TURTLEBOT/build/tb3_bringup_custom', 'TURTLEBOT3_MODEL': 'burger', 'XDG_CONFIG_DIRS': '/etc/xdg/xdg-ubuntu:/etc/xdg', 'XDG_DATA_DIRS': '/usr/share/ubuntu:/usr/local/share/:/usr/share/:/var/lib/snapd/desktop', 'PYTHONPATH': '/home/jackfeels/Documents/PROYECTO_TURTLEBOT/build/tb3_bringup_custom/prefix_override:/usr/lib/python3/dist-packages/colcon_core/task/python/colcon_distutils_commands:/home/jackfeels/Documents/PROYECTO_TURTLEBOT/install/tb3_bringup_custom/lib/python3.10/site-packages:/home/jackfeels/turtlebot3_ws/install/turtlebot3_teleop/lib/python3.10/site-packages:/home/jackfeels/turtlebot3_ws/install/turtlebot3_example/lib/python3.10/site-packages:/home/jackfeels/turtlebot3_ws/install/turtlebot3_msgs/local/lib/python3.10/dist-packages:/home/jackfeels/turtlebot3_ws/install/dynamixel_sdk_custom_interfaces/local/lib/python3.10/dist-packages:/home/jackfeels/turtlebot3_ws/install/dynamixel_sdk/local/lib/python3.10/dist-packages:/opt/ros/humble/lib/python3.10/site-packages:/opt/ros/humble/local/lib/python3.10/dist-packages', 'COLCON': '1', 'CMAKE_PREFIX_PATH': '/home/jackfeels/turtlebot3_ws/install/turtlebot3:/home/jackfeels/turtlebot3_ws/install/turtlebot3_bringup:/home/jackfeels/turtlebot3_ws/install/turtlebot3_node:/home/jackfeels/turtlebot3_ws/install/turtlebot3_navigation2:/home/jackfeels/turtlebot3_ws/install/turtlebot3_msgs:/home/jackfeels/turtlebot3_ws/install/turtlebot3_description:/home/jackfeels/turtlebot3_ws/install/turtlebot3_cartographer:/home/jackfeels/turtlebot3_ws/install/dynamixel_sdk_examples:/home/jackfeels/turtlebot3_ws/install/dynamixel_sdk_custom_interfaces:/home/jackfeels/turtlebot3_ws/install/dynamixel_sdk'}, 'shell': False}
[1.107719] (-) TimerEvent: {}
[1.207950] (-) TimerEvent: {}
[1.227603] (tb3_bringup_custom) StdoutLine: {'line': b'running egg_info\n'}
[1.236362] (tb3_bringup_custom) StdoutLine: {'line': b'writing ../../build/tb3_bringup_custom/tb3_bringup_custom.egg-info/PKG-INFO\n'}
[1.237402] (tb3_bringup_custom) StdoutLine: {'line': b'writing dependency_links to ../../build/tb3_bringup_custom/tb3_bringup_custom.egg-info/dependency_links.txt\n'}
[1.237883] (tb3_bringup_custom) StdoutLine: {'line': b'writing requirements to ../../build/tb3_bringup_custom/tb3_bringup_custom.egg-info/requires.txt\n'}
[1.238288] (tb3_bringup_custom) StdoutLine: {'line': b'writing top-level names to ../../build/tb3_bringup_custom/tb3_bringup_custom.egg-info/top_level.txt\n'}
[1.247550] (gesture_detector) StdoutLine: {'line': b'running egg_info\n'}
[1.255923] (gesture_detector) StdoutLine: {'line': b'writing ../../build/gesture_detector/gesture_detector.egg-info/PKG-INFO\n'}
[1.256489] (gesture_detector) StdoutLine: {'line': b'writing dependency_links to ../../build/gesture_detector/gesture_detector.egg-info/dependency_links.txt\n'}
[1.256619] (gesture_detector) StdoutLine: {'line': b'writing entry points to ../../build/gesture_detector/gesture_detector.egg-info/entry_points.txt\n'}
[1.257038] (gesture_detector) StdoutLine: {'line': b'writing requirements to ../../build/gesture_detector/gesture_detector.egg-info/requires.txt\n'}
[1.257083] (gesture_detector) StdoutLine: {'line': b'writing top-level names to ../../build/gesture_detector/gesture_detector.egg-info/top_level.txt\n'}
[1.258567] (tb3_bringup_custom) StdoutLine: {'line': b"reading manifest file '../../build/tb3_bringup_custom/tb3_bringup_custom.egg-info/SOURCES.txt'\n"}
[1.264675] (tb3_bringup_custom) StdoutLine: {'line': b"writing manifest file '../../build/tb3_bringup_custom/tb3_bringup_custom.egg-info/SOURCES.txt'\n"}
[1.264788] (tb3_bringup_custom) StdoutLine: {'line': b'running build\n'}
[1.264826] (tb3_bringup_custom) StdoutLine: {'line': b'running build_py\n'}
[1.264857] (tb3_bringup_custom) StdoutLine: {'line': b'copying tb3_bringup_custom/__init__.py -> /home/jackfeels/Documents/PROYECTO_TURTLEBOT/build/tb3_bringup_custom/build/lib/tb3_bringup_custom\n'}
[1.264898] (tb3_bringup_custom) StdoutLine: {'line': b'running install\n'}
[1.264939] (tb3_bringup_custom) StdoutLine: {'line': b'running install_lib\n'}
[1.273445] (tb3_bringup_custom) StdoutLine: {'line': b'running install_data\n'}
[1.274155] (gesture_detector) StdoutLine: {'line': b"reading manifest file '../../build/gesture_detector/gesture_detector.egg-info/SOURCES.txt'\n"}
[1.274430] (tb3_bringup_custom) StdoutLine: {'line': b'copying resource/tb3_bringup_custom -> /home/jackfeels/Documents/PROYECTO_TURTLEBOT/install/tb3_bringup_custom/share/ament_index/resource_index/packages\n'}
[1.276143] (tb3_bringup_custom) StdoutLine: {'line': b'copying package.xml -> /home/jackfeels/Documents/PROYECTO_TURTLEBOT/install/tb3_bringup_custom/share/tb3_bringup_custom\n'}
[1.276666] (tb3_bringup_custom) StdoutLine: {'line': b'copying launch/follow_demo.launch.py -> /home/jackfeels/Documents/PROYECTO_TURTLEBOT/install/tb3_bringup_custom/share/tb3_bringup_custom/launch\n'}
[1.276718] (gesture_detector) StdoutLine: {'line': b"writing manifest file '../../build/gesture_detector/gesture_detector.egg-info/SOURCES.txt'\n"}
[1.276758] (tb3_bringup_custom) StdoutLine: {'line': b'running install_egg_info\n'}
[1.278632] (gesture_detector) StdoutLine: {'line': b'running build\n'}
[1.278910] (gesture_detector) StdoutLine: {'line': b'running build_py\n'}
[1.279363] (gesture_detector) StdoutLine: {'line': b'copying gesture_detector/__init__.py -> /home/jackfeels/Documents/PROYECTO_TURTLEBOT/build/gesture_detector/build/lib/gesture_detector\n'}
[1.279924] (gesture_detector) StdoutLine: {'line': b'running install\n'}
[1.283360] (gesture_detector) StdoutLine: {'line': b'running install_lib\n'}
[1.286210] (tb3_bringup_custom) StdoutLine: {'line': b"removing '/home/jackfeels/Documents/PROYECTO_TURTLEBOT/install/tb3_bringup_custom/lib/python3.10/site-packages/tb3_bringup_custom-0.0.1-py3.10.egg-info' (and everything under it)\n"}
[1.286536] (tb3_bringup_custom) StdoutLine: {'line': b'Copying ../../build/tb3_bringup_custom/tb3_bringup_custom.egg-info to /home/jackfeels/Documents/PROYECTO_TURTLEBOT/install/tb3_bringup_custom/lib/python3.10/site-packages/tb3_bringup_custom-0.0.1-py3.10.egg-info\n'}
[1.286974] (tb3_bringup_custom) StdoutLine: {'line': b'running install_scripts\n'}
[1.295022] (gesture_detector) StdoutLine: {'line': b'running install_data\n'}
[1.295552] (gesture_detector) StdoutLine: {'line': b'copying resource/gesture_detector -> /home/jackfeels/Documents/PROYECTO_TURTLEBOT/install/gesture_detector/share/ament_index/resource_index/packages\n'}
[1.296256] (gesture_detector) StdoutLine: {'line': b'copying package.xml -> /home/jackfeels/Documents/PROYECTO_TURTLEBOT/install/gesture_detector/share/gesture_detector\n'}
[1.296916] (gesture_detector) StdoutLine: {'line': b'running install_egg_info\n'}
[1.306116] (tb3_bringup_custom) StdoutLine: {'line': b"writing list of installed files to '/home/jackfeels/Documents/PROYECTO_TURTLEBOT/build/tb3_bringup_custom/install.log'\n"}
[1.306710] (gesture_detector) StdoutLine: {'line': b"removing '/home/jackfeels/Documents/PROYECTO_TURTLEBOT/install/gesture_detector/lib/python3.10/site-packages/gesture_detector-0.0.1-py3.10.egg-info' (and everything under it)\n"}
[1.316783] (-) TimerEvent: {}
[1.321793] (gesture_detector) StdoutLine: {'line': b'Copying ../../build/gesture_detector/gesture_detector.egg-info to /home/jackfeels/Documents/PROYECTO_TURTLEBOT/install/gesture_detector/lib/python3.10/site-packages/gesture_detector-0.0.1-py3.10.egg-info\n'}
[1.321921] (gesture_detector) StdoutLine: {'line': b'running install_scripts\n'}
[1.322818] (tb3_bringup_custom) CommandEnded: {'returncode': 0}
[1.326706] (tb3_bringup_custom) JobEnded: {'identifier': 'tb3_bringup_custom', 'rc': 0}
[1.327985] (person_tracker) JobStarted: {'identifier': 'person_tracker'}
[1.340506] (gesture_detector) StdoutLine: {'line': b'Installing gesture_detector_node script to /home/jackfeels/Documents/PROYECTO_TURTLEBOT/install/gesture_detector/lib/gesture_detector\n'}
[1.341671] (gesture_detector) StdoutLine: {'line': b"writing list of installed files to '/home/jackfeels/Documents/PROYECTO_TURTLEBOT/build/gesture_detector/install.log'\n"}
[1.416930] (-) TimerEvent: {}
[1.479897] (debug_visualizer) Command: {'cmd': ['/usr/bin/python3', '-W', 'ignore:setup.py install is deprecated', '-W', 'ignore:easy_install command is deprecated', 'setup.py', 'egg_info', '--egg-base', '../../build/debug_visualizer', 'build', '--build-base', '/home/jackfeels/Documents/PROYECTO_TURTLEBOT/build/debug_visualizer/build', 'install', '--record', '/home/jackfeels/Documents/PROYECTO_TURTLEBOT/build/debug_visualizer/install.log', '--single-version-externally-managed', 'install_data'], 'cwd': '/home/jackfeels/Documents/PROYECTO_TURTLEBOT/src/debug_visualizer', 'env': {'GJS_DEBUG_TOPICS': 'JS ERROR;JS LOG', 'PYTHON_BASIC_REPL': '1', 'LESSOPEN': '| /usr/bin/lesspipe %s', 'USER': 'jackfeels', 'XDG_SESSION_TYPE': 'wayland', 'GIT_ASKPASS': '/usr/share/code/resources/app/extensions/git/dist/askpass.sh', 'ROS_PACKAGE_PATH': '/home/jackfeels/Documents/PROYECTO_TURTLEBOT/install/tb3_interfaces/share', 'SHLVL': '1', 'LD_LIBRARY_PATH': '/home/jackfeels/Documents/PROYECTO_TURTLEBOT/install/tb3_interfaces/lib:/home/jackfeels/turtlebot3_ws/install/turtlebot3_msgs/lib:/home/jackfeels/turtlebot3_ws/install/dynamixel_sdk_custom_interfaces/lib:/home/jackfeels/turtlebot3_ws/install/dynamixel_sdk/lib:/opt/ros/humble/opt/rviz_ogre_vendor/lib:/opt/ros/humble/lib/aarch64-linux-gnu:/opt/ros/humble/lib', 'HOME': '/home/jackfeels', 'CHROME_DESKTOP': 'code.desktop', 'OLDPWD': '/home/jackfeels/Documents/PROYECTO_TURTLEBOT', 'TERM_PROGRAM_VERSION': '1.114.0', 'DESKTOP_SESSION': 'ubuntu', 'GIO_LAUNCHED_DESKTOP_FILE': '/usr/share/applications/code.desktop', 'ROS_PYTHON_VERSION': '3', 'GNOME_SHELL_SESSION_MODE': 'ubuntu', 'GTK_MODULES': 'gail:atk-bridge', 'VSCODE_GIT_ASKPASS_MAIN': '/usr/share/code/resources/app/extensions/git/dist/askpass-main.js', 'VSCODE_GIT_ASKPASS_NODE': '/usr/share/code/code', 'MANAGERPID': '1447', 'PYDEVD_DISABLE_FILE_VALIDATION': '1', 'SYSTEMD_EXEC_PID': '2048', 'BUNDLED_DEBUGPY_PATH': '/home/jackfeels/.vscode/extensions/ms-python.debugpy-2025.18.0-linux-arm64/bundled/libs/debugpy', 'IM_CONFIG_CHECK_ENV': '1', 'VSCODE_PYTHON_AUTOACTIVATE_GUARD': '1', 'DBUS_SESSION_BUS_ADDRESS': 'unix:path=/run/user/1000/bus', 'COLORTERM': 'truecolor', 'GIO_LAUNCHED_DESKTOP_FILE_PID': '31416', 'IM_CONFIG_PHASE': '1', 'WAYLAND_DISPLAY': 'wayland-0', 'COLCON_PREFIX_PATH': '/home/jackfeels/turtlebot3_ws/install', 'ROS_DISTRO': 'humble', 'LOGNAME': 'jackfeels', 'JOURNAL_STREAM': '8:27136', '_': '/usr/bin/colcon', 'ROS_VERSION': '2', 'CLAUDE_CODE_SSE_PORT': '37331', 'XDG_SESSION_CLASS': 'user', 'PKG_CONFIG_PATH': '/home/jackfeels/Documents/PROYECTO_TURTLEBOT/install/tb3_interfaces/lib/aarch64-linux-gnu/pkgconfig:/home/jackfeels/Documents/PROYECTO_TURTLEBOT/install/tb3_interfaces/lib/pkgconfig', 'USERNAME': 'jackfeels', 'TERM': 'xterm-256color', 'GNOME_DESKTOP_SESSION_ID': 'this-is-deprecated', 'FC_FONTATIONS': '1', 'ROS_LOCALHOST_ONLY': '0', 'PATH': '/home/jackfeels/.local/bin:/home/jackfeels/.local/bin:/home/jackfeels/.config/Code/User/globalStorage/github.copilot-chat/debugCommand:/home/jackfeels/.config/Code/User/globalStorage/github.copilot-chat/copilotCli:/home/jackfeels/.local/bin:/home/jackfeels/.local/bin:/home/jackfeels/.local/bin:/opt/ros/humble/bin:/home/jackfeels/.local/bin:/usr/local/sbin:/usr/local/bin:/usr/sbin:/usr/bin:/sbin:/bin:/usr/games:/usr/local/games:/snap/bin:/snap/bin:/home/jackfeels/.vscode/extensions/ms-python.debugpy-2025.18.0-linux-arm64/bundled/scripts/noConfigScripts', 'SESSION_MANAGER': 'local/jackfeels:@/tmp/.ICE-unix/2024,unix/jackfeels:/tmp/.ICE-unix/2024', 'INVOCATION_ID': '7072cee1c8cb4ac79fe0ad88f4dcb9f7', 'XDG_MENU_PREFIX': 'gnome-', 'GNOME_SETUP_DISPLAY': ':1', 'XDG_RUNTIME_DIR': '/run/user/1000', 'GDK_BACKEND': 'wayland', 'DISPLAY': ':0', 'VSCODE_DEBUGPY_ADAPTER_ENDPOINTS': '/home/jackfeels/.vscode/extensions/ms-python.debugpy-2025.18.0-linux-arm64/.noConfigDebugAdapterEndpoints/endpoint-185b3b7f67631b8b.txt', 'LANG': 'en_US.UTF-8', 'XDG_CURRENT_DESKTOP': 'ubuntu:GNOME', 'PYTHONSTARTUP': '/home/jackfeels/.config/Code/User/workspaceStorage/46ee1a91a2843d3566ffcdb977c34744/ms-python.python/pythonrc.py', 'XMODIFIERS': '@im=ibus', 'XDG_SESSION_DESKTOP': 'ubuntu', 'XAUTHORITY': '/run/user/1000/.mutter-Xwaylandauth.BCY4N3', 'LS_COLORS': 'rs=0:di=01;34:ln=01;36:mh=00:pi=40;33:so=01;35:do=01;35:bd=40;33;01:cd=40;33;01:or=40;31;01:mi=00:su=37;41:sg=30;43:ca=30;41:tw=30;42:ow=34;42:st=37;44:ex=01;32:*.tar=01;31:*.tgz=01;31:*.arc=01;31:*.arj=01;31:*.taz=01;31:*.lha=01;31:*.lz4=01;31:*.lzh=01;31:*.lzma=01;31:*.tlz=01;31:*.txz=01;31:*.tzo=01;31:*.t7z=01;31:*.zip=01;31:*.z=01;31:*.dz=01;31:*.gz=01;31:*.lrz=01;31:*.lz=01;31:*.lzo=01;31:*.xz=01;31:*.zst=01;31:*.tzst=01;31:*.bz2=01;31:*.bz=01;31:*.tbz=01;31:*.tbz2=01;31:*.tz=01;31:*.deb=01;31:*.rpm=01;31:*.jar=01;31:*.war=01;31:*.ear=01;31:*.sar=01;31:*.rar=01;31:*.alz=01;31:*.ace=01;31:*.zoo=01;31:*.cpio=01;31:*.7z=01;31:*.rz=01;31:*.cab=01;31:*.wim=01;31:*.swm=01;31:*.dwm=01;31:*.esd=01;31:*.jpg=01;35:*.jpeg=01;35:*.mjpg=01;35:*.mjpeg=01;35:*.gif=01;35:*.bmp=01;35:*.pbm=01;35:*.pgm=01;35:*.ppm=01;35:*.tga=01;35:*.xbm=01;35:*.xpm=01;35:*.tif=01;35:*.tiff=01;35:*.png=01;35:*.svg=01;35:*.svgz=01;35:*.mng=01;35:*.pcx=01;35:*.mov=01;35:*.mpg=01;35:*.mpeg=01;35:*.m2v=01;35:*.mkv=01;35:*.webm=01;35:*.webp=01;35:*.ogm=01;35:*.mp4=01;35:*.m4v=01;35:*.mp4v=01;35:*.vob=01;35:*.qt=01;35:*.nuv=01;35:*.wmv=01;35:*.asf=01;35:*.rm=01;35:*.rmvb=01;35:*.flc=01;35:*.avi=01;35:*.fli=01;35:*.flv=01;35:*.gl=01;35:*.dl=01;35:*.xcf=01;35:*.xwd=01;35:*.yuv=01;35:*.cgm=01;35:*.emf=01;35:*.ogv=01;35:*.ogx=01;35:*.aac=00;36:*.au=00;36:*.flac=00;36:*.m4a=00;36:*.mid=00;36:*.midi=00;36:*.mka=00;36:*.mp3=00;36:*.mpc=00;36:*.ogg=00;36:*.ra=00;36:*.wav=00;36:*.oga=00;36:*.opus=00;36:*.spx=00;36:*.xspf=00;36:', 'VSCODE_GIT_IPC_HANDLE': '/run/user/1000/vscode-git-3da86ad6c9.sock', 'TERM_PROGRAM': 'vscode', 'SSH_AGENT_LAUNCHER': 'gnome-keyring', 'SSH_AUTH_SOCK': '/run/user/1000/keyring/ssh', 'ROS_DOMAIN_ID': '30', 'AMENT_PREFIX_PATH': '/home/jackfeels/turtlebot3_ws/install/turtlebot3:/home/jackfeels/turtlebot3_ws/install/turtlebot3_teleop:/home/jackfeels/turtlebot3_ws/install/turtlebot3_bringup:/home/jackfeels/turtlebot3_ws/install/turtlebot3_node:/home/jackfeels/turtlebot3_ws/install/turtlebot3_navigation2:/home/jackfeels/turtlebot3_ws/install/turtlebot3_example:/home/jackfeels/turtlebot3_ws/install/turtlebot3_msgs:/home/jackfeels/turtlebot3_ws/install/turtlebot3_description:/home/jackfeels/turtlebot3_ws/install/turtlebot3_cartographer:/home/jackfeels/turtlebot3_ws/install/dynamixel_sdk_examples:/home/jackfeels/turtlebot3_ws/install/dynamixel_sdk_custom_interfaces:/home/jackfeels/turtlebot3_ws/install/dynamixel_sdk:/opt/ros/humble', 'SHELL': '/bin/bash', 'QT_ACCESSIBILITY': '1', 'GDMSESSION': 'ubuntu', 'LESSCLOSE': '/usr/bin/lesspipe %s %s', 'GJS_DEBUG_OUTPUT': 'stderr', 'VSCODE_GIT_ASKPASS_EXTRA_ARGS': '', 'QT_IM_MODULE': 'ibus', 'PWD': '/home/jackfeels/Documents/PROYECTO_TURTLEBOT/build/debug_visualizer', 'TURTLEBOT3_MODEL': 'burger', 'XDG_CONFIG_DIRS': '/etc/xdg/xdg-ubuntu:/etc/xdg', 'XDG_DATA_DIRS': '/usr/share/ubuntu:/usr/local/share/:/usr/share/:/var/lib/snapd/desktop', 'PYTHONPATH': '/home/jackfeels/Documents/PROYECTO_TURTLEBOT/build/debug_visualizer/prefix_override:/usr/lib/python3/dist-packages/colcon_core/task/python/colcon_distutils_commands:/home/jackfeels/Documents/PROYECTO_TURTLEBOT/install/debug_visualizer/lib/python3.10/site-packages:/home/jackfeels/Documents/PROYECTO_TURTLEBOT/install/tb3_interfaces/local/lib/python3.10/dist-packages:/home/jackfeels/turtlebot3_ws/install/turtlebot3_teleop/lib/python3.10/site-packages:/home/jackfeels/turtlebot3_ws/install/turtlebot3_example/lib/python3.10/site-packages:/home/jackfeels/turtlebot3_ws/install/turtlebot3_msgs/local/lib/python3.10/dist-packages:/home/jackfeels/turtlebot3_ws/install/dynamixel_sdk_custom_interfaces/local/lib/python3.10/dist-packages:/home/jackfeels/turtlebot3_ws/install/dynamixel_sdk/local/lib/python3.10/dist-packages:/opt/ros/humble/lib/python3.10/site-packages:/opt/ros/humble/local/lib/python3.10/dist-packages', 'COLCON': '1', 'CMAKE_PREFIX_PATH': '/home/jackfeels/Documents/PROYECTO_TURTLEBOT/install/tb3_interfaces:/home/jackfeels/turtlebot3_ws/install/turtlebot3:/home/jackfeels/turtlebot3_ws/install/turtlebot3_bringup:/home/jackfeels/turtlebot3_ws/install/turtlebot3_node:/home/jackfeels/turtlebot3_ws/install/turtlebot3_navigation2:/home/jackfeels/turtlebot3_ws/install/turtlebot3_msgs:/home/jackfeels/turtlebot3_ws/install/turtlebot3_description:/home/jackfeels/turtlebot3_ws/install/turtlebot3_cartographer:/home/jackfeels/turtlebot3_ws/install/dynamixel_sdk_examples:/home/jackfeels/turtlebot3_ws/install/dynamixel_sdk_custom_interfaces:/home/jackfeels/turtlebot3_ws/install/dynamixel_sdk'}, 'shell': False}
[1.481236] (follow_controller) Command: {'cmd': ['/usr/bin/python3', '-W', 'ignore:setup.py install is deprecated', '-W', 'ignore:easy_install command is deprecated', 'setup.py', 'egg_info', '--egg-base', '../../build/follow_controller', 'build', '--build-base', '/home/jackfeels/Documents/PROYECTO_TURTLEBOT/build/follow_controller/build', 'install', '--record', '/home/jackfeels/Documents/PROYECTO_TURTLEBOT/build/follow_controller/install.log', '--single-version-externally-managed', 'install_data'], 'cwd': '/home/jackfeels/Documents/PROYECTO_TURTLEBOT/src/follow_controller', 'env': {'GJS_DEBUG_TOPICS': 'JS ERROR;JS LOG', 'PYTHON_BASIC_REPL': '1', 'LESSOPEN': '| /usr/bin/lesspipe %s', 'USER': 'jackfeels', 'XDG_SESSION_TYPE': 'wayland', 'GIT_ASKPASS': '/usr/share/code/resources/app/extensions/git/dist/askpass.sh', 'ROS_PACKAGE_PATH': '/home/jackfeels/Documents/PROYECTO_TURTLEBOT/install/tb3_interfaces/share', 'SHLVL': '1', 'LD_LIBRARY_PATH': '/home/jackfeels/Documents/PROYECTO_TURTLEBOT/install/tb3_interfaces/lib:/home/jackfeels/turtlebot3_ws/install/turtlebot3_msgs/lib:/home/jackfeels/turtlebot3_ws/install/dynamixel_sdk_custom_interfaces/lib:/home/jackfeels/turtlebot3_ws/install/dynamixel_sdk/lib:/opt/ros/humble/opt/rviz_ogre_vendor/lib:/opt/ros/humble/lib/aarch64-linux-gnu:/opt/ros/humble/lib', 'HOME': '/home/jackfeels', 'CHROME_DESKTOP': 'code.desktop', 'OLDPWD': '/home/jackfeels/Documents/PROYECTO_TURTLEBOT', 'TERM_PROGRAM_VERSION': '1.114.0', 'DESKTOP_SESSION': 'ubuntu', 'GIO_LAUNCHED_DESKTOP_FILE': '/usr/share/applications/code.desktop', 'ROS_PYTHON_VERSION': '3', 'GNOME_SHELL_SESSION_MODE': 'ubuntu', 'GTK_MODULES': 'gail:atk-bridge', 'VSCODE_GIT_ASKPASS_MAIN': '/usr/share/code/resources/app/extensions/git/dist/askpass-main.js', 'VSCODE_GIT_ASKPASS_NODE': '/usr/share/code/code', 'MANAGERPID': '1447', 'PYDEVD_DISABLE_FILE_VALIDATION': '1', 'SYSTEMD_EXEC_PID': '2048', 'BUNDLED_DEBUGPY_PATH': '/home/jackfeels/.vscode/extensions/ms-python.debugpy-2025.18.0-linux-arm64/bundled/libs/debugpy', 'IM_CONFIG_CHECK_ENV': '1', 'VSCODE_PYTHON_AUTOACTIVATE_GUARD': '1', 'DBUS_SESSION_BUS_ADDRESS': 'unix:path=/run/user/1000/bus', 'COLORTERM': 'truecolor', 'GIO_LAUNCHED_DESKTOP_FILE_PID': '31416', 'IM_CONFIG_PHASE': '1', 'WAYLAND_DISPLAY': 'wayland-0', 'COLCON_PREFIX_PATH': '/home/jackfeels/turtlebot3_ws/install', 'ROS_DISTRO': 'humble', 'LOGNAME': 'jackfeels', 'JOURNAL_STREAM': '8:27136', '_': '/usr/bin/colcon', 'ROS_VERSION': '2', 'CLAUDE_CODE_SSE_PORT': '37331', 'XDG_SESSION_CLASS': 'user', 'PKG_CONFIG_PATH': '/home/jackfeels/Documents/PROYECTO_TURTLEBOT/install/tb3_interfaces/lib/aarch64-linux-gnu/pkgconfig:/home/jackfeels/Documents/PROYECTO_TURTLEBOT/install/tb3_interfaces/lib/pkgconfig', 'USERNAME': 'jackfeels', 'TERM': 'xterm-256color', 'GNOME_DESKTOP_SESSION_ID': 'this-is-deprecated', 'FC_FONTATIONS': '1', 'ROS_LOCALHOST_ONLY': '0', 'PATH': '/home/jackfeels/.local/bin:/home/jackfeels/.local/bin:/home/jackfeels/.config/Code/User/globalStorage/github.copilot-chat/debugCommand:/home/jackfeels/.config/Code/User/globalStorage/github.copilot-chat/copilotCli:/home/jackfeels/.local/bin:/home/jackfeels/.local/bin:/home/jackfeels/.local/bin:/opt/ros/humble/bin:/home/jackfeels/.local/bin:/usr/local/sbin:/usr/local/bin:/usr/sbin:/usr/bin:/sbin:/bin:/usr/games:/usr/local/games:/snap/bin:/snap/bin:/home/jackfeels/.vscode/extensions/ms-python.debugpy-2025.18.0-linux-arm64/bundled/scripts/noConfigScripts', 'SESSION_MANAGER': 'local/jackfeels:@/tmp/.ICE-unix/2024,unix/jackfeels:/tmp/.ICE-unix/2024', 'INVOCATION_ID': '7072cee1c8cb4ac79fe0ad88f4dcb9f7', 'XDG_MENU_PREFIX': 'gnome-', 'GNOME_SETUP_DISPLAY': ':1', 'XDG_RUNTIME_DIR': '/run/user/1000', 'GDK_BACKEND': 'wayland', 'DISPLAY': ':0', 'VSCODE_DEBUGPY_ADAPTER_ENDPOINTS': '/home/jackfeels/.vscode/extensions/ms-python.debugpy-2025.18.0-linux-arm64/.noConfigDebugAdapterEndpoints/endpoint-185b3b7f67631b8b.txt', 'LANG': 'en_US.UTF-8', 'XDG_CURRENT_DESKTOP': 'ubuntu:GNOME', 'PYTHONSTARTUP': '/home/jackfeels/.config/Code/User/workspaceStorage/46ee1a91a2843d3566ffcdb977c34744/ms-python.python/pythonrc.py', 'XMODIFIERS': '@im=ibus', 'XDG_SESSION_DESKTOP': 'ubuntu', 'XAUTHORITY': '/run/user/1000/.mutter-Xwaylandauth.BCY4N3', 'LS_COLORS': 'rs=0:di=01;34:ln=01;36:mh=00:pi=40;33:so=01;35:do=01;35:bd=40;33;01:cd=40;33;01:or=40;31;01:mi=00:su=37;41:sg=30;43:ca=30;41:tw=30;42:ow=34;42:st=37;44:ex=01;32:*.tar=01;31:*.tgz=01;31:*.arc=01;31:*.arj=01;31:*.taz=01;31:*.lha=01;31:*.lz4=01;31:*.lzh=01;31:*.lzma=01;31:*.tlz=01;31:*.txz=01;31:*.tzo=01;31:*.t7z=01;31:*.zip=01;31:*.z=01;31:*.dz=01;31:*.gz=01;31:*.lrz=01;31:*.lz=01;31:*.lzo=01;31:*.xz=01;31:*.zst=01;31:*.tzst=01;31:*.bz2=01;31:*.bz=01;31:*.tbz=01;31:*.tbz2=01;31:*.tz=01;31:*.deb=01;31:*.rpm=01;31:*.jar=01;31:*.war=01;31:*.ear=01;31:*.sar=01;31:*.rar=01;31:*.alz=01;31:*.ace=01;31:*.zoo=01;31:*.cpio=01;31:*.7z=01;31:*.rz=01;31:*.cab=01;31:*.wim=01;31:*.swm=01;31:*.dwm=01;31:*.esd=01;31:*.jpg=01;35:*.jpeg=01;35:*.mjpg=01;35:*.mjpeg=01;35:*.gif=01;35:*.bmp=01;35:*.pbm=01;35:*.pgm=01;35:*.ppm=01;35:*.tga=01;35:*.xbm=01;35:*.xpm=01;35:*.tif=01;35:*.tiff=01;35:*.png=01;35:*.svg=01;35:*.svgz=01;35:*.mng=01;35:*.pcx=01;35:*.mov=01;35:*.mpg=01;35:*.mpeg=01;35:*.m2v=01;35:*.mkv=01;35:*.webm=01;35:*.webp=01;35:*.ogm=01;35:*.mp4=01;35:*.m4v=01;35:*.mp4v=01;35:*.vob=01;35:*.qt=01;35:*.nuv=01;35:*.wmv=01;35:*.asf=01;35:*.rm=01;35:*.rmvb=01;35:*.flc=01;35:*.avi=01;35:*.fli=01;35:*.flv=01;35:*.gl=01;35:*.dl=01;35:*.xcf=01;35:*.xwd=01;35:*.yuv=01;35:*.cgm=01;35:*.emf=01;35:*.ogv=01;35:*.ogx=01;35:*.aac=00;36:*.au=00;36:*.flac=00;36:*.m4a=00;36:*.mid=00;36:*.midi=00;36:*.mka=00;36:*.mp3=00;36:*.mpc=00;36:*.ogg=00;36:*.ra=00;36:*.wav=00;36:*.oga=00;36:*.opus=00;36:*.spx=00;36:*.xspf=00;36:', 'VSCODE_GIT_IPC_HANDLE': '/run/user/1000/vscode-git-3da86ad6c9.sock', 'TERM_PROGRAM': 'vscode', 'SSH_AGENT_LAUNCHER': 'gnome-keyring', 'SSH_AUTH_SOCK': '/run/user/1000/keyring/ssh', 'ROS_DOMAIN_ID': '30', 'AMENT_PREFIX_PATH': '/home/jackfeels/turtlebot3_ws/install/turtlebot3:/home/jackfeels/turtlebot3_ws/install/turtlebot3_teleop:/home/jackfeels/turtlebot3_ws/install/turtlebot3_bringup:/home/jackfeels/turtlebot3_ws/install/turtlebot3_node:/home/jackfeels/turtlebot3_ws/install/turtlebot3_navigation2:/home/jackfeels/turtlebot3_ws/install/turtlebot3_example:/home/jackfeels/turtlebot3_ws/install/turtlebot3_msgs:/home/jackfeels/turtlebot3_ws/install/turtlebot3_description:/home/jackfeels/turtlebot3_ws/install/turtlebot3_cartographer:/home/jackfeels/turtlebot3_ws/install/dynamixel_sdk_examples:/home/jackfeels/turtlebot3_ws/install/dynamixel_sdk_custom_interfaces:/home/jackfeels/turtlebot3_ws/install/dynamixel_sdk:/opt/ros/humble', 'SHELL': '/bin/bash', 'QT_ACCESSIBILITY': '1', 'GDMSESSION': 'ubuntu', 'LESSCLOSE': '/usr/bin/lesspipe %s %s', 'GJS_DEBUG_OUTPUT': 'stderr', 'VSCODE_GIT_ASKPASS_EXTRA_ARGS': '', 'QT_IM_MODULE': 'ibus', 'PWD': '/home/jackfeels/Documents/PROYECTO_TURTLEBOT/build/follow_controller', 'TURTLEBOT3_MODEL': 'burger', 'XDG_CONFIG_DIRS': '/etc/xdg/xdg-ubuntu:/etc/xdg', 'XDG_DATA_DIRS': '/usr/share/ubuntu:/usr/local/share/:/usr/share/:/var/lib/snapd/desktop', 'PYTHONPATH': '/home/jackfeels/Documents/PROYECTO_TURTLEBOT/build/follow_controller/prefix_override:/usr/lib/python3/dist-packages/colcon_core/task/python/colcon_distutils_commands:/home/jackfeels/Documents/PROYECTO_TURTLEBOT/install/follow_controller/lib/python3.10/site-packages:/home/jackfeels/Documents/PROYECTO_TURTLEBOT/install/tb3_interfaces/local/lib/python3.10/dist-packages:/home/jackfeels/turtlebot3_ws/install/turtlebot3_teleop/lib/python3.10/site-packages:/home/jackfeels/turtlebot3_ws/install/turtlebot3_example/lib/python3.10/site-packages:/home/jackfeels/turtlebot3_ws/install/turtlebot3_msgs/local/lib/python3.10/dist-packages:/home/jackfeels/turtlebot3_ws/install/dynamixel_sdk_custom_interfaces/local/lib/python3.10/dist-packages:/home/jackfeels/turtlebot3_ws/install/dynamixel_sdk/local/lib/python3.10/dist-packages:/opt/ros/humble/lib/python3.10/site-packages:/opt/ros/humble/local/lib/python3.10/dist-packages', 'COLCON': '1', 'CMAKE_PREFIX_PATH': '/home/jackfeels/Documents/PROYECTO_TURTLEBOT/install/tb3_interfaces:/home/jackfeels/turtlebot3_ws/install/turtlebot3:/home/jackfeels/turtlebot3_ws/install/turtlebot3_bringup:/home/jackfeels/turtlebot3_ws/install/turtlebot3_node:/home/jackfeels/turtlebot3_ws/install/turtlebot3_navigation2:/home/jackfeels/turtlebot3_ws/install/turtlebot3_msgs:/home/jackfeels/turtlebot3_ws/install/turtlebot3_description:/home/jackfeels/turtlebot3_ws/install/turtlebot3_cartographer:/home/jackfeels/turtlebot3_ws/install/dynamixel_sdk_examples:/home/jackfeels/turtlebot3_ws/install/dynamixel_sdk_custom_interfaces:/home/jackfeels/turtlebot3_ws/install/dynamixel_sdk'}, 'shell': False}
[1.482242] (gesture_detector) CommandEnded: {'returncode': 0}
[1.486626] (gesture_detector) JobEnded: {'identifier': 'gesture_detector', 'rc': 0}
[1.487372] (target_selector) JobStarted: {'identifier': 'target_selector'}
[1.517028] (-) TimerEvent: {}
[1.617267] (-) TimerEvent: {}
[1.645249] (follow_controller) StdoutLine: {'line': b'running egg_info\n'}
[1.653583] (follow_controller) StdoutLine: {'line': b'writing ../../build/follow_controller/follow_controller.egg-info/PKG-INFO\n'}
[1.653823] (debug_visualizer) StdoutLine: {'line': b'running egg_info\n'}
[1.654579] (follow_controller) StdoutLine: {'line': b'writing dependency_links to ../../build/follow_controller/follow_controller.egg-info/dependency_links.txt\n'}
[1.655732] (follow_controller) StdoutLine: {'line': b'writing entry points to ../../build/follow_controller/follow_controller.egg-info/entry_points.txt\n'}
[1.656080] (follow_controller) StdoutLine: {'line': b'writing requirements to ../../build/follow_controller/follow_controller.egg-info/requires.txt\n'}
[1.656437] (follow_controller) StdoutLine: {'line': b'writing top-level names to ../../build/follow_controller/follow_controller.egg-info/top_level.txt\n'}
[1.662427] (debug_visualizer) StdoutLine: {'line': b'writing ../../build/debug_visualizer/debug_visualizer.egg-info/PKG-INFO\n'}
[1.663190] (debug_visualizer) StdoutLine: {'line': b'writing dependency_links to ../../build/debug_visualizer/debug_visualizer.egg-info/dependency_links.txt\n'}
[1.665395] (debug_visualizer) StdoutLine: {'line': b'writing entry points to ../../build/debug_visualizer/debug_visualizer.egg-info/entry_points.txt\n'}
[1.665492] (debug_visualizer) StdoutLine: {'line': b'writing requirements to ../../build/debug_visualizer/debug_visualizer.egg-info/requires.txt\n'}
[1.665543] (debug_visualizer) StdoutLine: {'line': b'writing top-level names to ../../build/debug_visualizer/debug_visualizer.egg-info/top_level.txt\n'}
[1.676988] (follow_controller) StdoutLine: {'line': b"reading manifest file '../../build/follow_controller/follow_controller.egg-info/SOURCES.txt'\n"}
[1.678250] (follow_controller) StdoutLine: {'line': b"writing manifest file '../../build/follow_controller/follow_controller.egg-info/SOURCES.txt'\n"}
[1.678587] (follow_controller) StdoutLine: {'line': b'running build\n'}
[1.678691] (follow_controller) StdoutLine: {'line': b'running build_py\n'}
[1.679242] (follow_controller) StdoutLine: {'line': b'copying follow_controller/follow_controller_node.py -> /home/jackfeels/Documents/PROYECTO_TURTLEBOT/build/follow_controller/build/lib/follow_controller\n'}
[1.679753] (follow_controller) StdoutLine: {'line': b'copying follow_controller/__init__.py -> /home/jackfeels/Documents/PROYECTO_TURTLEBOT/build/follow_controller/build/lib/follow_controller\n'}
[1.680328] (follow_controller) StdoutLine: {'line': b'running install\n'}
[1.683441] (follow_controller) StdoutLine: {'line': b'running install_lib\n'}
[1.684276] (debug_visualizer) StdoutLine: {'line': b"reading manifest file '../../build/debug_visualizer/debug_visualizer.egg-info/SOURCES.txt'\n"}
[1.685521] (debug_visualizer) StdoutLine: {'line': b"writing manifest file '../../build/debug_visualizer/debug_visualizer.egg-info/SOURCES.txt'\n"}
[1.685976] (debug_visualizer) StdoutLine: {'line': b'running build\n'}
[1.686428] (debug_visualizer) StdoutLine: {'line': b'running build_py\n'}
[1.686643] (debug_visualizer) StdoutLine: {'line': b'copying debug_visualizer/debug_visualizer_node.py -> /home/jackfeels/Documents/PROYECTO_TURTLEBOT/build/debug_visualizer/build/lib/debug_visualizer\n'}
[1.687323] (debug_visualizer) StdoutLine: {'line': b'copying debug_visualizer/__init__.py -> /home/jackfeels/Documents/PROYECTO_TURTLEBOT/build/debug_visualizer/build/lib/debug_visualizer\n'}
[1.687866] (debug_visualizer) StdoutLine: {'line': b'running install\n'}
[1.690741] (debug_visualizer) StdoutLine: {'line': b'running install_lib\n'}
[1.693455] (follow_controller) StdoutLine: {'line': b'copying /home/jackfeels/Documents/PROYECTO_TURTLEBOT/build/follow_controller/build/lib/follow_controller/follow_controller_node.py -> /home/jackfeels/Documents/PROYECTO_TURTLEBOT/install/follow_controller/lib/python3.10/site-packages/follow_controller\n'}
[1.694422] (follow_controller) StdoutLine: {'line': b'byte-compiling /home/jackfeels/Documents/PROYECTO_TURTLEBOT/install/follow_controller/lib/python3.10/site-packages/follow_controller/follow_controller_node.py to follow_controller_node.cpython-310.pyc\n'}
[1.696053] (follow_controller) StdoutLine: {'line': b'running install_data\n'}
[1.696369] (follow_controller) StdoutLine: {'line': b'copying resource/follow_controller -> /home/jackfeels/Documents/PROYECTO_TURTLEBOT/install/follow_controller/share/ament_index/resource_index/packages\n'}
[1.696999] (follow_controller) StdoutLine: {'line': b'copying package.xml -> /home/jackfeels/Documents/PROYECTO_TURTLEBOT/install/follow_controller/share/follow_controller\n'}
[1.697517] (follow_controller) StdoutLine: {'line': b'running install_egg_info\n'}
[1.700837] (debug_visualizer) StdoutLine: {'line': b'running install_data\n'}
[1.701101] (debug_visualizer) StdoutLine: {'line': b'copying resource/debug_visualizer -> /home/jackfeels/Documents/PROYECTO_TURTLEBOT/install/debug_visualizer/share/ament_index/resource_index/packages\n'}
[1.701612] (debug_visualizer) StdoutLine: {'line': b'copying package.xml -> /home/jackfeels/Documents/PROYECTO_TURTLEBOT/install/debug_visualizer/share/debug_visualizer\n'}
[1.701674] (debug_visualizer) StdoutLine: {'line': b'running install_egg_info\n'}
[1.707352] (follow_controller) StdoutLine: {'line': b"removing '/home/jackfeels/Documents/PROYECTO_TURTLEBOT/install/follow_controller/lib/python3.10/site-packages/follow_controller-0.0.1-py3.10.egg-info' (and everything under it)\n"}
[1.708692] (follow_controller) StdoutLine: {'line': b'Copying ../../build/follow_controller/follow_controller.egg-info to /home/jackfeels/Documents/PROYECTO_TURTLEBOT/install/follow_controller/lib/python3.10/site-packages/follow_controller-0.0.1-py3.10.egg-info\n'}
[1.711575] (debug_visualizer) StdoutLine: {'line': b"removing '/home/jackfeels/Documents/PROYECTO_TURTLEBOT/install/debug_visualizer/lib/python3.10/site-packages/debug_visualizer-0.0.1-py3.10.egg-info' (and everything under it)\n"}
[1.724728] (follow_controller) StdoutLine: {'line': b'running install_scripts\n'}
[1.724858] (-) TimerEvent: {}
[1.730097] (follow_controller) StdoutLine: {'line': b'Installing follow_controller_node script to /home/jackfeels/Documents/PROYECTO_TURTLEBOT/install/follow_controller/lib/follow_controller\n'}
[1.730901] (debug_visualizer) StdoutLine: {'line': b'Copying ../../build/debug_visualizer/debug_visualizer.egg-info to /home/jackfeels/Documents/PROYECTO_TURTLEBOT/install/debug_visualizer/lib/python3.10/site-packages/debug_visualizer-0.0.1-py3.10.egg-info\n'}
[1.732145] (debug_visualizer) StdoutLine: {'line': b'running install_scripts\n'}
[1.733641] (follow_controller) StdoutLine: {'line': b"writing list of installed files to '/home/jackfeels/Documents/PROYECTO_TURTLEBOT/build/follow_controller/install.log'\n"}
[1.749016] (debug_visualizer) StdoutLine: {'line': b'Installing debug_visualizer_node script to /home/jackfeels/Documents/PROYECTO_TURTLEBOT/install/debug_visualizer/lib/debug_visualizer\n'}
[1.749329] (debug_visualizer) StdoutLine: {'line': b"writing list of installed files to '/home/jackfeels/Documents/PROYECTO_TURTLEBOT/build/debug_visualizer/install.log'\n"}
[1.754791] (follow_controller) CommandEnded: {'returncode': 0}
[1.758056] (follow_controller) JobEnded: {'identifier': 'follow_controller', 'rc': 0}
[1.773689] (debug_visualizer) CommandEnded: {'returncode': 0}
[1.775353] (debug_visualizer) JobEnded: {'identifier': 'debug_visualizer', 'rc': 0}
[1.797964] (person_tracker) Command: {'cmd': ['/usr/bin/python3', '-W', 'ignore:setup.py install is deprecated', '-W', 'ignore:easy_install command is deprecated', 'setup.py', 'egg_info', '--egg-base', '../../build/person_tracker', 'build', '--build-base', '/home/jackfeels/Documents/PROYECTO_TURTLEBOT/build/person_tracker/build', 'install', '--record', '/home/jackfeels/Documents/PROYECTO_TURTLEBOT/build/person_tracker/install.log', '--single-version-externally-managed', 'install_data'], 'cwd': '/home/jackfeels/Documents/PROYECTO_TURTLEBOT/src/person_tracker', 'env': {'GJS_DEBUG_TOPICS': 'JS ERROR;JS LOG', 'PYTHON_BASIC_REPL': '1', 'LESSOPEN': '| /usr/bin/lesspipe %s', 'USER': 'jackfeels', 'XDG_SESSION_TYPE': 'wayland', 'GIT_ASKPASS': '/usr/share/code/resources/app/extensions/git/dist/askpass.sh', 'ROS_PACKAGE_PATH': '/home/jackfeels/Documents/PROYECTO_TURTLEBOT/install/tb3_interfaces/share', 'SHLVL': '1', 'LD_LIBRARY_PATH': '/home/jackfeels/Documents/PROYECTO_TURTLEBOT/install/tb3_interfaces/lib:/home/jackfeels/turtlebot3_ws/install/turtlebot3_msgs/lib:/home/jackfeels/turtlebot3_ws/install/dynamixel_sdk_custom_interfaces/lib:/home/jackfeels/turtlebot3_ws/install/dynamixel_sdk/lib:/opt/ros/humble/opt/rviz_ogre_vendor/lib:/opt/ros/humble/lib/aarch64-linux-gnu:/opt/ros/humble/lib', 'HOME': '/home/jackfeels', 'CHROME_DESKTOP': 'code.desktop', 'OLDPWD': '/home/jackfeels/Documents/PROYECTO_TURTLEBOT', 'TERM_PROGRAM_VERSION': '1.114.0', 'DESKTOP_SESSION': 'ubuntu', 'GIO_LAUNCHED_DESKTOP_FILE': '/usr/share/applications/code.desktop', 'ROS_PYTHON_VERSION': '3', 'GNOME_SHELL_SESSION_MODE': 'ubuntu', 'GTK_MODULES': 'gail:atk-bridge', 'VSCODE_GIT_ASKPASS_MAIN': '/usr/share/code/resources/app/extensions/git/dist/askpass-main.js', 'VSCODE_GIT_ASKPASS_NODE': '/usr/share/code/code', 'MANAGERPID': '1447', 'PYDEVD_DISABLE_FILE_VALIDATION': '1', 'SYSTEMD_EXEC_PID': '2048', 'BUNDLED_DEBUGPY_PATH': '/home/jackfeels/.vscode/extensions/ms-python.debugpy-2025.18.0-linux-arm64/bundled/libs/debugpy', 'IM_CONFIG_CHECK_ENV': '1', 'VSCODE_PYTHON_AUTOACTIVATE_GUARD': '1', 'DBUS_SESSION_BUS_ADDRESS': 'unix:path=/run/user/1000/bus', 'COLORTERM': 'truecolor', 'GIO_LAUNCHED_DESKTOP_FILE_PID': '31416', 'IM_CONFIG_PHASE': '1', 'WAYLAND_DISPLAY': 'wayland-0', 'COLCON_PREFIX_PATH': '/home/jackfeels/turtlebot3_ws/install', 'ROS_DISTRO': 'humble', 'LOGNAME': 'jackfeels', 'JOURNAL_STREAM': '8:27136', '_': '/usr/bin/colcon', 'ROS_VERSION': '2', 'CLAUDE_CODE_SSE_PORT': '37331', 'XDG_SESSION_CLASS': 'user', 'PKG_CONFIG_PATH': '/home/jackfeels/Documents/PROYECTO_TURTLEBOT/install/tb3_interfaces/lib/aarch64-linux-gnu/pkgconfig:/home/jackfeels/Documents/PROYECTO_TURTLEBOT/install/tb3_interfaces/lib/pkgconfig', 'USERNAME': 'jackfeels', 'TERM': 'xterm-256color', 'GNOME_DESKTOP_SESSION_ID': 'this-is-deprecated', 'FC_FONTATIONS': '1', 'ROS_LOCALHOST_ONLY': '0', 'PATH': '/home/jackfeels/.local/bin:/home/jackfeels/.local/bin:/home/jackfeels/.config/Code/User/globalStorage/github.copilot-chat/debugCommand:/home/jackfeels/.config/Code/User/globalStorage/github.copilot-chat/copilotCli:/home/jackfeels/.local/bin:/home/jackfeels/.local/bin:/home/jackfeels/.local/bin:/opt/ros/humble/bin:/home/jackfeels/.local/bin:/usr/local/sbin:/usr/local/bin:/usr/sbin:/usr/bin:/sbin:/bin:/usr/games:/usr/local/games:/snap/bin:/snap/bin:/home/jackfeels/.vscode/extensions/ms-python.debugpy-2025.18.0-linux-arm64/bundled/scripts/noConfigScripts', 'SESSION_MANAGER': 'local/jackfeels:@/tmp/.ICE-unix/2024,unix/jackfeels:/tmp/.ICE-unix/2024', 'INVOCATION_ID': '7072cee1c8cb4ac79fe0ad88f4dcb9f7', 'XDG_MENU_PREFIX': 'gnome-', 'GNOME_SETUP_DISPLAY': ':1', 'XDG_RUNTIME_DIR': '/run/user/1000', 'GDK_BACKEND': 'wayland', 'DISPLAY': ':0', 'VSCODE_DEBUGPY_ADAPTER_ENDPOINTS': '/home/jackfeels/.vscode/extensions/ms-python.debugpy-2025.18.0-linux-arm64/.noConfigDebugAdapterEndpoints/endpoint-185b3b7f67631b8b.txt', 'LANG': 'en_US.UTF-8', 'XDG_CURRENT_DESKTOP': 'ubuntu:GNOME', 'PYTHONSTARTUP': '/home/jackfeels/.config/Code/User/workspaceStorage/46ee1a91a2843d3566ffcdb977c34744/ms-python.python/pythonrc.py', 'XMODIFIERS': '@im=ibus', 'XDG_SESSION_DESKTOP': 'ubuntu', 'XAUTHORITY': '/run/user/1000/.mutter-Xwaylandauth.BCY4N3', 'LS_COLORS': 'rs=0:di=01;34:ln=01;36:mh=00:pi=40;33:so=01;35:do=01;35:bd=40;33;01:cd=40;33;01:or=40;31;01:mi=00:su=37;41:sg=30;43:ca=30;41:tw=30;42:ow=34;42:st=37;44:ex=01;32:*.tar=01;31:*.tgz=01;31:*.arc=01;31:*.arj=01;31:*.taz=01;31:*.lha=01;31:*.lz4=01;31:*.lzh=01;31:*.lzma=01;31:*.tlz=01;31:*.txz=01;31:*.tzo=01;31:*.t7z=01;31:*.zip=01;31:*.z=01;31:*.dz=01;31:*.gz=01;31:*.lrz=01;31:*.lz=01;31:*.lzo=01;31:*.xz=01;31:*.zst=01;31:*.tzst=01;31:*.bz2=01;31:*.bz=01;31:*.tbz=01;31:*.tbz2=01;31:*.tz=01;31:*.deb=01;31:*.rpm=01;31:*.jar=01;31:*.war=01;31:*.ear=01;31:*.sar=01;31:*.rar=01;31:*.alz=01;31:*.ace=01;31:*.zoo=01;31:*.cpio=01;31:*.7z=01;31:*.rz=01;31:*.cab=01;31:*.wim=01;31:*.swm=01;31:*.dwm=01;31:*.esd=01;31:*.jpg=01;35:*.jpeg=01;35:*.mjpg=01;35:*.mjpeg=01;35:*.gif=01;35:*.bmp=01;35:*.pbm=01;35:*.pgm=01;35:*.ppm=01;35:*.tga=01;35:*.xbm=01;35:*.xpm=01;35:*.tif=01;35:*.tiff=01;35:*.png=01;35:*.svg=01;35:*.svgz=01;35:*.mng=01;35:*.pcx=01;35:*.mov=01;35:*.mpg=01;35:*.mpeg=01;35:*.m2v=01;35:*.mkv=01;35:*.webm=01;35:*.webp=01;35:*.ogm=01;35:*.mp4=01;35:*.m4v=01;35:*.mp4v=01;35:*.vob=01;35:*.qt=01;35:*.nuv=01;35:*.wmv=01;35:*.asf=01;35:*.rm=01;35:*.rmvb=01;35:*.flc=01;35:*.avi=01;35:*.fli=01;35:*.flv=01;35:*.gl=01;35:*.dl=01;35:*.xcf=01;35:*.xwd=01;35:*.yuv=01;35:*.cgm=01;35:*.emf=01;35:*.ogv=01;35:*.ogx=01;35:*.aac=00;36:*.au=00;36:*.flac=00;36:*.m4a=00;36:*.mid=00;36:*.midi=00;36:*.mka=00;36:*.mp3=00;36:*.mpc=00;36:*.ogg=00;36:*.ra=00;36:*.wav=00;36:*.oga=00;36:*.opus=00;36:*.spx=00;36:*.xspf=00;36:', 'VSCODE_GIT_IPC_HANDLE': '/run/user/1000/vscode-git-3da86ad6c9.sock', 'TERM_PROGRAM': 'vscode', 'SSH_AGENT_LAUNCHER': 'gnome-keyring', 'SSH_AUTH_SOCK': '/run/user/1000/keyring/ssh', 'ROS_DOMAIN_ID': '30', 'AMENT_PREFIX_PATH': '/home/jackfeels/turtlebot3_ws/install/turtlebot3:/home/jackfeels/turtlebot3_ws/install/turtlebot3_teleop:/home/jackfeels/turtlebot3_ws/install/turtlebot3_bringup:/home/jackfeels/turtlebot3_ws/install/turtlebot3_node:/home/jackfeels/turtlebot3_ws/install/turtlebot3_navigation2:/home/jackfeels/turtlebot3_ws/install/turtlebot3_example:/home/jackfeels/turtlebot3_ws/install/turtlebot3_msgs:/home/jackfeels/turtlebot3_ws/install/turtlebot3_description:/home/jackfeels/turtlebot3_ws/install/turtlebot3_cartographer:/home/jackfeels/turtlebot3_ws/install/dynamixel_sdk_examples:/home/jackfeels/turtlebot3_ws/install/dynamixel_sdk_custom_interfaces:/home/jackfeels/turtlebot3_ws/install/dynamixel_sdk:/opt/ros/humble', 'SHELL': '/bin/bash', 'QT_ACCESSIBILITY': '1', 'GDMSESSION': 'ubuntu', 'LESSCLOSE': '/usr/bin/lesspipe %s %s', 'GJS_DEBUG_OUTPUT': 'stderr', 'VSCODE_GIT_ASKPASS_EXTRA_ARGS': '', 'QT_IM_MODULE': 'ibus', 'PWD': '/home/jackfeels/Documents/PROYECTO_TURTLEBOT/build/person_tracker', 'TURTLEBOT3_MODEL': 'burger', 'XDG_CONFIG_DIRS': '/etc/xdg/xdg-ubuntu:/etc/xdg', 'XDG_DATA_DIRS': '/usr/share/ubuntu:/usr/local/share/:/usr/share/:/var/lib/snapd/desktop', 'PYTHONPATH': '/home/jackfeels/Documents/PROYECTO_TURTLEBOT/build/person_tracker/prefix_override:/usr/lib/python3/dist-packages/colcon_core/task/python/colcon_distutils_commands:/home/jackfeels/Documents/PROYECTO_TURTLEBOT/install/person_tracker/lib/python3.10/site-packages:/home/jackfeels/Documents/PROYECTO_TURTLEBOT/install/tb3_interfaces/local/lib/python3.10/dist-packages:/home/jackfeels/turtlebot3_ws/install/turtlebot3_teleop/lib/python3.10/site-packages:/home/jackfeels/turtlebot3_ws/install/turtlebot3_example/lib/python3.10/site-packages:/home/jackfeels/turtlebot3_ws/install/turtlebot3_msgs/local/lib/python3.10/dist-packages:/home/jackfeels/turtlebot3_ws/install/dynamixel_sdk_custom_interfaces/local/lib/python3.10/dist-packages:/home/jackfeels/turtlebot3_ws/install/dynamixel_sdk/local/lib/python3.10/dist-packages:/opt/ros/humble/lib/python3.10/site-packages:/opt/ros/humble/local/lib/python3.10/dist-packages', 'COLCON': '1', 'CMAKE_PREFIX_PATH': '/home/jackfeels/Documents/PROYECTO_TURTLEBOT/install/tb3_interfaces:/home/jackfeels/turtlebot3_ws/install/turtlebot3:/home/jackfeels/turtlebot3_ws/install/turtlebot3_bringup:/home/jackfeels/turtlebot3_ws/install/turtlebot3_node:/home/jackfeels/turtlebot3_ws/install/turtlebot3_navigation2:/home/jackfeels/turtlebot3_ws/install/turtlebot3_msgs:/home/jackfeels/turtlebot3_ws/install/turtlebot3_description:/home/jackfeels/turtlebot3_ws/install/turtlebot3_cartographer:/home/jackfeels/turtlebot3_ws/install/dynamixel_sdk_examples:/home/jackfeels/turtlebot3_ws/install/dynamixel_sdk_custom_interfaces:/home/jackfeels/turtlebot3_ws/install/dynamixel_sdk'}, 'shell': False}
[1.824962] (-) TimerEvent: {}
[1.916193] (target_selector) Command: {'cmd': ['/usr/bin/python3', '-W', 'ignore:setup.py install is deprecated', '-W', 'ignore:easy_install command is deprecated', 'setup.py', 'egg_info', '--egg-base', '../../build/target_selector', 'build', '--build-base', '/home/jackfeels/Documents/PROYECTO_TURTLEBOT/build/target_selector/build', 'install', '--record', '/home/jackfeels/Documents/PROYECTO_TURTLEBOT/build/target_selector/install.log', '--single-version-externally-managed', 'install_data'], 'cwd': '/home/jackfeels/Documents/PROYECTO_TURTLEBOT/src/target_selector', 'env': {'GJS_DEBUG_TOPICS': 'JS ERROR;JS LOG', 'PYTHON_BASIC_REPL': '1', 'LESSOPEN': '| /usr/bin/lesspipe %s', 'USER': 'jackfeels', 'XDG_SESSION_TYPE': 'wayland', 'GIT_ASKPASS': '/usr/share/code/resources/app/extensions/git/dist/askpass.sh', 'ROS_PACKAGE_PATH': '/home/jackfeels/Documents/PROYECTO_TURTLEBOT/install/tb3_interfaces/share', 'SHLVL': '1', 'LD_LIBRARY_PATH': '/home/jackfeels/Documents/PROYECTO_TURTLEBOT/install/tb3_interfaces/lib:/home/jackfeels/turtlebot3_ws/install/turtlebot3_msgs/lib:/home/jackfeels/turtlebot3_ws/install/dynamixel_sdk_custom_interfaces/lib:/home/jackfeels/turtlebot3_ws/install/dynamixel_sdk/lib:/opt/ros/humble/opt/rviz_ogre_vendor/lib:/opt/ros/humble/lib/aarch64-linux-gnu:/opt/ros/humble/lib', 'HOME': '/home/jackfeels', 'CHROME_DESKTOP': 'code.desktop', 'OLDPWD': '/home/jackfeels/Documents/PROYECTO_TURTLEBOT', 'TERM_PROGRAM_VERSION': '1.114.0', 'DESKTOP_SESSION': 'ubuntu', 'GIO_LAUNCHED_DESKTOP_FILE': '/usr/share/applications/code.desktop', 'ROS_PYTHON_VERSION': '3', 'GNOME_SHELL_SESSION_MODE': 'ubuntu', 'GTK_MODULES': 'gail:atk-bridge', 'VSCODE_GIT_ASKPASS_MAIN': '/usr/share/code/resources/app/extensions/git/dist/askpass-main.js', 'VSCODE_GIT_ASKPASS_NODE': '/usr/share/code/code', 'MANAGERPID': '1447', 'PYDEVD_DISABLE_FILE_VALIDATION': '1', 'SYSTEMD_EXEC_PID': '2048', 'BUNDLED_DEBUGPY_PATH': '/home/jackfeels/.vscode/extensions/ms-python.debugpy-2025.18.0-linux-arm64/bundled/libs/debugpy', 'IM_CONFIG_CHECK_ENV': '1', 'VSCODE_PYTHON_AUTOACTIVATE_GUARD': '1', 'DBUS_SESSION_BUS_ADDRESS': 'unix:path=/run/user/1000/bus', 'COLORTERM': 'truecolor', 'GIO_LAUNCHED_DESKTOP_FILE_PID': '31416', 'IM_CONFIG_PHASE': '1', 'WAYLAND_DISPLAY': 'wayland-0', 'COLCON_PREFIX_PATH': '/home/jackfeels/turtlebot3_ws/install', 'ROS_DISTRO': 'humble', 'LOGNAME': 'jackfeels', 'JOURNAL_STREAM': '8:27136', '_': '/usr/bin/colcon', 'ROS_VERSION': '2', 'CLAUDE_CODE_SSE_PORT': '37331', 'XDG_SESSION_CLASS': 'user', 'PKG_CONFIG_PATH': '/home/jackfeels/Documents/PROYECTO_TURTLEBOT/install/tb3_interfaces/lib/aarch64-linux-gnu/pkgconfig:/home/jackfeels/Documents/PROYECTO_TURTLEBOT/install/tb3_interfaces/lib/pkgconfig', 'USERNAME': 'jackfeels', 'TERM': 'xterm-256color', 'GNOME_DESKTOP_SESSION_ID': 'this-is-deprecated', 'FC_FONTATIONS': '1', 'ROS_LOCALHOST_ONLY': '0', 'PATH': '/home/jackfeels/.local/bin:/home/jackfeels/.local/bin:/home/jackfeels/.config/Code/User/globalStorage/github.copilot-chat/debugCommand:/home/jackfeels/.config/Code/User/globalStorage/github.copilot-chat/copilotCli:/home/jackfeels/.local/bin:/home/jackfeels/.local/bin:/home/jackfeels/.local/bin:/opt/ros/humble/bin:/home/jackfeels/.local/bin:/usr/local/sbin:/usr/local/bin:/usr/sbin:/usr/bin:/sbin:/bin:/usr/games:/usr/local/games:/snap/bin:/snap/bin:/home/jackfeels/.vscode/extensions/ms-python.debugpy-2025.18.0-linux-arm64/bundled/scripts/noConfigScripts', 'SESSION_MANAGER': 'local/jackfeels:@/tmp/.ICE-unix/2024,unix/jackfeels:/tmp/.ICE-unix/2024', 'INVOCATION_ID': '7072cee1c8cb4ac79fe0ad88f4dcb9f7', 'XDG_MENU_PREFIX': 'gnome-', 'GNOME_SETUP_DISPLAY': ':1', 'XDG_RUNTIME_DIR': '/run/user/1000', 'GDK_BACKEND': 'wayland', 'DISPLAY': ':0', 'VSCODE_DEBUGPY_ADAPTER_ENDPOINTS': '/home/jackfeels/.vscode/extensions/ms-python.debugpy-2025.18.0-linux-arm64/.noConfigDebugAdapterEndpoints/endpoint-185b3b7f67631b8b.txt', 'LANG': 'en_US.UTF-8', 'XDG_CURRENT_DESKTOP': 'ubuntu:GNOME', 'PYTHONSTARTUP': '/home/jackfeels/.config/Code/User/workspaceStorage/46ee1a91a2843d3566ffcdb977c34744/ms-python.python/pythonrc.py', 'XMODIFIERS': '@im=ibus', 'XDG_SESSION_DESKTOP': 'ubuntu', 'XAUTHORITY': '/run/user/1000/.mutter-Xwaylandauth.BCY4N3', 'LS_COLORS': 'rs=0:di=01;34:ln=01;36:mh=00:pi=40;33:so=01;35:do=01;35:bd=40;33;01:cd=40;33;01:or=40;31;01:mi=00:su=37;41:sg=30;43:ca=30;41:tw=30;42:ow=34;42:st=37;44:ex=01;32:*.tar=01;31:*.tgz=01;31:*.arc=01;31:*.arj=01;31:*.taz=01;31:*.lha=01;31:*.lz4=01;31:*.lzh=01;31:*.lzma=01;31:*.tlz=01;31:*.txz=01;31:*.tzo=01;31:*.t7z=01;31:*.zip=01;31:*.z=01;31:*.dz=01;31:*.gz=01;31:*.lrz=01;31:*.lz=01;31:*.lzo=01;31:*.xz=01;31:*.zst=01;31:*.tzst=01;31:*.bz2=01;31:*.bz=01;31:*.tbz=01;31:*.tbz2=01;31:*.tz=01;31:*.deb=01;31:*.rpm=01;31:*.jar=01;31:*.war=01;31:*.ear=01;31:*.sar=01;31:*.rar=01;31:*.alz=01;31:*.ace=01;31:*.zoo=01;31:*.cpio=01;31:*.7z=01;31:*.rz=01;31:*.cab=01;31:*.wim=01;31:*.swm=01;31:*.dwm=01;31:*.esd=01;31:*.jpg=01;35:*.jpeg=01;35:*.mjpg=01;35:*.mjpeg=01;35:*.gif=01;35:*.bmp=01;35:*.pbm=01;35:*.pgm=01;35:*.ppm=01;35:*.tga=01;35:*.xbm=01;35:*.xpm=01;35:*.tif=01;35:*.tiff=01;35:*.png=01;35:*.svg=01;35:*.svgz=01;35:*.mng=01;35:*.pcx=01;35:*.mov=01;35:*.mpg=01;35:*.mpeg=01;35:*.m2v=01;35:*.mkv=01;35:*.webm=01;35:*.webp=01;35:*.ogm=01;35:*.mp4=01;35:*.m4v=01;35:*.mp4v=01;35:*.vob=01;35:*.qt=01;35:*.nuv=01;35:*.wmv=01;35:*.asf=01;35:*.rm=01;35:*.rmvb=01;35:*.flc=01;35:*.avi=01;35:*.fli=01;35:*.flv=01;35:*.gl=01;35:*.dl=01;35:*.xcf=01;35:*.xwd=01;35:*.yuv=01;35:*.cgm=01;35:*.emf=01;35:*.ogv=01;35:*.ogx=01;35:*.aac=00;36:*.au=00;36:*.flac=00;36:*.m4a=00;36:*.mid=00;36:*.midi=00;36:*.mka=00;36:*.mp3=00;36:*.mpc=00;36:*.ogg=00;36:*.ra=00;36:*.wav=00;36:*.oga=00;36:*.opus=00;36:*.spx=00;36:*.xspf=00;36:', 'VSCODE_GIT_IPC_HANDLE': '/run/user/1000/vscode-git-3da86ad6c9.sock', 'TERM_PROGRAM': 'vscode', 'SSH_AGENT_LAUNCHER': 'gnome-keyring', 'SSH_AUTH_SOCK': '/run/user/1000/keyring/ssh', 'ROS_DOMAIN_ID': '30', 'AMENT_PREFIX_PATH': '/home/jackfeels/turtlebot3_ws/install/turtlebot3:/home/jackfeels/turtlebot3_ws/install/turtlebot3_teleop:/home/jackfeels/turtlebot3_ws/install/turtlebot3_bringup:/home/jackfeels/turtlebot3_ws/install/turtlebot3_node:/home/jackfeels/turtlebot3_ws/install/turtlebot3_navigation2:/home/jackfeels/turtlebot3_ws/install/turtlebot3_example:/home/jackfeels/turtlebot3_ws/install/turtlebot3_msgs:/home/jackfeels/turtlebot3_ws/install/turtlebot3_description:/home/jackfeels/turtlebot3_ws/install/turtlebot3_cartographer:/home/jackfeels/turtlebot3_ws/install/dynamixel_sdk_examples:/home/jackfeels/turtlebot3_ws/install/dynamixel_sdk_custom_interfaces:/home/jackfeels/turtlebot3_ws/install/dynamixel_sdk:/opt/ros/humble', 'SHELL': '/bin/bash', 'QT_ACCESSIBILITY': '1', 'GDMSESSION': 'ubuntu', 'LESSCLOSE': '/usr/bin/lesspipe %s %s', 'GJS_DEBUG_OUTPUT': 'stderr', 'VSCODE_GIT_ASKPASS_EXTRA_ARGS': '', 'QT_IM_MODULE': 'ibus', 'PWD': '/home/jackfeels/Documents/PROYECTO_TURTLEBOT/build/target_selector', 'TURTLEBOT3_MODEL': 'burger', 'XDG_CONFIG_DIRS': '/etc/xdg/xdg-ubuntu:/etc/xdg', 'XDG_DATA_DIRS': '/usr/share/ubuntu:/usr/local/share/:/usr/share/:/var/lib/snapd/desktop', 'PYTHONPATH': '/home/jackfeels/Documents/PROYECTO_TURTLEBOT/build/target_selector/prefix_override:/usr/lib/python3/dist-packages/colcon_core/task/python/colcon_distutils_commands:/home/jackfeels/Documents/PROYECTO_TURTLEBOT/install/target_selector/lib/python3.10/site-packages:/home/jackfeels/Documents/PROYECTO_TURTLEBOT/install/tb3_interfaces/local/lib/python3.10/dist-packages:/home/jackfeels/turtlebot3_ws/install/turtlebot3_teleop/lib/python3.10/site-packages:/home/jackfeels/turtlebot3_ws/install/turtlebot3_example/lib/python3.10/site-packages:/home/jackfeels/turtlebot3_ws/install/turtlebot3_msgs/local/lib/python3.10/dist-packages:/home/jackfeels/turtlebot3_ws/install/dynamixel_sdk_custom_interfaces/local/lib/python3.10/dist-packages:/home/jackfeels/turtlebot3_ws/install/dynamixel_sdk/local/lib/python3.10/dist-packages:/opt/ros/humble/lib/python3.10/site-packages:/opt/ros/humble/local/lib/python3.10/dist-packages', 'COLCON': '1', 'CMAKE_PREFIX_PATH': '/home/jackfeels/Documents/PROYECTO_TURTLEBOT/install/tb3_interfaces:/home/jackfeels/turtlebot3_ws/install/turtlebot3:/home/jackfeels/turtlebot3_ws/install/turtlebot3_bringup:/home/jackfeels/turtlebot3_ws/install/turtlebot3_node:/home/jackfeels/turtlebot3_ws/install/turtlebot3_navigation2:/home/jackfeels/turtlebot3_ws/install/turtlebot3_msgs:/home/jackfeels/turtlebot3_ws/install/turtlebot3_description:/home/jackfeels/turtlebot3_ws/install/turtlebot3_cartographer:/home/jackfeels/turtlebot3_ws/install/dynamixel_sdk_examples:/home/jackfeels/turtlebot3_ws/install/dynamixel_sdk_custom_interfaces:/home/jackfeels/turtlebot3_ws/install/dynamixel_sdk'}, 'shell': False}
[1.925055] (-) TimerEvent: {}
[1.951470] (person_tracker) StdoutLine: {'line': b'running egg_info\n'}
[1.960434] (person_tracker) StdoutLine: {'line': b'writing ../../build/person_tracker/person_tracker.egg-info/PKG-INFO\n'}
[1.961104] (person_tracker) StdoutLine: {'line': b'writing dependency_links to ../../build/person_tracker/person_tracker.egg-info/dependency_links.txt\n'}
[1.961512] (person_tracker) StdoutLine: {'line': b'writing entry points to ../../build/person_tracker/person_tracker.egg-info/entry_points.txt\n'}
[1.961911] (person_tracker) StdoutLine: {'line': b'writing requirements to ../../build/person_tracker/person_tracker.egg-info/requires.txt\n'}
[1.962375] (person_tracker) StdoutLine: {'line': b'writing top-level names to ../../build/person_tracker/person_tracker.egg-info/top_level.txt\n'}
[1.981426] (person_tracker) StdoutLine: {'line': b"reading manifest file '../../build/person_tracker/person_tracker.egg-info/SOURCES.txt'\n"}
[1.982794] (person_tracker) StdoutLine: {'line': b"writing manifest file '../../build/person_tracker/person_tracker.egg-info/SOURCES.txt'\n"}
[1.982974] (person_tracker) StdoutLine: {'line': b'running build\n'}
[1.983024] (person_tracker) StdoutLine: {'line': b'running build_py\n'}
[1.983093] (person_tracker) StdoutLine: {'line': b'copying person_tracker/__init__.py -> /home/jackfeels/Documents/PROYECTO_TURTLEBOT/build/person_tracker/build/lib/person_tracker\n'}
[1.983226] (person_tracker) StdoutLine: {'line': b'copying person_tracker/person_tracker_node.py -> /home/jackfeels/Documents/PROYECTO_TURTLEBOT/build/person_tracker/build/lib/person_tracker\n'}
[1.983407] (person_tracker) StdoutLine: {'line': b'running install\n'}
[1.986064] (person_tracker) StdoutLine: {'line': b'running install_lib\n'}
[1.997668] (person_tracker) StdoutLine: {'line': b'copying /home/jackfeels/Documents/PROYECTO_TURTLEBOT/build/person_tracker/build/lib/person_tracker/person_tracker_node.py -> /home/jackfeels/Documents/PROYECTO_TURTLEBOT/install/person_tracker/lib/python3.10/site-packages/person_tracker\n'}
[1.998539] (person_tracker) StdoutLine: {'line': b'byte-compiling /home/jackfeels/Documents/PROYECTO_TURTLEBOT/install/person_tracker/lib/python3.10/site-packages/person_tracker/person_tracker_node.py to person_tracker_node.cpython-310.pyc\n'}
[2.000021] (person_tracker) StdoutLine: {'line': b'running install_data\n'}
[2.000378] (person_tracker) StdoutLine: {'line': b'copying resource/person_tracker -> /home/jackfeels/Documents/PROYECTO_TURTLEBOT/install/person_tracker/share/ament_index/resource_index/packages\n'}
[2.000901] (person_tracker) StdoutLine: {'line': b'copying package.xml -> /home/jackfeels/Documents/PROYECTO_TURTLEBOT/install/person_tracker/share/person_tracker\n'}
[2.001356] (person_tracker) StdoutLine: {'line': b'running install_egg_info\n'}
[2.010844] (person_tracker) StdoutLine: {'line': b"removing '/home/jackfeels/Documents/PROYECTO_TURTLEBOT/install/person_tracker/lib/python3.10/site-packages/person_tracker-0.0.1-py3.10.egg-info' (and everything under it)\n"}
[2.012460] (person_tracker) StdoutLine: {'line': b'Copying ../../build/person_tracker/person_tracker.egg-info to /home/jackfeels/Documents/PROYECTO_TURTLEBOT/install/person_tracker/lib/python3.10/site-packages/person_tracker-0.0.1-py3.10.egg-info\n'}
[2.015611] (person_tracker) StdoutLine: {'line': b'running install_scripts\n'}
[2.025155] (-) TimerEvent: {}
[2.036156] (person_tracker) StdoutLine: {'line': b'Installing person_tracker_node script to /home/jackfeels/Documents/PROYECTO_TURTLEBOT/install/person_tracker/lib/person_tracker\n'}
[2.036852] (person_tracker) StdoutLine: {'line': b"writing list of installed files to '/home/jackfeels/Documents/PROYECTO_TURTLEBOT/build/person_tracker/install.log'\n"}
[2.058809] (person_tracker) CommandEnded: {'returncode': 0}
[2.059035] (person_tracker) JobEnded: {'identifier': 'person_tracker', 'rc': 0}
[2.062514] (target_selector) StdoutLine: {'line': b'running egg_info\n'}
[2.071218] (target_selector) StdoutLine: {'line': b'writing ../../build/target_selector/target_selector.egg-info/PKG-INFO\n'}
[2.071547] (target_selector) StdoutLine: {'line': b'writing dependency_links to ../../build/target_selector/target_selector.egg-info/dependency_links.txt\n'}
[2.071690] (target_selector) StdoutLine: {'line': b'writing entry points to ../../build/target_selector/target_selector.egg-info/entry_points.txt\n'}
[2.072495] (target_selector) StdoutLine: {'line': b'writing requirements to ../../build/target_selector/target_selector.egg-info/requires.txt\n'}
[2.072541] (target_selector) StdoutLine: {'line': b'writing top-level names to ../../build/target_selector/target_selector.egg-info/top_level.txt\n'}
[2.091200] (target_selector) StdoutLine: {'line': b"reading manifest file '../../build/target_selector/target_selector.egg-info/SOURCES.txt'\n"}
[2.092262] (target_selector) StdoutLine: {'line': b"writing manifest file '../../build/target_selector/target_selector.egg-info/SOURCES.txt'\n"}
[2.092543] (target_selector) StdoutLine: {'line': b'running build\n'}
[2.092620] (target_selector) StdoutLine: {'line': b'running build_py\n'}
[2.093259] (target_selector) StdoutLine: {'line': b'copying target_selector/target_selector_node.py -> /home/jackfeels/Documents/PROYECTO_TURTLEBOT/build/target_selector/build/lib/target_selector\n'}
[2.093308] (target_selector) StdoutLine: {'line': b'copying target_selector/__init__.py -> /home/jackfeels/Documents/PROYECTO_TURTLEBOT/build/target_selector/build/lib/target_selector\n'}
[2.093340] (target_selector) StdoutLine: {'line': b'running install\n'}
[2.096045] (target_selector) StdoutLine: {'line': b'running install_lib\n'}
[2.104688] (target_selector) StdoutLine: {'line': b'running install_data\n'}
[2.105334] (target_selector) StdoutLine: {'line': b'copying resource/target_selector -> /home/jackfeels/Documents/PROYECTO_TURTLEBOT/install/target_selector/share/ament_index/resource_index/packages\n'}
[2.105386] (target_selector) StdoutLine: {'line': b'copying package.xml -> /home/jackfeels/Documents/PROYECTO_TURTLEBOT/install/target_selector/share/target_selector\n'}
[2.105427] (target_selector) StdoutLine: {'line': b'running install_egg_info\n'}
[2.114750] (target_selector) StdoutLine: {'line': b"removing '/home/jackfeels/Documents/PROYECTO_TURTLEBOT/install/target_selector/lib/python3.10/site-packages/target_selector-0.0.1-py3.10.egg-info' (and everything under it)\n"}
[2.114892] (target_selector) StdoutLine: {'line': b'Copying ../../build/target_selector/target_selector.egg-info to /home/jackfeels/Documents/PROYECTO_TURTLEBOT/install/target_selector/lib/python3.10/site-packages/target_selector-0.0.1-py3.10.egg-info\n'}
[2.115183] (target_selector) StdoutLine: {'line': b'running install_scripts\n'}
[2.125245] (-) TimerEvent: {}
[2.134460] (target_selector) StdoutLine: {'line': b'Installing target_selector_node script to /home/jackfeels/Documents/PROYECTO_TURTLEBOT/install/target_selector/lib/target_selector\n'}
[2.135047] (target_selector) StdoutLine: {'line': b"writing list of installed files to '/home/jackfeels/Documents/PROYECTO_TURTLEBOT/build/target_selector/install.log'\n"}
[2.156694] (target_selector) CommandEnded: {'returncode': 0}
[2.156954] (target_selector) JobEnded: {'identifier': 'target_selector', 'rc': 0}
[2.159165] (-) EventReactorShutdown: {}
