[0.000000] (-) TimerEvent: {}
[0.000309] (gesture_detector) JobQueued: {'identifier': 'gesture_detector', 'dependencies': OrderedDict()}
[0.000501] (tb3_bringup_custom) JobQueued: {'identifier': 'tb3_bringup_custom', 'dependencies': OrderedDict()}
[0.000527] (tb3_interfaces) JobQueued: {'identifier': 'tb3_interfaces', 'dependencies': OrderedDict()}
[0.000539] (debug_visualizer) JobQueued: {'identifier': 'debug_visualizer', 'dependencies': OrderedDict([('tb3_interfaces', '/home/jackfeels/Documents/PROYECTO_TURTLEBOT/install/tb3_interfaces')])}
[0.000550] (follow_controller) JobQueued: {'identifier': 'follow_controller', 'dependencies': OrderedDict([('tb3_interfaces', '/home/jackfeels/Documents/PROYECTO_TURTLEBOT/install/tb3_interfaces')])}
[0.000565] (person_tracker) JobQueued: {'identifier': 'person_tracker', 'dependencies': OrderedDict([('tb3_interfaces', '/home/jackfeels/Documents/PROYECTO_TURTLEBOT/install/tb3_interfaces')])}
[0.000575] (target_selector) JobQueued: {'identifier': 'target_selector', 'dependencies': OrderedDict([('tb3_interfaces', '/home/jackfeels/Documents/PROYECTO_TURTLEBOT/install/tb3_interfaces')])}
[0.000592] (tb3_interfaces) JobStarted: {'identifier': 'tb3_interfaces'}
[0.004751] (gesture_detector) JobStarted: {'identifier': 'gesture_detector'}
[0.008249] (tb3_bringup_custom) JobStarted: {'identifier': 'tb3_bringup_custom'}
[0.013826] (tb3_interfaces) JobProgress: {'identifier': 'tb3_interfaces', 'progress': 'cmake'}
[0.014193] (tb3_interfaces) JobProgress: {'identifier': 'tb3_interfaces', 'progress': 'build'}
[0.014786] (tb3_interfaces) Command: {'cmd': ['/usr/bin/cmake', '--build', '/home/jackfeels/Documents/PROYECTO_TURTLEBOT/build/tb3_interfaces', '--', '-j4', '-l4'], 'cwd': '/home/jackfeels/Documents/PROYECTO_TURTLEBOT/build/tb3_interfaces', 'env': OrderedDict([('LESSOPEN', '| /usr/bin/lesspipe %s'), ('USER', 'jackfeels'), ('XDG_SESSION_TYPE', 'wayland'), ('SHLVL', '1'), ('LD_LIBRARY_PATH', '/home/jackfeels/turtlebot3_ws/install/turtlebot3_msgs/lib:/home/jackfeels/turtlebot3_ws/install/dynamixel_sdk_custom_interfaces/lib:/home/jackfeels/turtlebot3_ws/install/dynamixel_sdk/lib:/opt/ros/humble/opt/rviz_ogre_vendor/lib:/opt/ros/humble/lib/aarch64-linux-gnu:/opt/ros/humble/lib'), ('HOME', '/home/jackfeels'), ('OLDPWD', '/home/jackfeels'), ('DESKTOP_SESSION', 'ubuntu'), ('ROS_PYTHON_VERSION', '3'), ('GNOME_SHELL_SESSION_MODE', 'ubuntu'), ('GTK_MODULES', 'gail:atk-bridge'), ('SYSTEMD_EXEC_PID', '78129'), ('DBUS_SESSION_BUS_ADDRESS', 'unix:path=/run/user/1000/bus'), ('COLORTERM', 'truecolor'), ('IM_CONFIG_PHASE', '1'), ('WAYLAND_DISPLAY', 'wayland-0'), ('COLCON_PREFIX_PATH', '/home/jackfeels/turtlebot3_ws/install'), ('ROS_DISTRO', 'humble'), ('LOGNAME', 'jackfeels'), ('_', '/usr/bin/colcon'), ('ROS_VERSION', '2'), ('XDG_SESSION_CLASS', 'user'), ('USERNAME', 'jackfeels'), ('TERM', 'xterm-256color'), ('GNOME_DESKTOP_SESSION_ID', 'this-is-deprecated'), ('ROS_LOCALHOST_ONLY', '0'), ('PATH', '/home/jackfeels/.local/bin:/home/jackfeels/.local/bin:/opt/ros/humble/bin:/home/jackfeels/.local/bin:/usr/local/sbin:/usr/local/bin:/usr/sbin:/usr/bin:/sbin:/bin:/usr/games:/usr/local/games:/snap/bin:/snap/bin'), ('SESSION_MANAGER', 'local/jackfeels:@/tmp/.ICE-unix/44928,unix/jackfeels:/tmp/.ICE-unix/44928'), ('XDG_MENU_PREFIX', 'gnome-'), ('GNOME_TERMINAL_SCREEN', '/org/gnome/Terminal/screen/5cbd554a_f129_4ad6_b38c_edbc413a8072'), ('GNOME_SETUP_DISPLAY', ':1'), ('XDG_RUNTIME_DIR', '/run/user/1000'), ('DISPLAY', ':0'), ('LANG', 'en_US.UTF-8'), ('XDG_CURRENT_DESKTOP', 'ubuntu:GNOME'), ('XMODIFIERS', '@im=ibus'), ('XDG_SESSION_DESKTOP', 'ubuntu'), ('XAUTHORITY', '/run/user/1000/.mutter-Xwaylandauth.263DN3'), ('LS_COLORS', 'rs=0:di=01;34:ln=01;36:mh=00:pi=40;33:so=01;35:do=01;35:bd=40;33;01:cd=40;33;01:or=40;31;01:mi=00:su=37;41:sg=30;43:ca=30;41:tw=30;42:ow=34;42:st=37;44:ex=01;32:*.tar=01;31:*.tgz=01;31:*.arc=01;31:*.arj=01;31:*.taz=01;31:*.lha=01;31:*.lz4=01;31:*.lzh=01;31:*.lzma=01;31:*.tlz=01;31:*.txz=01;31:*.tzo=01;31:*.t7z=01;31:*.zip=01;31:*.z=01;31:*.dz=01;31:*.gz=01;31:*.lrz=01;31:*.lz=01;31:*.lzo=01;31:*.xz=01;31:*.zst=01;31:*.tzst=01;31:*.bz2=01;31:*.bz=01;31:*.tbz=01;31:*.tbz2=01;31:*.tz=01;31:*.deb=01;31:*.rpm=01;31:*.jar=01;31:*.war=01;31:*.ear=01;31:*.sar=01;31:*.rar=01;31:*.alz=01;31:*.ace=01;31:*.zoo=01;31:*.cpio=01;31:*.7z=01;31:*.rz=01;31:*.cab=01;31:*.wim=01;31:*.swm=01;31:*.dwm=01;31:*.esd=01;31:*.jpg=01;35:*.jpeg=01;35:*.mjpg=01;35:*.mjpeg=01;35:*.gif=01;35:*.bmp=01;35:*.pbm=01;35:*.pgm=01;35:*.ppm=01;35:*.tga=01;35:*.xbm=01;35:*.xpm=01;35:*.tif=01;35:*.tiff=01;35:*.png=01;35:*.svg=01;35:*.svgz=01;35:*.mng=01;35:*.pcx=01;35:*.mov=01;35:*.mpg=01;35:*.mpeg=01;35:*.m2v=01;35:*.mkv=01;35:*.webm=01;35:*.webp=01;35:*.ogm=01;35:*.mp4=01;35:*.m4v=01;35:*.mp4v=01;35:*.vob=01;35:*.qt=01;35:*.nuv=01;35:*.wmv=01;35:*.asf=01;35:*.rm=01;35:*.rmvb=01;35:*.flc=01;35:*.avi=01;35:*.fli=01;35:*.flv=01;35:*.gl=01;35:*.dl=01;35:*.xcf=01;35:*.xwd=01;35:*.yuv=01;35:*.cgm=01;35:*.emf=01;35:*.ogv=01;35:*.ogx=01;35:*.aac=00;36:*.au=00;36:*.flac=00;36:*.m4a=00;36:*.mid=00;36:*.midi=00;36:*.mka=00;36:*.mp3=00;36:*.mpc=00;36:*.ogg=00;36:*.ra=00;36:*.wav=00;36:*.oga=00;36:*.opus=00;36:*.spx=00;36:*.xspf=00;36:'), ('GNOME_TERMINAL_SERVICE', ':1.167'), ('SSH_AGENT_LAUNCHER', 'gnome-keyring'), ('SSH_AUTH_SOCK', '/run/user/1000/keyring/ssh'), ('ROS_DOMAIN_ID', '30'), ('AMENT_PREFIX_PATH', '/home/jackfeels/turtlebot3_ws/install/turtlebot3:/home/jackfeels/turtlebot3_ws/install/turtlebot3_teleop:/home/jackfeels/turtlebot3_ws/install/turtlebot3_bringup:/home/jackfeels/turtlebot3_ws/install/turtlebot3_node:/home/jackfeels/turtlebot3_ws/install/turtlebot3_navigation2:/home/jackfeels/turtlebot3_ws/install/turtlebot3_example:/home/jackfeels/turtlebot3_ws/install/turtlebot3_msgs:/home/jackfeels/turtlebot3_ws/install/turtlebot3_description:/home/jackfeels/turtlebot3_ws/install/turtlebot3_cartographer:/home/jackfeels/turtlebot3_ws/install/dynamixel_sdk_examples:/home/jackfeels/turtlebot3_ws/install/dynamixel_sdk_custom_interfaces:/home/jackfeels/turtlebot3_ws/install/dynamixel_sdk:/opt/ros/humble'), ('SHELL', '/bin/bash'), ('QT_ACCESSIBILITY', '1'), ('GDMSESSION', 'ubuntu'), ('LESSCLOSE', '/usr/bin/lesspipe %s %s'), ('QT_IM_MODULE', 'ibus'), ('PWD', '/home/jackfeels/Documents/PROYECTO_TURTLEBOT/build/tb3_interfaces'), ('TURTLEBOT3_MODEL', 'burger'), ('XDG_CONFIG_DIRS', '/etc/xdg/xdg-ubuntu:/etc/xdg'), ('XDG_DATA_DIRS', '/usr/share/ubuntu:/usr/local/share/:/usr/share/:/var/lib/snapd/desktop'), ('PYTHONPATH', '/home/jackfeels/turtlebot3_ws/install/turtlebot3_teleop/lib/python3.10/site-packages:/home/jackfeels/turtlebot3_ws/install/turtlebot3_example/lib/python3.10/site-packages:/home/jackfeels/turtlebot3_ws/install/turtlebot3_msgs/local/lib/python3.10/dist-packages:/home/jackfeels/turtlebot3_ws/install/dynamixel_sdk_custom_interfaces/local/lib/python3.10/dist-packages:/home/jackfeels/turtlebot3_ws/install/dynamixel_sdk/local/lib/python3.10/dist-packages:/opt/ros/humble/lib/python3.10/site-packages:/opt/ros/humble/local/lib/python3.10/dist-packages'), ('COLCON', '1'), ('VTE_VERSION', '6800'), ('CMAKE_PREFIX_PATH', '/home/jackfeels/turtlebot3_ws/install/turtlebot3:/home/jackfeels/turtlebot3_ws/install/turtlebot3_bringup:/home/jackfeels/turtlebot3_ws/install/turtlebot3_node:/home/jackfeels/turtlebot3_ws/install/turtlebot3_navigation2:/home/jackfeels/turtlebot3_ws/install/turtlebot3_msgs:/home/jackfeels/turtlebot3_ws/install/turtlebot3_description:/home/jackfeels/turtlebot3_ws/install/turtlebot3_cartographer:/home/jackfeels/turtlebot3_ws/install/dynamixel_sdk_examples:/home/jackfeels/turtlebot3_ws/install/dynamixel_sdk_custom_interfaces:/home/jackfeels/turtlebot3_ws/install/dynamixel_sdk')]), 'shell': False}
[0.099602] (-) TimerEvent: {}
[0.146081] (tb3_interfaces) StdoutLine: {'line': b'[  2%] Built target tb3_interfaces__cpp\n'}
[0.146330] (tb3_interfaces) StdoutLine: {'line': b'[  4%] Built target tb3_interfaces__rs\n'}
[0.146371] (tb3_interfaces) StdoutLine: {'line': b'[ 14%] Built target tb3_interfaces__rosidl_generator_c\n'}
[0.146405] (tb3_interfaces) StdoutLine: {'line': b'[ 25%] Built target tb3_interfaces__rosidl_typesupport_fastrtps_cpp\n'}
[0.146436] (tb3_interfaces) StdoutLine: {'line': b'[ 35%] Built target tb3_interfaces__rosidl_typesupport_introspection_cpp\n'}
[0.146470] (tb3_interfaces) StdoutLine: {'line': b'[ 45%] Built target tb3_interfaces__rosidl_typesupport_cpp\n'}
[0.146513] (tb3_interfaces) StdoutLine: {'line': b'[ 56%] Built target tb3_interfaces__rosidl_typesupport_fastrtps_c\n'}
[0.146552] (tb3_interfaces) StdoutLine: {'line': b'[ 68%] Built target tb3_interfaces__rosidl_typesupport_c\n'}
[0.146582] (tb3_interfaces) StdoutLine: {'line': b'[ 77%] Built target tb3_interfaces__rosidl_typesupport_introspection_c\n'}
[0.146616] (tb3_interfaces) StdoutLine: {'line': b'[ 77%] Built target ament_cmake_python_copy_tb3_interfaces\n'}
[0.146645] (tb3_interfaces) StdoutLine: {'line': b'[ 77%] Built target tb3_interfaces\n'}
[0.146676] (tb3_interfaces) StdoutLine: {'line': b'[ 79%] Built target tb3_interfaces__py\n'}
[0.146705] (tb3_interfaces) StdoutLine: {'line': b'[ 87%] Built target tb3_interfaces__rosidl_generator_py\n'}
[0.146735] (tb3_interfaces) StdoutLine: {'line': b'[ 91%] Built target tb3_interfaces__rosidl_typesupport_fastrtps_c__pyext\n'}
[0.161420] (tb3_interfaces) StdoutLine: {'line': b'[ 95%] Built target tb3_interfaces__rosidl_typesupport_introspection_c__pyext\n'}
[0.161542] (tb3_interfaces) StdoutLine: {'line': b'[100%] Built target tb3_interfaces__rosidl_typesupport_c__pyext\n'}
[0.200322] (-) TimerEvent: {}
[0.217763] (tb3_interfaces) StdoutLine: {'line': b'running egg_info\n'}
[0.225121] (tb3_interfaces) StdoutLine: {'line': b'writing tb3_interfaces.egg-info/PKG-INFO\n'}
[0.225571] (tb3_interfaces) StdoutLine: {'line': b'writing dependency_links to tb3_interfaces.egg-info/dependency_links.txt\n'}
[0.225656] (tb3_interfaces) StdoutLine: {'line': b'writing top-level names to tb3_interfaces.egg-info/top_level.txt\n'}
[0.252680] (tb3_interfaces) StdoutLine: {'line': b"reading manifest file 'tb3_interfaces.egg-info/SOURCES.txt'\n"}
[0.253279] (tb3_interfaces) StdoutLine: {'line': b"writing manifest file 'tb3_interfaces.egg-info/SOURCES.txt'\n"}
[0.272048] (tb3_interfaces) StdoutLine: {'line': b'[100%] Built target ament_cmake_python_build_tb3_interfaces_egg\n'}
[0.279688] (tb3_interfaces) CommandEnded: {'returncode': 0}
[0.279982] (tb3_interfaces) JobProgress: {'identifier': 'tb3_interfaces', 'progress': 'install'}
[0.284300] (tb3_interfaces) Command: {'cmd': ['/usr/bin/cmake', '--install', '/home/jackfeels/Documents/PROYECTO_TURTLEBOT/build/tb3_interfaces'], 'cwd': '/home/jackfeels/Documents/PROYECTO_TURTLEBOT/build/tb3_interfaces', 'env': OrderedDict([('LESSOPEN', '| /usr/bin/lesspipe %s'), ('USER', 'jackfeels'), ('XDG_SESSION_TYPE', 'wayland'), ('SHLVL', '1'), ('LD_LIBRARY_PATH', '/home/jackfeels/turtlebot3_ws/install/turtlebot3_msgs/lib:/home/jackfeels/turtlebot3_ws/install/dynamixel_sdk_custom_interfaces/lib:/home/jackfeels/turtlebot3_ws/install/dynamixel_sdk/lib:/opt/ros/humble/opt/rviz_ogre_vendor/lib:/opt/ros/humble/lib/aarch64-linux-gnu:/opt/ros/humble/lib'), ('HOME', '/home/jackfeels'), ('OLDPWD', '/home/jackfeels'), ('DESKTOP_SESSION', 'ubuntu'), ('ROS_PYTHON_VERSION', '3'), ('GNOME_SHELL_SESSION_MODE', 'ubuntu'), ('GTK_MODULES', 'gail:atk-bridge'), ('SYSTEMD_EXEC_PID', '78129'), ('DBUS_SESSION_BUS_ADDRESS', 'unix:path=/run/user/1000/bus'), ('COLORTERM', 'truecolor'), ('IM_CONFIG_PHASE', '1'), ('WAYLAND_DISPLAY', 'wayland-0'), ('COLCON_PREFIX_PATH', '/home/jackfeels/turtlebot3_ws/install'), ('ROS_DISTRO', 'humble'), ('LOGNAME', 'jackfeels'), ('_', '/usr/bin/colcon'), ('ROS_VERSION', '2'), ('XDG_SESSION_CLASS', 'user'), ('USERNAME', 'jackfeels'), ('TERM', 'xterm-256color'), ('GNOME_DESKTOP_SESSION_ID', 'this-is-deprecated'), ('ROS_LOCALHOST_ONLY', '0'), ('PATH', '/home/jackfeels/.local/bin:/home/jackfeels/.local/bin:/opt/ros/humble/bin:/home/jackfeels/.local/bin:/usr/local/sbin:/usr/local/bin:/usr/sbin:/usr/bin:/sbin:/bin:/usr/games:/usr/local/games:/snap/bin:/snap/bin'), ('SESSION_MANAGER', 'local/jackfeels:@/tmp/.ICE-unix/44928,unix/jackfeels:/tmp/.ICE-unix/44928'), ('XDG_MENU_PREFIX', 'gnome-'), ('GNOME_TERMINAL_SCREEN', '/org/gnome/Terminal/screen/5cbd554a_f129_4ad6_b38c_edbc413a8072'), ('GNOME_SETUP_DISPLAY', ':1'), ('XDG_RUNTIME_DIR', '/run/user/1000'), ('DISPLAY', ':0'), ('LANG', 'en_US.UTF-8'), ('XDG_CURRENT_DESKTOP', 'ubuntu:GNOME'), ('XMODIFIERS', '@im=ibus'), ('XDG_SESSION_DESKTOP', 'ubuntu'), ('XAUTHORITY', '/run/user/1000/.mutter-Xwaylandauth.263DN3'), ('LS_COLORS', 'rs=0:di=01;34:ln=01;36:mh=00:pi=40;33:so=01;35:do=01;35:bd=40;33;01:cd=40;33;01:or=40;31;01:mi=00:su=37;41:sg=30;43:ca=30;41:tw=30;42:ow=34;42:st=37;44:ex=01;32:*.tar=01;31:*.tgz=01;31:*.arc=01;31:*.arj=01;31:*.taz=01;31:*.lha=01;31:*.lz4=01;31:*.lzh=01;31:*.lzma=01;31:*.tlz=01;31:*.txz=01;31:*.tzo=01;31:*.t7z=01;31:*.zip=01;31:*.z=01;31:*.dz=01;31:*.gz=01;31:*.lrz=01;31:*.lz=01;31:*.lzo=01;31:*.xz=01;31:*.zst=01;31:*.tzst=01;31:*.bz2=01;31:*.bz=01;31:*.tbz=01;31:*.tbz2=01;31:*.tz=01;31:*.deb=01;31:*.rpm=01;31:*.jar=01;31:*.war=01;31:*.ear=01;31:*.sar=01;31:*.rar=01;31:*.alz=01;31:*.ace=01;31:*.zoo=01;31:*.cpio=01;31:*.7z=01;31:*.rz=01;31:*.cab=01;31:*.wim=01;31:*.swm=01;31:*.dwm=01;31:*.esd=01;31:*.jpg=01;35:*.jpeg=01;35:*.mjpg=01;35:*.mjpeg=01;35:*.gif=01;35:*.bmp=01;35:*.pbm=01;35:*.pgm=01;35:*.ppm=01;35:*.tga=01;35:*.xbm=01;35:*.xpm=01;35:*.tif=01;35:*.tiff=01;35:*.png=01;35:*.svg=01;35:*.svgz=01;35:*.mng=01;35:*.pcx=01;35:*.mov=01;35:*.mpg=01;35:*.mpeg=01;35:*.m2v=01;35:*.mkv=01;35:*.webm=01;35:*.webp=01;35:*.ogm=01;35:*.mp4=01;35:*.m4v=01;35:*.mp4v=01;35:*.vob=01;35:*.qt=01;35:*.nuv=01;35:*.wmv=01;35:*.asf=01;35:*.rm=01;35:*.rmvb=01;35:*.flc=01;35:*.avi=01;35:*.fli=01;35:*.flv=01;35:*.gl=01;35:*.dl=01;35:*.xcf=01;35:*.xwd=01;35:*.yuv=01;35:*.cgm=01;35:*.emf=01;35:*.ogv=01;35:*.ogx=01;35:*.aac=00;36:*.au=00;36:*.flac=00;36:*.m4a=00;36:*.mid=00;36:*.midi=00;36:*.mka=00;36:*.mp3=00;36:*.mpc=00;36:*.ogg=00;36:*.ra=00;36:*.wav=00;36:*.oga=00;36:*.opus=00;36:*.spx=00;36:*.xspf=00;36:'), ('GNOME_TERMINAL_SERVICE', ':1.167'), ('SSH_AGENT_LAUNCHER', 'gnome-keyring'), ('SSH_AUTH_SOCK', '/run/user/1000/keyring/ssh'), ('ROS_DOMAIN_ID', '30'), ('AMENT_PREFIX_PATH', '/home/jackfeels/turtlebot3_ws/install/turtlebot3:/home/jackfeels/turtlebot3_ws/install/turtlebot3_teleop:/home/jackfeels/turtlebot3_ws/install/turtlebot3_bringup:/home/jackfeels/turtlebot3_ws/install/turtlebot3_node:/home/jackfeels/turtlebot3_ws/install/turtlebot3_navigation2:/home/jackfeels/turtlebot3_ws/install/turtlebot3_example:/home/jackfeels/turtlebot3_ws/install/turtlebot3_msgs:/home/jackfeels/turtlebot3_ws/install/turtlebot3_description:/home/jackfeels/turtlebot3_ws/install/turtlebot3_cartographer:/home/jackfeels/turtlebot3_ws/install/dynamixel_sdk_examples:/home/jackfeels/turtlebot3_ws/install/dynamixel_sdk_custom_interfaces:/home/jackfeels/turtlebot3_ws/install/dynamixel_sdk:/opt/ros/humble'), ('SHELL', '/bin/bash'), ('QT_ACCESSIBILITY', '1'), ('GDMSESSION', 'ubuntu'), ('LESSCLOSE', '/usr/bin/lesspipe %s %s'), ('QT_IM_MODULE', 'ibus'), ('PWD', '/home/jackfeels/Documents/PROYECTO_TURTLEBOT/build/tb3_interfaces'), ('TURTLEBOT3_MODEL', 'burger'), ('XDG_CONFIG_DIRS', '/etc/xdg/xdg-ubuntu:/etc/xdg'), ('XDG_DATA_DIRS', '/usr/share/ubuntu:/usr/local/share/:/usr/share/:/var/lib/snapd/desktop'), ('PYTHONPATH', '/home/jackfeels/turtlebot3_ws/install/turtlebot3_teleop/lib/python3.10/site-packages:/home/jackfeels/turtlebot3_ws/install/turtlebot3_example/lib/python3.10/site-packages:/home/jackfeels/turtlebot3_ws/install/turtlebot3_msgs/local/lib/python3.10/dist-packages:/home/jackfeels/turtlebot3_ws/install/dynamixel_sdk_custom_interfaces/local/lib/python3.10/dist-packages:/home/jackfeels/turtlebot3_ws/install/dynamixel_sdk/local/lib/python3.10/dist-packages:/opt/ros/humble/lib/python3.10/site-packages:/opt/ros/humble/local/lib/python3.10/dist-packages'), ('COLCON', '1'), ('VTE_VERSION', '6800'), ('CMAKE_PREFIX_PATH', '/home/jackfeels/turtlebot3_ws/install/turtlebot3:/home/jackfeels/turtlebot3_ws/install/turtlebot3_bringup:/home/jackfeels/turtlebot3_ws/install/turtlebot3_node:/home/jackfeels/turtlebot3_ws/install/turtlebot3_navigation2:/home/jackfeels/turtlebot3_ws/install/turtlebot3_msgs:/home/jackfeels/turtlebot3_ws/install/turtlebot3_description:/home/jackfeels/turtlebot3_ws/install/turtlebot3_cartographer:/home/jackfeels/turtlebot3_ws/install/dynamixel_sdk_examples:/home/jackfeels/turtlebot3_ws/install/dynamixel_sdk_custom_interfaces:/home/jackfeels/turtlebot3_ws/install/dynamixel_sdk')]), 'shell': False}
[0.301154] (-) TimerEvent: {}
[0.301475] (tb3_interfaces) StdoutLine: {'line': b'-- Install configuration: ""\n'}
[0.301563] (tb3_interfaces) StdoutLine: {'line': b'-- Up-to-date: /home/jackfeels/Documents/PROYECTO_TURTLEBOT/install/tb3_interfaces/share/ament_index/resource_index/rosidl_interfaces/tb3_interfaces\n'}
[0.301601] (tb3_interfaces) StdoutLine: {'line': b'-- Up-to-date: /home/jackfeels/Documents/PROYECTO_TURTLEBOT/install/tb3_interfaces/include/tb3_interfaces/tb3_interfaces\n'}
[0.301634] (tb3_interfaces) StdoutLine: {'line': b'-- Up-to-date: /home/jackfeels/Documents/PROYECTO_TURTLEBOT/install/tb3_interfaces/include/tb3_interfaces/tb3_interfaces/msg\n'}
[0.301664] (tb3_interfaces) StdoutLine: {'line': b'-- Up-to-date: /home/jackfeels/Documents/PROYECTO_TURTLEBOT/install/tb3_interfaces/include/tb3_interfaces/tb3_interfaces/msg/rosidl_generator_c__visibility_control.h\n'}
[0.301711] (tb3_interfaces) StdoutLine: {'line': b'-- Up-to-date: /home/jackfeels/Documents/PROYECTO_TURTLEBOT/install/tb3_interfaces/include/tb3_interfaces/tb3_interfaces/msg/tracked_person_array.h\n'}
[0.301744] (tb3_interfaces) StdoutLine: {'line': b'-- Up-to-date: /home/jackfeels/Documents/PROYECTO_TURTLEBOT/install/tb3_interfaces/include/tb3_interfaces/tb3_interfaces/msg/tracked_person.h\n'}
[0.301775] (tb3_interfaces) StdoutLine: {'line': b'-- Up-to-date: /home/jackfeels/Documents/PROYECTO_TURTLEBOT/install/tb3_interfaces/include/tb3_interfaces/tb3_interfaces/msg/detail\n'}
[0.301806] (tb3_interfaces) StdoutLine: {'line': b'-- Up-to-date: /home/jackfeels/Documents/PROYECTO_TURTLEBOT/install/tb3_interfaces/include/tb3_interfaces/tb3_interfaces/msg/detail/tracked_person_array__functions.h\n'}
[0.301837] (tb3_interfaces) StdoutLine: {'line': b'-- Up-to-date: /home/jackfeels/Documents/PROYECTO_TURTLEBOT/install/tb3_interfaces/include/tb3_interfaces/tb3_interfaces/msg/detail/target_info__functions.c\n'}
[0.301868] (tb3_interfaces) StdoutLine: {'line': b'-- Up-to-date: /home/jackfeels/Documents/PROYECTO_TURTLEBOT/install/tb3_interfaces/include/tb3_interfaces/tb3_interfaces/msg/detail/tracked_person_array__functions.c\n'}
[0.301899] (tb3_interfaces) StdoutLine: {'line': b'-- Up-to-date: /home/jackfeels/Documents/PROYECTO_TURTLEBOT/install/tb3_interfaces/include/tb3_interfaces/tb3_interfaces/msg/detail/tracked_person__functions.h\n'}
[0.301929] (tb3_interfaces) StdoutLine: {'line': b'-- Up-to-date: /home/jackfeels/Documents/PROYECTO_TURTLEBOT/install/tb3_interfaces/include/tb3_interfaces/tb3_interfaces/msg/detail/target_info__functions.h\n'}
[0.301959] (tb3_interfaces) StdoutLine: {'line': b'-- Up-to-date: /home/jackfeels/Documents/PROYECTO_TURTLEBOT/install/tb3_interfaces/include/tb3_interfaces/tb3_interfaces/msg/detail/tracked_person__struct.h\n'}
[0.301993] (tb3_interfaces) StdoutLine: {'line': b'-- Up-to-date: /home/jackfeels/Documents/PROYECTO_TURTLEBOT/install/tb3_interfaces/include/tb3_interfaces/tb3_interfaces/msg/detail/tracked_person__functions.c\n'}
[0.302023] (tb3_interfaces) StdoutLine: {'line': b'-- Up-to-date: /home/jackfeels/Documents/PROYECTO_TURTLEBOT/install/tb3_interfaces/include/tb3_interfaces/tb3_interfaces/msg/detail/tracked_person_array__type_support.h\n'}
[0.302052] (tb3_interfaces) StdoutLine: {'line': b'-- Up-to-date: /home/jackfeels/Documents/PROYECTO_TURTLEBOT/install/tb3_interfaces/include/tb3_interfaces/tb3_interfaces/msg/detail/tracked_person_array__struct.h\n'}
[0.302082] (tb3_interfaces) StdoutLine: {'line': b'-- Up-to-date: /home/jackfeels/Documents/PROYECTO_TURTLEBOT/install/tb3_interfaces/include/tb3_interfaces/tb3_interfaces/msg/detail/target_info__type_support.h\n'}
[0.302112] (tb3_interfaces) StdoutLine: {'line': b'-- Up-to-date: /home/jackfeels/Documents/PROYECTO_TURTLEBOT/install/tb3_interfaces/include/tb3_interfaces/tb3_interfaces/msg/detail/target_info__struct.h\n'}
[0.302144] (tb3_interfaces) StdoutLine: {'line': b'-- Up-to-date: /home/jackfeels/Documents/PROYECTO_TURTLEBOT/install/tb3_interfaces/include/tb3_interfaces/tb3_interfaces/msg/detail/tracked_person__type_support.h\n'}
[0.302181] (tb3_interfaces) StdoutLine: {'line': b'-- Up-to-date: /home/jackfeels/Documents/PROYECTO_TURTLEBOT/install/tb3_interfaces/include/tb3_interfaces/tb3_interfaces/msg/target_info.h\n'}
[0.302211] (tb3_interfaces) StdoutLine: {'line': b'-- Up-to-date: /home/jackfeels/Documents/PROYECTO_TURTLEBOT/install/tb3_interfaces/share/tb3_interfaces/environment/library_path.sh\n'}
[0.302240] (tb3_interfaces) StdoutLine: {'line': b'-- Up-to-date: /home/jackfeels/Documents/PROYECTO_TURTLEBOT/install/tb3_interfaces/share/tb3_interfaces/environment/library_path.dsv\n'}
[0.302269] (tb3_interfaces) StdoutLine: {'line': b'-- Up-to-date: /home/jackfeels/Documents/PROYECTO_TURTLEBOT/install/tb3_interfaces/lib/libtb3_interfaces__rosidl_generator_c.so\n'}
[0.302299] (tb3_interfaces) StdoutLine: {'line': b'-- Up-to-date: /home/jackfeels/Documents/PROYECTO_TURTLEBOT/install/tb3_interfaces/include/tb3_interfaces/tb3_interfaces\n'}
[0.302329] (tb3_interfaces) StdoutLine: {'line': b'-- Up-to-date: /home/jackfeels/Documents/PROYECTO_TURTLEBOT/install/tb3_interfaces/include/tb3_interfaces/tb3_interfaces/msg\n'}
[0.302358] (tb3_interfaces) StdoutLine: {'line': b'-- Up-to-date: /home/jackfeels/Documents/PROYECTO_TURTLEBOT/install/tb3_interfaces/include/tb3_interfaces/tb3_interfaces/msg/rosidl_typesupport_fastrtps_c__visibility_control.h\n'}
[0.302392] (tb3_interfaces) StdoutLine: {'line': b'-- Up-to-date: /home/jackfeels/Documents/PROYECTO_TURTLEBOT/install/tb3_interfaces/include/tb3_interfaces/tb3_interfaces/msg/detail\n'}
[0.308268] (tb3_interfaces) StdoutLine: {'line': b'-- Up-to-date: /home/jackfeels/Documents/PROYECTO_TURTLEBOT/install/tb3_interfaces/include/tb3_interfaces/tb3_interfaces/msg/detail/tracked_person__rosidl_typesupport_fastrtps_c.h\n'}
[0.308416] (tb3_interfaces) StdoutLine: {'line': b'-- Up-to-date: /home/jackfeels/Documents/PROYECTO_TURTLEBOT/install/tb3_interfaces/include/tb3_interfaces/tb3_interfaces/msg/detail/target_info__rosidl_typesupport_fastrtps_c.h\n'}
[0.308454] (tb3_interfaces) StdoutLine: {'line': b'-- Up-to-date: /home/jackfeels/Documents/PROYECTO_TURTLEBOT/install/tb3_interfaces/include/tb3_interfaces/tb3_interfaces/msg/detail/tracked_person_array__rosidl_typesupport_fastrtps_c.h\n'}
[0.308485] (tb3_interfaces) StdoutLine: {'line': b'-- Up-to-date: /home/jackfeels/Documents/PROYECTO_TURTLEBOT/install/tb3_interfaces/lib/libtb3_interfaces__rosidl_typesupport_fastrtps_c.so\n'}
[0.308514] (tb3_interfaces) StdoutLine: {'line': b'-- Up-to-date: /home/jackfeels/Documents/PROYECTO_TURTLEBOT/install/tb3_interfaces/include/tb3_interfaces/tb3_interfaces\n'}
[0.308544] (tb3_interfaces) StdoutLine: {'line': b'-- Up-to-date: /home/jackfeels/Documents/PROYECTO_TURTLEBOT/install/tb3_interfaces/include/tb3_interfaces/tb3_interfaces/msg\n'}
[0.308574] (tb3_interfaces) StdoutLine: {'line': b'-- Up-to-date: /home/jackfeels/Documents/PROYECTO_TURTLEBOT/install/tb3_interfaces/include/tb3_interfaces/tb3_interfaces/msg/detail\n'}
[0.308604] (tb3_interfaces) StdoutLine: {'line': b'-- Up-to-date: /home/jackfeels/Documents/PROYECTO_TURTLEBOT/install/tb3_interfaces/include/tb3_interfaces/tb3_interfaces/msg/detail/tracked_person__rosidl_typesupport_introspection_c.h\n'}
[0.308633] (tb3_interfaces) StdoutLine: {'line': b'-- Up-to-date: /home/jackfeels/Documents/PROYECTO_TURTLEBOT/install/tb3_interfaces/include/tb3_interfaces/tb3_interfaces/msg/detail/tracked_person_array__type_support.c\n'}
[0.308663] (tb3_interfaces) StdoutLine: {'line': b'-- Up-to-date: /home/jackfeels/Documents/PROYECTO_TURTLEBOT/install/tb3_interfaces/include/tb3_interfaces/tb3_interfaces/msg/detail/target_info__rosidl_typesupport_introspection_c.h\n'}
[0.308693] (tb3_interfaces) StdoutLine: {'line': b'-- Up-to-date: /home/jackfeels/Documents/PROYECTO_TURTLEBOT/install/tb3_interfaces/include/tb3_interfaces/tb3_interfaces/msg/detail/tracked_person__type_support.c\n'}
[0.308735] (tb3_interfaces) StdoutLine: {'line': b'-- Up-to-date: /home/jackfeels/Documents/PROYECTO_TURTLEBOT/install/tb3_interfaces/include/tb3_interfaces/tb3_interfaces/msg/detail/target_info__type_support.c\n'}
[0.308765] (tb3_interfaces) StdoutLine: {'line': b'-- Up-to-date: /home/jackfeels/Documents/PROYECTO_TURTLEBOT/install/tb3_interfaces/include/tb3_interfaces/tb3_interfaces/msg/detail/tracked_person_array__rosidl_typesupport_introspection_c.h\n'}
[0.308796] (tb3_interfaces) StdoutLine: {'line': b'-- Up-to-date: /home/jackfeels/Documents/PROYECTO_TURTLEBOT/install/tb3_interfaces/include/tb3_interfaces/tb3_interfaces/msg/rosidl_typesupport_introspection_c__visibility_control.h\n'}
[0.308826] (tb3_interfaces) StdoutLine: {'line': b'-- Up-to-date: /home/jackfeels/Documents/PROYECTO_TURTLEBOT/install/tb3_interfaces/lib/libtb3_interfaces__rosidl_typesupport_introspection_c.so\n'}
[0.308855] (tb3_interfaces) StdoutLine: {'line': b'-- Up-to-date: /home/jackfeels/Documents/PROYECTO_TURTLEBOT/install/tb3_interfaces/lib/libtb3_interfaces__rosidl_typesupport_c.so\n'}
[0.308884] (tb3_interfaces) StdoutLine: {'line': b'-- Up-to-date: /home/jackfeels/Documents/PROYECTO_TURTLEBOT/install/tb3_interfaces/include/tb3_interfaces/tb3_interfaces\n'}
[0.308912] (tb3_interfaces) StdoutLine: {'line': b'-- Up-to-date: /home/jackfeels/Documents/PROYECTO_TURTLEBOT/install/tb3_interfaces/include/tb3_interfaces/tb3_interfaces/msg\n'}
[0.308941] (tb3_interfaces) StdoutLine: {'line': b'-- Up-to-date: /home/jackfeels/Documents/PROYECTO_TURTLEBOT/install/tb3_interfaces/include/tb3_interfaces/tb3_interfaces/msg/tracked_person.hpp\n'}
[0.308975] (tb3_interfaces) StdoutLine: {'line': b'-- Up-to-date: /home/jackfeels/Documents/PROYECTO_TURTLEBOT/install/tb3_interfaces/include/tb3_interfaces/tb3_interfaces/msg/rosidl_generator_cpp__visibility_control.hpp\n'}
[0.309003] (tb3_interfaces) StdoutLine: {'line': b'-- Up-to-date: /home/jackfeels/Documents/PROYECTO_TURTLEBOT/install/tb3_interfaces/include/tb3_interfaces/tb3_interfaces/msg/target_info.hpp\n'}
[0.309032] (tb3_interfaces) StdoutLine: {'line': b'-- Up-to-date: /home/jackfeels/Documents/PROYECTO_TURTLEBOT/install/tb3_interfaces/include/tb3_interfaces/tb3_interfaces/msg/detail\n'}
[0.309062] (tb3_interfaces) StdoutLine: {'line': b'-- Up-to-date: /home/jackfeels/Documents/PROYECTO_TURTLEBOT/install/tb3_interfaces/include/tb3_interfaces/tb3_interfaces/msg/detail/target_info__struct.hpp\n'}
[0.309110] (tb3_interfaces) StdoutLine: {'line': b'-- Up-to-date: /home/jackfeels/Documents/PROYECTO_TURTLEBOT/install/tb3_interfaces/include/tb3_interfaces/tb3_interfaces/msg/detail/tracked_person__builder.hpp\n'}
[0.309142] (tb3_interfaces) StdoutLine: {'line': b'-- Up-to-date: /home/jackfeels/Documents/PROYECTO_TURTLEBOT/install/tb3_interfaces/include/tb3_interfaces/tb3_interfaces/msg/detail/target_info__type_support.hpp\n'}
[0.309171] (tb3_interfaces) StdoutLine: {'line': b'-- Up-to-date: /home/jackfeels/Documents/PROYECTO_TURTLEBOT/install/tb3_interfaces/include/tb3_interfaces/tb3_interfaces/msg/detail/tracked_person_array__type_support.hpp\n'}
[0.312844] (tb3_interfaces) StdoutLine: {'line': b'-- Up-to-date: /home/jackfeels/Documents/PROYECTO_TURTLEBOT/install/tb3_interfaces/include/tb3_interfaces/tb3_interfaces/msg/detail/tracked_person__type_support.hpp\n'}
[0.312917] (tb3_interfaces) StdoutLine: {'line': b'-- Up-to-date: /home/jackfeels/Documents/PROYECTO_TURTLEBOT/install/tb3_interfaces/include/tb3_interfaces/tb3_interfaces/msg/detail/tracked_person__struct.hpp\n'}
[0.312954] (tb3_interfaces) StdoutLine: {'line': b'-- Up-to-date: /home/jackfeels/Documents/PROYECTO_TURTLEBOT/install/tb3_interfaces/include/tb3_interfaces/tb3_interfaces/msg/detail/tracked_person_array__struct.hpp\n'}
[0.312986] (tb3_interfaces) StdoutLine: {'line': b'-- Up-to-date: /home/jackfeels/Documents/PROYECTO_TURTLEBOT/install/tb3_interfaces/include/tb3_interfaces/tb3_interfaces/msg/detail/tracked_person__traits.hpp\n'}
[0.313016] (tb3_interfaces) StdoutLine: {'line': b'-- Up-to-date: /home/jackfeels/Documents/PROYECTO_TURTLEBOT/install/tb3_interfaces/include/tb3_interfaces/tb3_interfaces/msg/detail/target_info__builder.hpp\n'}
[0.313051] (tb3_interfaces) StdoutLine: {'line': b'-- Up-to-date: /home/jackfeels/Documents/PROYECTO_TURTLEBOT/install/tb3_interfaces/include/tb3_interfaces/tb3_interfaces/msg/detail/tracked_person_array__builder.hpp\n'}
[0.313080] (tb3_interfaces) StdoutLine: {'line': b'-- Up-to-date: /home/jackfeels/Documents/PROYECTO_TURTLEBOT/install/tb3_interfaces/include/tb3_interfaces/tb3_interfaces/msg/detail/target_info__traits.hpp\n'}
[0.313110] (tb3_interfaces) StdoutLine: {'line': b'-- Up-to-date: /home/jackfeels/Documents/PROYECTO_TURTLEBOT/install/tb3_interfaces/include/tb3_interfaces/tb3_interfaces/msg/detail/tracked_person_array__traits.hpp\n'}
[0.313140] (tb3_interfaces) StdoutLine: {'line': b'-- Up-to-date: /home/jackfeels/Documents/PROYECTO_TURTLEBOT/install/tb3_interfaces/include/tb3_interfaces/tb3_interfaces/msg/tracked_person_array.hpp\n'}
[0.313169] (tb3_interfaces) StdoutLine: {'line': b'-- Up-to-date: /home/jackfeels/Documents/PROYECTO_TURTLEBOT/install/tb3_interfaces/include/tb3_interfaces/tb3_interfaces\n'}
[0.313201] (tb3_interfaces) StdoutLine: {'line': b'-- Up-to-date: /home/jackfeels/Documents/PROYECTO_TURTLEBOT/install/tb3_interfaces/include/tb3_interfaces/tb3_interfaces/msg\n'}
[0.313231] (tb3_interfaces) StdoutLine: {'line': b'-- Up-to-date: /home/jackfeels/Documents/PROYECTO_TURTLEBOT/install/tb3_interfaces/include/tb3_interfaces/tb3_interfaces/msg/detail\n'}
[0.313260] (tb3_interfaces) StdoutLine: {'line': b'-- Up-to-date: /home/jackfeels/Documents/PROYECTO_TURTLEBOT/install/tb3_interfaces/include/tb3_interfaces/tb3_interfaces/msg/detail/dds_fastrtps\n'}
[0.313290] (tb3_interfaces) StdoutLine: {'line': b'-- Up-to-date: /home/jackfeels/Documents/PROYECTO_TURTLEBOT/install/tb3_interfaces/include/tb3_interfaces/tb3_interfaces/msg/detail/target_info__rosidl_typesupport_fastrtps_cpp.hpp\n'}
[0.313319] (tb3_interfaces) StdoutLine: {'line': b'-- Up-to-date: /home/jackfeels/Documents/PROYECTO_TURTLEBOT/install/tb3_interfaces/include/tb3_interfaces/tb3_interfaces/msg/detail/tracked_person_array__rosidl_typesupport_fastrtps_cpp.hpp\n'}
[0.313349] (tb3_interfaces) StdoutLine: {'line': b'-- Up-to-date: /home/jackfeels/Documents/PROYECTO_TURTLEBOT/install/tb3_interfaces/include/tb3_interfaces/tb3_interfaces/msg/detail/tracked_person__rosidl_typesupport_fastrtps_cpp.hpp\n'}
[0.313378] (tb3_interfaces) StdoutLine: {'line': b'-- Up-to-date: /home/jackfeels/Documents/PROYECTO_TURTLEBOT/install/tb3_interfaces/include/tb3_interfaces/tb3_interfaces/msg/rosidl_typesupport_fastrtps_cpp__visibility_control.h\n'}
[0.313408] (tb3_interfaces) StdoutLine: {'line': b'-- Up-to-date: /home/jackfeels/Documents/PROYECTO_TURTLEBOT/install/tb3_interfaces/lib/libtb3_interfaces__rosidl_typesupport_fastrtps_cpp.so\n'}
[0.313437] (tb3_interfaces) StdoutLine: {'line': b'-- Up-to-date: /home/jackfeels/Documents/PROYECTO_TURTLEBOT/install/tb3_interfaces/include/tb3_interfaces/tb3_interfaces\n'}
[0.313471] (tb3_interfaces) StdoutLine: {'line': b'-- Up-to-date: /home/jackfeels/Documents/PROYECTO_TURTLEBOT/install/tb3_interfaces/include/tb3_interfaces/tb3_interfaces/msg\n'}
[0.313500] (tb3_interfaces) StdoutLine: {'line': b'-- Up-to-date: /home/jackfeels/Documents/PROYECTO_TURTLEBOT/install/tb3_interfaces/include/tb3_interfaces/tb3_interfaces/msg/detail\n'}
[0.313529] (tb3_interfaces) StdoutLine: {'line': b'-- Up-to-date: /home/jackfeels/Documents/PROYECTO_TURTLEBOT/install/tb3_interfaces/include/tb3_interfaces/tb3_interfaces/msg/detail/tracked_person__rosidl_typesupport_introspection_cpp.hpp\n'}
[0.313559] (tb3_interfaces) StdoutLine: {'line': b'-- Up-to-date: /home/jackfeels/Documents/PROYECTO_TURTLEBOT/install/tb3_interfaces/include/tb3_interfaces/tb3_interfaces/msg/detail/tracked_person__type_support.cpp\n'}
[0.313588] (tb3_interfaces) StdoutLine: {'line': b'-- Up-to-date: /home/jackfeels/Documents/PROYECTO_TURTLEBOT/install/tb3_interfaces/include/tb3_interfaces/tb3_interfaces/msg/detail/target_info__rosidl_typesupport_introspection_cpp.hpp\n'}
[0.313620] (tb3_interfaces) StdoutLine: {'line': b'-- Up-to-date: /home/jackfeels/Documents/PROYECTO_TURTLEBOT/install/tb3_interfaces/include/tb3_interfaces/tb3_interfaces/msg/detail/target_info__type_support.cpp\n'}
[0.313649] (tb3_interfaces) StdoutLine: {'line': b'-- Up-to-date: /home/jackfeels/Documents/PROYECTO_TURTLEBOT/install/tb3_interfaces/include/tb3_interfaces/tb3_interfaces/msg/detail/tracked_person_array__type_support.cpp\n'}
[0.317338] (tb3_interfaces) StdoutLine: {'line': b'-- Up-to-date: /home/jackfeels/Documents/PROYECTO_TURTLEBOT/install/tb3_interfaces/include/tb3_interfaces/tb3_interfaces/msg/detail/tracked_person_array__rosidl_typesupport_introspection_cpp.hpp\n'}
[0.317385] (tb3_interfaces) StdoutLine: {'line': b'-- Up-to-date: /home/jackfeels/Documents/PROYECTO_TURTLEBOT/install/tb3_interfaces/lib/libtb3_interfaces__rosidl_typesupport_introspection_cpp.so\n'}
[0.317415] (tb3_interfaces) StdoutLine: {'line': b'-- Up-to-date: /home/jackfeels/Documents/PROYECTO_TURTLEBOT/install/tb3_interfaces/lib/libtb3_interfaces__rosidl_typesupport_cpp.so\n'}
[0.317445] (tb3_interfaces) StdoutLine: {'line': b'-- Up-to-date: /home/jackfeels/Documents/PROYECTO_TURTLEBOT/install/tb3_interfaces/share/tb3_interfaces/environment/pythonpath.sh\n'}
[0.317474] (tb3_interfaces) StdoutLine: {'line': b'-- Up-to-date: /home/jackfeels/Documents/PROYECTO_TURTLEBOT/install/tb3_interfaces/share/tb3_interfaces/environment/pythonpath.dsv\n'}
[0.317504] (tb3_interfaces) StdoutLine: {'line': b'-- Up-to-date: /home/jackfeels/Documents/PROYECTO_TURTLEBOT/install/tb3_interfaces/local/lib/python3.10/dist-packages/tb3_interfaces-0.0.1-py3.10.egg-info\n'}
[0.317533] (tb3_interfaces) StdoutLine: {'line': b'-- Installing: /home/jackfeels/Documents/PROYECTO_TURTLEBOT/install/tb3_interfaces/local/lib/python3.10/dist-packages/tb3_interfaces-0.0.1-py3.10.egg-info/dependency_links.txt\n'}
[0.317563] (tb3_interfaces) StdoutLine: {'line': b'-- Installing: /home/jackfeels/Documents/PROYECTO_TURTLEBOT/install/tb3_interfaces/local/lib/python3.10/dist-packages/tb3_interfaces-0.0.1-py3.10.egg-info/top_level.txt\n'}
[0.317593] (tb3_interfaces) StdoutLine: {'line': b'-- Installing: /home/jackfeels/Documents/PROYECTO_TURTLEBOT/install/tb3_interfaces/local/lib/python3.10/dist-packages/tb3_interfaces-0.0.1-py3.10.egg-info/PKG-INFO\n'}
[0.317625] (tb3_interfaces) StdoutLine: {'line': b'-- Installing: /home/jackfeels/Documents/PROYECTO_TURTLEBOT/install/tb3_interfaces/local/lib/python3.10/dist-packages/tb3_interfaces-0.0.1-py3.10.egg-info/SOURCES.txt\n'}
[0.317655] (tb3_interfaces) StdoutLine: {'line': b'-- Up-to-date: /home/jackfeels/Documents/PROYECTO_TURTLEBOT/install/tb3_interfaces/local/lib/python3.10/dist-packages/tb3_interfaces\n'}
[0.317684] (tb3_interfaces) StdoutLine: {'line': b'-- Up-to-date: /home/jackfeels/Documents/PROYECTO_TURTLEBOT/install/tb3_interfaces/local/lib/python3.10/dist-packages/tb3_interfaces/msg\n'}
[0.317713] (tb3_interfaces) StdoutLine: {'line': b'-- Up-to-date: /home/jackfeels/Documents/PROYECTO_TURTLEBOT/install/tb3_interfaces/local/lib/python3.10/dist-packages/tb3_interfaces/msg/_target_info_s.c\n'}
[0.317742] (tb3_interfaces) StdoutLine: {'line': b'-- Up-to-date: /home/jackfeels/Documents/PROYECTO_TURTLEBOT/install/tb3_interfaces/local/lib/python3.10/dist-packages/tb3_interfaces/msg/_target_info.py\n'}
[0.317771] (tb3_interfaces) StdoutLine: {'line': b'-- Up-to-date: /home/jackfeels/Documents/PROYECTO_TURTLEBOT/install/tb3_interfaces/local/lib/python3.10/dist-packages/tb3_interfaces/msg/_tracked_person_array_s.c\n'}
[0.317800] (tb3_interfaces) StdoutLine: {'line': b'-- Up-to-date: /home/jackfeels/Documents/PROYECTO_TURTLEBOT/install/tb3_interfaces/local/lib/python3.10/dist-packages/tb3_interfaces/msg/_tracked_person_array.py\n'}
[0.317829] (tb3_interfaces) StdoutLine: {'line': b'-- Up-to-date: /home/jackfeels/Documents/PROYECTO_TURTLEBOT/install/tb3_interfaces/local/lib/python3.10/dist-packages/tb3_interfaces/msg/__init__.py\n'}
[0.317858] (tb3_interfaces) StdoutLine: {'line': b'-- Up-to-date: /home/jackfeels/Documents/PROYECTO_TURTLEBOT/install/tb3_interfaces/local/lib/python3.10/dist-packages/tb3_interfaces/msg/_tracked_person_s.c\n'}
[0.317889] (tb3_interfaces) StdoutLine: {'line': b'-- Up-to-date: /home/jackfeels/Documents/PROYECTO_TURTLEBOT/install/tb3_interfaces/local/lib/python3.10/dist-packages/tb3_interfaces/msg/_tracked_person.py\n'}
[0.317924] (tb3_interfaces) StdoutLine: {'line': b'-- Up-to-date: /home/jackfeels/Documents/PROYECTO_TURTLEBOT/install/tb3_interfaces/local/lib/python3.10/dist-packages/tb3_interfaces/_tb3_interfaces_s.ep.rosidl_typesupport_fastrtps_c.c\n'}
[0.317953] (tb3_interfaces) StdoutLine: {'line': b'-- Up-to-date: /home/jackfeels/Documents/PROYECTO_TURTLEBOT/install/tb3_interfaces/local/lib/python3.10/dist-packages/tb3_interfaces/libtb3_interfaces__rosidl_generator_py.so\n'}
[0.317982] (tb3_interfaces) StdoutLine: {'line': b'-- Up-to-date: /home/jackfeels/Documents/PROYECTO_TURTLEBOT/install/tb3_interfaces/local/lib/python3.10/dist-packages/tb3_interfaces/_tb3_interfaces_s.ep.rosidl_typesupport_introspection_c.c\n'}
[0.318011] (tb3_interfaces) StdoutLine: {'line': b'-- Up-to-date: /home/jackfeels/Documents/PROYECTO_TURTLEBOT/install/tb3_interfaces/local/lib/python3.10/dist-packages/tb3_interfaces/tb3_interfaces_s__rosidl_typesupport_c.cpython-310-aarch64-linux-gnu.so\n'}
[0.318042] (tb3_interfaces) StdoutLine: {'line': b'-- Up-to-date: /home/jackfeels/Documents/PROYECTO_TURTLEBOT/install/tb3_interfaces/local/lib/python3.10/dist-packages/tb3_interfaces/tb3_interfaces_s__rosidl_typesupport_fastrtps_c.cpython-310-aarch64-linux-gnu.so\n'}
[0.318070] (tb3_interfaces) StdoutLine: {'line': b'-- Up-to-date: /home/jackfeels/Documents/PROYECTO_TURTLEBOT/install/tb3_interfaces/local/lib/python3.10/dist-packages/tb3_interfaces/__init__.py\n'}
[0.321661] (tb3_interfaces) StdoutLine: {'line': b'-- Up-to-date: /home/jackfeels/Documents/PROYECTO_TURTLEBOT/install/tb3_interfaces/local/lib/python3.10/dist-packages/tb3_interfaces/tb3_interfaces_s__rosidl_typesupport_introspection_c.cpython-310-aarch64-linux-gnu.so\n'}
[0.321733] (tb3_interfaces) StdoutLine: {'line': b'-- Up-to-date: /home/jackfeels/Documents/PROYECTO_TURTLEBOT/install/tb3_interfaces/local/lib/python3.10/dist-packages/tb3_interfaces/_tb3_interfaces_s.ep.rosidl_typesupport_c.c\n'}
[0.321764] (tb3_interfaces) StdoutLine: {'line': b"Listing '/home/jackfeels/Documents/PROYECTO_TURTLEBOT/install/tb3_interfaces/local/lib/python3.10/dist-packages/tb3_interfaces'...\n"}
[0.321794] (tb3_interfaces) StdoutLine: {'line': b"Listing '/home/jackfeels/Documents/PROYECTO_TURTLEBOT/install/tb3_interfaces/local/lib/python3.10/dist-packages/tb3_interfaces/msg'...\n"}
[0.328779] (tb3_interfaces) StdoutLine: {'line': b'-- Up-to-date: /home/jackfeels/Documents/PROYECTO_TURTLEBOT/install/tb3_interfaces/local/lib/python3.10/dist-packages/tb3_interfaces/tb3_interfaces_s__rosidl_typesupport_fastrtps_c.cpython-310-aarch64-linux-gnu.so\n'}
[0.329114] (tb3_interfaces) StdoutLine: {'line': b'-- Up-to-date: /home/jackfeels/Documents/PROYECTO_TURTLEBOT/install/tb3_interfaces/local/lib/python3.10/dist-packages/tb3_interfaces/tb3_interfaces_s__rosidl_typesupport_introspection_c.cpython-310-aarch64-linux-gnu.so\n'}
[0.329153] (tb3_interfaces) StdoutLine: {'line': b'-- Up-to-date: /home/jackfeels/Documents/PROYECTO_TURTLEBOT/install/tb3_interfaces/local/lib/python3.10/dist-packages/tb3_interfaces/tb3_interfaces_s__rosidl_typesupport_c.cpython-310-aarch64-linux-gnu.so\n'}
[0.329187] (tb3_interfaces) StdoutLine: {'line': b'-- Up-to-date: /home/jackfeels/Documents/PROYECTO_TURTLEBOT/install/tb3_interfaces/lib/libtb3_interfaces__rosidl_generator_py.so\n'}
[0.329218] (tb3_interfaces) StdoutLine: {'line': b'-- Up-to-date: /home/jackfeels/Documents/PROYECTO_TURTLEBOT/install/tb3_interfaces/share/ament_index/resource_index/rust_packages/tb3_interfaces\n'}
[0.329247] (tb3_interfaces) StdoutLine: {'line': b'-- Up-to-date: /home/jackfeels/Documents/PROYECTO_TURTLEBOT/install/tb3_interfaces/share/tb3_interfaces/rust\n'}
[0.329277] (tb3_interfaces) StdoutLine: {'line': b'-- Up-to-date: /home/jackfeels/Documents/PROYECTO_TURTLEBOT/install/tb3_interfaces/share/tb3_interfaces/rust/Cargo.toml\n'}
[0.329309] (tb3_interfaces) StdoutLine: {'line': b'-- Up-to-date: /home/jackfeels/Documents/PROYECTO_TURTLEBOT/install/tb3_interfaces/share/tb3_interfaces/rust/build.rs\n'}
[0.329338] (tb3_interfaces) StdoutLine: {'line': b'-- Up-to-date: /home/jackfeels/Documents/PROYECTO_TURTLEBOT/install/tb3_interfaces/share/tb3_interfaces/rust/src\n'}
[0.329367] (tb3_interfaces) StdoutLine: {'line': b'-- Up-to-date: /home/jackfeels/Documents/PROYECTO_TURTLEBOT/install/tb3_interfaces/share/tb3_interfaces/rust/src/msg\n'}
[0.329396] (tb3_interfaces) StdoutLine: {'line': b'-- Up-to-date: /home/jackfeels/Documents/PROYECTO_TURTLEBOT/install/tb3_interfaces/share/tb3_interfaces/rust/src/msg/rmw.rs\n'}
[0.329426] (tb3_interfaces) StdoutLine: {'line': b'-- Up-to-date: /home/jackfeels/Documents/PROYECTO_TURTLEBOT/install/tb3_interfaces/share/tb3_interfaces/rust/src/lib.rs\n'}
[0.329455] (tb3_interfaces) StdoutLine: {'line': b'-- Up-to-date: /home/jackfeels/Documents/PROYECTO_TURTLEBOT/install/tb3_interfaces/share/tb3_interfaces/rust/src/msg.rs\n'}
[0.329484] (tb3_interfaces) StdoutLine: {'line': b'-- Up-to-date: /home/jackfeels/Documents/PROYECTO_TURTLEBOT/install/tb3_interfaces/share/tb3_interfaces/msg/TrackedPerson.idl\n'}
[0.329512] (tb3_interfaces) StdoutLine: {'line': b'-- Up-to-date: /home/jackfeels/Documents/PROYECTO_TURTLEBOT/install/tb3_interfaces/share/tb3_interfaces/msg/TrackedPersonArray.idl\n'}
[0.329542] (tb3_interfaces) StdoutLine: {'line': b'-- Up-to-date: /home/jackfeels/Documents/PROYECTO_TURTLEBOT/install/tb3_interfaces/share/tb3_interfaces/msg/TargetInfo.idl\n'}
[0.329571] (tb3_interfaces) StdoutLine: {'line': b'-- Up-to-date: /home/jackfeels/Documents/PROYECTO_TURTLEBOT/install/tb3_interfaces/share/tb3_interfaces/msg/TrackedPerson.msg\n'}
[0.329605] (tb3_interfaces) StdoutLine: {'line': b'-- Up-to-date: /home/jackfeels/Documents/PROYECTO_TURTLEBOT/install/tb3_interfaces/share/tb3_interfaces/msg/TrackedPersonArray.msg\n'}
[0.329634] (tb3_interfaces) StdoutLine: {'line': b'-- Up-to-date: /home/jackfeels/Documents/PROYECTO_TURTLEBOT/install/tb3_interfaces/share/tb3_interfaces/msg/TargetInfo.msg\n'}
[0.329663] (tb3_interfaces) StdoutLine: {'line': b'-- Up-to-date: /home/jackfeels/Documents/PROYECTO_TURTLEBOT/install/tb3_interfaces/share/ament_index/resource_index/package_run_dependencies/tb3_interfaces\n'}
[0.329691] (tb3_interfaces) StdoutLine: {'line': b'-- Up-to-date: /home/jackfeels/Documents/PROYECTO_TURTLEBOT/install/tb3_interfaces/share/ament_index/resource_index/parent_prefix_path/tb3_interfaces\n'}
[0.329721] (tb3_interfaces) StdoutLine: {'line': b'-- Up-to-date: /home/jackfeels/Documents/PROYECTO_TURTLEBOT/install/tb3_interfaces/share/tb3_interfaces/environment/ament_prefix_path.sh\n'}
[0.329751] (tb3_interfaces) StdoutLine: {'line': b'-- Up-to-date: /home/jackfeels/Documents/PROYECTO_TURTLEBOT/install/tb3_interfaces/share/tb3_interfaces/environment/ament_prefix_path.dsv\n'}
[0.329781] (tb3_interfaces) StdoutLine: {'line': b'-- Up-to-date: /home/jackfeels/Documents/PROYECTO_TURTLEBOT/install/tb3_interfaces/share/tb3_interfaces/environment/path.sh\n'}
[0.329811] (tb3_interfaces) StdoutLine: {'line': b'-- Up-to-date: /home/jackfeels/Documents/PROYECTO_TURTLEBOT/install/tb3_interfaces/share/tb3_interfaces/environment/path.dsv\n'}
[0.329839] (tb3_interfaces) StdoutLine: {'line': b'-- Up-to-date: /home/jackfeels/Documents/PROYECTO_TURTLEBOT/install/tb3_interfaces/share/tb3_interfaces/local_setup.bash\n'}
[0.329868] (tb3_interfaces) StdoutLine: {'line': b'-- Up-to-date: /home/jackfeels/Documents/PROYECTO_TURTLEBOT/install/tb3_interfaces/share/tb3_interfaces/local_setup.sh\n'}
[0.329898] (tb3_interfaces) StdoutLine: {'line': b'-- Up-to-date: /home/jackfeels/Documents/PROYECTO_TURTLEBOT/install/tb3_interfaces/share/tb3_interfaces/local_setup.zsh\n'}
[0.329927] (tb3_interfaces) StdoutLine: {'line': b'-- Up-to-date: /home/jackfeels/Documents/PROYECTO_TURTLEBOT/install/tb3_interfaces/share/tb3_interfaces/local_setup.dsv\n'}
[0.329957] (tb3_interfaces) StdoutLine: {'line': b'-- Installing: /home/jackfeels/Documents/PROYECTO_TURTLEBOT/install/tb3_interfaces/share/tb3_interfaces/package.dsv\n'}
[0.329987] (tb3_interfaces) StdoutLine: {'line': b'-- Up-to-date: /home/jackfeels/Documents/PROYECTO_TURTLEBOT/install/tb3_interfaces/share/ament_index/resource_index/packages/tb3_interfaces\n'}
[0.334325] (tb3_interfaces) StdoutLine: {'line': b'-- Up-to-date: /home/jackfeels/Documents/PROYECTO_TURTLEBOT/install/tb3_interfaces/share/tb3_interfaces/cmake/export_tb3_interfaces__rosidl_generator_cExport.cmake\n'}
[0.338006] (tb3_interfaces) StdoutLine: {'line': b'-- Up-to-date: /home/jackfeels/Documents/PROYECTO_TURTLEBOT/install/tb3_interfaces/share/tb3_interfaces/cmake/export_tb3_interfaces__rosidl_generator_cExport-noconfig.cmake\n'}
[0.338079] (tb3_interfaces) StdoutLine: {'line': b'-- Up-to-date: /home/jackfeels/Documents/PROYECTO_TURTLEBOT/install/tb3_interfaces/share/tb3_interfaces/cmake/export_tb3_interfaces__rosidl_typesupport_fastrtps_cExport.cmake\n'}
[0.338113] (tb3_interfaces) StdoutLine: {'line': b'-- Up-to-date: /home/jackfeels/Documents/PROYECTO_TURTLEBOT/install/tb3_interfaces/share/tb3_interfaces/cmake/export_tb3_interfaces__rosidl_typesupport_fastrtps_cExport-noconfig.cmake\n'}
[0.338144] (tb3_interfaces) StdoutLine: {'line': b'-- Up-to-date: /home/jackfeels/Documents/PROYECTO_TURTLEBOT/install/tb3_interfaces/share/tb3_interfaces/cmake/tb3_interfaces__rosidl_typesupport_introspection_cExport.cmake\n'}
[0.338174] (tb3_interfaces) StdoutLine: {'line': b'-- Up-to-date: /home/jackfeels/Documents/PROYECTO_TURTLEBOT/install/tb3_interfaces/share/tb3_interfaces/cmake/tb3_interfaces__rosidl_typesupport_introspection_cExport-noconfig.cmake\n'}
[0.338204] (tb3_interfaces) StdoutLine: {'line': b'-- Up-to-date: /home/jackfeels/Documents/PROYECTO_TURTLEBOT/install/tb3_interfaces/share/tb3_interfaces/cmake/tb3_interfaces__rosidl_typesupport_cExport.cmake\n'}
[0.338234] (tb3_interfaces) StdoutLine: {'line': b'-- Up-to-date: /home/jackfeels/Documents/PROYECTO_TURTLEBOT/install/tb3_interfaces/share/tb3_interfaces/cmake/tb3_interfaces__rosidl_typesupport_cExport-noconfig.cmake\n'}
[0.338264] (tb3_interfaces) StdoutLine: {'line': b'-- Up-to-date: /home/jackfeels/Documents/PROYECTO_TURTLEBOT/install/tb3_interfaces/share/tb3_interfaces/cmake/export_tb3_interfaces__rosidl_generator_cppExport.cmake\n'}
[0.338294] (tb3_interfaces) StdoutLine: {'line': b'-- Up-to-date: /home/jackfeels/Documents/PROYECTO_TURTLEBOT/install/tb3_interfaces/share/tb3_interfaces/cmake/export_tb3_interfaces__rosidl_typesupport_fastrtps_cppExport.cmake\n'}
[0.338323] (tb3_interfaces) StdoutLine: {'line': b'-- Up-to-date: /home/jackfeels/Documents/PROYECTO_TURTLEBOT/install/tb3_interfaces/share/tb3_interfaces/cmake/export_tb3_interfaces__rosidl_typesupport_fastrtps_cppExport-noconfig.cmake\n'}
[0.338353] (tb3_interfaces) StdoutLine: {'line': b'-- Up-to-date: /home/jackfeels/Documents/PROYECTO_TURTLEBOT/install/tb3_interfaces/share/tb3_interfaces/cmake/tb3_interfaces__rosidl_typesupport_introspection_cppExport.cmake\n'}
[0.338383] (tb3_interfaces) StdoutLine: {'line': b'-- Up-to-date: /home/jackfeels/Documents/PROYECTO_TURTLEBOT/install/tb3_interfaces/share/tb3_interfaces/cmake/tb3_interfaces__rosidl_typesupport_introspection_cppExport-noconfig.cmake\n'}
[0.338419] (tb3_interfaces) StdoutLine: {'line': b'-- Up-to-date: /home/jackfeels/Documents/PROYECTO_TURTLEBOT/install/tb3_interfaces/share/tb3_interfaces/cmake/tb3_interfaces__rosidl_typesupport_cppExport.cmake\n'}
[0.338449] (tb3_interfaces) StdoutLine: {'line': b'-- Up-to-date: /home/jackfeels/Documents/PROYECTO_TURTLEBOT/install/tb3_interfaces/share/tb3_interfaces/cmake/tb3_interfaces__rosidl_typesupport_cppExport-noconfig.cmake\n'}
[0.338479] (tb3_interfaces) StdoutLine: {'line': b'-- Up-to-date: /home/jackfeels/Documents/PROYECTO_TURTLEBOT/install/tb3_interfaces/share/tb3_interfaces/cmake/export_tb3_interfaces__rosidl_generator_pyExport.cmake\n'}
[0.338509] (tb3_interfaces) StdoutLine: {'line': b'-- Up-to-date: /home/jackfeels/Documents/PROYECTO_TURTLEBOT/install/tb3_interfaces/share/tb3_interfaces/cmake/export_tb3_interfaces__rosidl_generator_pyExport-noconfig.cmake\n'}
[0.338540] (tb3_interfaces) StdoutLine: {'line': b'-- Up-to-date: /home/jackfeels/Documents/PROYECTO_TURTLEBOT/install/tb3_interfaces/share/tb3_interfaces/cmake/rosidl_cmake-extras.cmake\n'}
[0.338570] (tb3_interfaces) StdoutLine: {'line': b'-- Up-to-date: /home/jackfeels/Documents/PROYECTO_TURTLEBOT/install/tb3_interfaces/share/tb3_interfaces/cmake/ament_cmake_export_include_directories-extras.cmake\n'}
[0.338600] (tb3_interfaces) StdoutLine: {'line': b'-- Up-to-date: /home/jackfeels/Documents/PROYECTO_TURTLEBOT/install/tb3_interfaces/share/tb3_interfaces/cmake/ament_cmake_export_libraries-extras.cmake\n'}
[0.338629] (tb3_interfaces) StdoutLine: {'line': b'-- Up-to-date: /home/jackfeels/Documents/PROYECTO_TURTLEBOT/install/tb3_interfaces/share/tb3_interfaces/cmake/ament_cmake_export_targets-extras.cmake\n'}
[0.338658] (tb3_interfaces) StdoutLine: {'line': b'-- Up-to-date: /home/jackfeels/Documents/PROYECTO_TURTLEBOT/install/tb3_interfaces/share/tb3_interfaces/cmake/rosidl_cmake_export_typesupport_targets-extras.cmake\n'}
[0.338688] (tb3_interfaces) StdoutLine: {'line': b'-- Up-to-date: /home/jackfeels/Documents/PROYECTO_TURTLEBOT/install/tb3_interfaces/share/tb3_interfaces/cmake/ament_cmake_export_dependencies-extras.cmake\n'}
[0.338720] (tb3_interfaces) StdoutLine: {'line': b'-- Up-to-date: /home/jackfeels/Documents/PROYECTO_TURTLEBOT/install/tb3_interfaces/share/tb3_interfaces/cmake/rosidl_cmake_export_typesupport_libraries-extras.cmake\n'}
[0.338748] (tb3_interfaces) StdoutLine: {'line': b'-- Up-to-date: /home/jackfeels/Documents/PROYECTO_TURTLEBOT/install/tb3_interfaces/share/tb3_interfaces/cmake/tb3_interfacesConfig.cmake\n'}
[0.338780] (tb3_interfaces) StdoutLine: {'line': b'-- Up-to-date: /home/jackfeels/Documents/PROYECTO_TURTLEBOT/install/tb3_interfaces/share/tb3_interfaces/cmake/tb3_interfacesConfig-version.cmake\n'}
[0.338809] (tb3_interfaces) StdoutLine: {'line': b'-- Up-to-date: /home/jackfeels/Documents/PROYECTO_TURTLEBOT/install/tb3_interfaces/share/tb3_interfaces/package.xml\n'}
[0.338841] (tb3_interfaces) CommandEnded: {'returncode': 0}
[0.353190] (tb3_interfaces) JobEnded: {'identifier': 'tb3_interfaces', 'rc': 0}
[0.353474] (debug_visualizer) JobStarted: {'identifier': 'debug_visualizer'}
[0.356513] (follow_controller) JobStarted: {'identifier': 'follow_controller'}
[0.401256] (-) TimerEvent: {}
[0.500692] (gesture_detector) Command: {'cmd': ['/usr/bin/python3', '-W', 'ignore:setup.py install is deprecated', '-W', 'ignore:easy_install command is deprecated', 'setup.py', 'egg_info', '--egg-base', '../../build/gesture_detector', 'build', '--build-base', '/home/jackfeels/Documents/PROYECTO_TURTLEBOT/build/gesture_detector/build', 'install', '--record', '/home/jackfeels/Documents/PROYECTO_TURTLEBOT/build/gesture_detector/install.log', '--single-version-externally-managed', 'install_data'], 'cwd': '/home/jackfeels/Documents/PROYECTO_TURTLEBOT/src/gesture_detector', 'env': {'LESSOPEN': '| /usr/bin/lesspipe %s', 'USER': 'jackfeels', 'XDG_SESSION_TYPE': 'wayland', 'SHLVL': '1', 'LD_LIBRARY_PATH': '/home/jackfeels/turtlebot3_ws/install/turtlebot3_msgs/lib:/home/jackfeels/turtlebot3_ws/install/dynamixel_sdk_custom_interfaces/lib:/home/jackfeels/turtlebot3_ws/install/dynamixel_sdk/lib:/opt/ros/humble/opt/rviz_ogre_vendor/lib:/opt/ros/humble/lib/aarch64-linux-gnu:/opt/ros/humble/lib', 'HOME': '/home/jackfeels', 'OLDPWD': '/home/jackfeels', 'DESKTOP_SESSION': 'ubuntu', 'ROS_PYTHON_VERSION': '3', 'GNOME_SHELL_SESSION_MODE': 'ubuntu', 'GTK_MODULES': 'gail:atk-bridge', 'SYSTEMD_EXEC_PID': '78129', 'DBUS_SESSION_BUS_ADDRESS': 'unix:path=/run/user/1000/bus', 'COLORTERM': 'truecolor', 'IM_CONFIG_PHASE': '1', 'WAYLAND_DISPLAY': 'wayland-0', 'COLCON_PREFIX_PATH': '/home/jackfeels/turtlebot3_ws/install', 'ROS_DISTRO': 'humble', 'LOGNAME': 'jackfeels', '_': '/usr/bin/colcon', 'ROS_VERSION': '2', 'XDG_SESSION_CLASS': 'user', 'USERNAME': 'jackfeels', 'TERM': 'xterm-256color', 'GNOME_DESKTOP_SESSION_ID': 'this-is-deprecated', 'ROS_LOCALHOST_ONLY': '0', 'PATH': '/home/jackfeels/.local/bin:/home/jackfeels/.local/bin:/opt/ros/humble/bin:/home/jackfeels/.local/bin:/usr/local/sbin:/usr/local/bin:/usr/sbin:/usr/bin:/sbin:/bin:/usr/games:/usr/local/games:/snap/bin:/snap/bin', 'SESSION_MANAGER': 'local/jackfeels:@/tmp/.ICE-unix/44928,unix/jackfeels:/tmp/.ICE-unix/44928', 'XDG_MENU_PREFIX': 'gnome-', 'GNOME_TERMINAL_SCREEN': '/org/gnome/Terminal/screen/5cbd554a_f129_4ad6_b38c_edbc413a8072', 'GNOME_SETUP_DISPLAY': ':1', 'XDG_RUNTIME_DIR': '/run/user/1000', 'DISPLAY': ':0', 'LANG': 'en_US.UTF-8', 'XDG_CURRENT_DESKTOP': 'ubuntu:GNOME', 'XMODIFIERS': '@im=ibus', 'XDG_SESSION_DESKTOP': 'ubuntu', 'XAUTHORITY': '/run/user/1000/.mutter-Xwaylandauth.263DN3', 'LS_COLORS': 'rs=0:di=01;34:ln=01;36:mh=00:pi=40;33:so=01;35:do=01;35:bd=40;33;01:cd=40;33;01:or=40;31;01:mi=00:su=37;41:sg=30;43:ca=30;41:tw=30;42:ow=34;42:st=37;44:ex=01;32:*.tar=01;31:*.tgz=01;31:*.arc=01;31:*.arj=01;31:*.taz=01;31:*.lha=01;31:*.lz4=01;31:*.lzh=01;31:*.lzma=01;31:*.tlz=01;31:*.txz=01;31:*.tzo=01;31:*.t7z=01;31:*.zip=01;31:*.z=01;31:*.dz=01;31:*.gz=01;31:*.lrz=01;31:*.lz=01;31:*.lzo=01;31:*.xz=01;31:*.zst=01;31:*.tzst=01;31:*.bz2=01;31:*.bz=01;31:*.tbz=01;31:*.tbz2=01;31:*.tz=01;31:*.deb=01;31:*.rpm=01;31:*.jar=01;31:*.war=01;31:*.ear=01;31:*.sar=01;31:*.rar=01;31:*.alz=01;31:*.ace=01;31:*.zoo=01;31:*.cpio=01;31:*.7z=01;31:*.rz=01;31:*.cab=01;31:*.wim=01;31:*.swm=01;31:*.dwm=01;31:*.esd=01;31:*.jpg=01;35:*.jpeg=01;35:*.mjpg=01;35:*.mjpeg=01;35:*.gif=01;35:*.bmp=01;35:*.pbm=01;35:*.pgm=01;35:*.ppm=01;35:*.tga=01;35:*.xbm=01;35:*.xpm=01;35:*.tif=01;35:*.tiff=01;35:*.png=01;35:*.svg=01;35:*.svgz=01;35:*.mng=01;35:*.pcx=01;35:*.mov=01;35:*.mpg=01;35:*.mpeg=01;35:*.m2v=01;35:*.mkv=01;35:*.webm=01;35:*.webp=01;35:*.ogm=01;35:*.mp4=01;35:*.m4v=01;35:*.mp4v=01;35:*.vob=01;35:*.qt=01;35:*.nuv=01;35:*.wmv=01;35:*.asf=01;35:*.rm=01;35:*.rmvb=01;35:*.flc=01;35:*.avi=01;35:*.fli=01;35:*.flv=01;35:*.gl=01;35:*.dl=01;35:*.xcf=01;35:*.xwd=01;35:*.yuv=01;35:*.cgm=01;35:*.emf=01;35:*.ogv=01;35:*.ogx=01;35:*.aac=00;36:*.au=00;36:*.flac=00;36:*.m4a=00;36:*.mid=00;36:*.midi=00;36:*.mka=00;36:*.mp3=00;36:*.mpc=00;36:*.ogg=00;36:*.ra=00;36:*.wav=00;36:*.oga=00;36:*.opus=00;36:*.spx=00;36:*.xspf=00;36:', 'GNOME_TERMINAL_SERVICE': ':1.167', 'SSH_AGENT_LAUNCHER': 'gnome-keyring', 'SSH_AUTH_SOCK': '/run/user/1000/keyring/ssh', 'ROS_DOMAIN_ID': '30', 'AMENT_PREFIX_PATH': '/home/jackfeels/turtlebot3_ws/install/turtlebot3:/home/jackfeels/turtlebot3_ws/install/turtlebot3_teleop:/home/jackfeels/turtlebot3_ws/install/turtlebot3_bringup:/home/jackfeels/turtlebot3_ws/install/turtlebot3_node:/home/jackfeels/turtlebot3_ws/install/turtlebot3_navigation2:/home/jackfeels/turtlebot3_ws/install/turtlebot3_example:/home/jackfeels/turtlebot3_ws/install/turtlebot3_msgs:/home/jackfeels/turtlebot3_ws/install/turtlebot3_description:/home/jackfeels/turtlebot3_ws/install/turtlebot3_cartographer:/home/jackfeels/turtlebot3_ws/install/dynamixel_sdk_examples:/home/jackfeels/turtlebot3_ws/install/dynamixel_sdk_custom_interfaces:/home/jackfeels/turtlebot3_ws/install/dynamixel_sdk:/opt/ros/humble', 'SHELL': '/bin/bash', 'QT_ACCESSIBILITY': '1', 'GDMSESSION': 'ubuntu', 'LESSCLOSE': '/usr/bin/lesspipe %s %s', 'QT_IM_MODULE': 'ibus', 'PWD': '/home/jackfeels/Documents/PROYECTO_TURTLEBOT/build/gesture_detector', 'TURTLEBOT3_MODEL': 'burger', 'XDG_CONFIG_DIRS': '/etc/xdg/xdg-ubuntu:/etc/xdg', 'XDG_DATA_DIRS': '/usr/share/ubuntu:/usr/local/share/:/usr/share/:/var/lib/snapd/desktop', 'PYTHONPATH': '/home/jackfeels/Documents/PROYECTO_TURTLEBOT/build/gesture_detector/prefix_override:/usr/lib/python3/dist-packages/colcon_core/task/python/colcon_distutils_commands:/home/jackfeels/Documents/PROYECTO_TURTLEBOT/install/gesture_detector/lib/python3.10/site-packages:/home/jackfeels/turtlebot3_ws/install/turtlebot3_teleop/lib/python3.10/site-packages:/home/jackfeels/turtlebot3_ws/install/turtlebot3_example/lib/python3.10/site-packages:/home/jackfeels/turtlebot3_ws/install/turtlebot3_msgs/local/lib/python3.10/dist-packages:/home/jackfeels/turtlebot3_ws/install/dynamixel_sdk_custom_interfaces/local/lib/python3.10/dist-packages:/home/jackfeels/turtlebot3_ws/install/dynamixel_sdk/local/lib/python3.10/dist-packages:/opt/ros/humble/lib/python3.10/site-packages:/opt/ros/humble/local/lib/python3.10/dist-packages', 'COLCON': '1', 'VTE_VERSION': '6800', 'CMAKE_PREFIX_PATH': '/home/jackfeels/turtlebot3_ws/install/turtlebot3:/home/jackfeels/turtlebot3_ws/install/turtlebot3_bringup:/home/jackfeels/turtlebot3_ws/install/turtlebot3_node:/home/jackfeels/turtlebot3_ws/install/turtlebot3_navigation2:/home/jackfeels/turtlebot3_ws/install/turtlebot3_msgs:/home/jackfeels/turtlebot3_ws/install/turtlebot3_description:/home/jackfeels/turtlebot3_ws/install/turtlebot3_cartographer:/home/jackfeels/turtlebot3_ws/install/dynamixel_sdk_examples:/home/jackfeels/turtlebot3_ws/install/dynamixel_sdk_custom_interfaces:/home/jackfeels/turtlebot3_ws/install/dynamixel_sdk'}, 'shell': False}
[0.516028] (-) TimerEvent: {}
[0.521655] (tb3_bringup_custom) Command: {'cmd': ['/usr/bin/python3', '-W', 'ignore:setup.py install is deprecated', '-W', 'ignore:easy_install command is deprecated', 'setup.py', 'egg_info', '--egg-base', '../../build/tb3_bringup_custom', 'build', '--build-base', '/home/jackfeels/Documents/PROYECTO_TURTLEBOT/build/tb3_bringup_custom/build', 'install', '--record', '/home/jackfeels/Documents/PROYECTO_TURTLEBOT/build/tb3_bringup_custom/install.log', '--single-version-externally-managed', 'install_data'], 'cwd': '/home/jackfeels/Documents/PROYECTO_TURTLEBOT/src/tb3_bringup_custom', 'env': {'LESSOPEN': '| /usr/bin/lesspipe %s', 'USER': 'jackfeels', 'XDG_SESSION_TYPE': 'wayland', 'SHLVL': '1', 'LD_LIBRARY_PATH': '/home/jackfeels/turtlebot3_ws/install/turtlebot3_msgs/lib:/home/jackfeels/turtlebot3_ws/install/dynamixel_sdk_custom_interfaces/lib:/home/jackfeels/turtlebot3_ws/install/dynamixel_sdk/lib:/opt/ros/humble/opt/rviz_ogre_vendor/lib:/opt/ros/humble/lib/aarch64-linux-gnu:/opt/ros/humble/lib', 'HOME': '/home/jackfeels', 'OLDPWD': '/home/jackfeels', 'DESKTOP_SESSION': 'ubuntu', 'ROS_PYTHON_VERSION': '3', 'GNOME_SHELL_SESSION_MODE': 'ubuntu', 'GTK_MODULES': 'gail:atk-bridge', 'SYSTEMD_EXEC_PID': '78129', 'DBUS_SESSION_BUS_ADDRESS': 'unix:path=/run/user/1000/bus', 'COLORTERM': 'truecolor', 'IM_CONFIG_PHASE': '1', 'WAYLAND_DISPLAY': 'wayland-0', 'COLCON_PREFIX_PATH': '/home/jackfeels/turtlebot3_ws/install', 'ROS_DISTRO': 'humble', 'LOGNAME': 'jackfeels', '_': '/usr/bin/colcon', 'ROS_VERSION': '2', 'XDG_SESSION_CLASS': 'user', 'USERNAME': 'jackfeels', 'TERM': 'xterm-256color', 'GNOME_DESKTOP_SESSION_ID': 'this-is-deprecated', 'ROS_LOCALHOST_ONLY': '0', 'PATH': '/home/jackfeels/.local/bin:/home/jackfeels/.local/bin:/opt/ros/humble/bin:/home/jackfeels/.local/bin:/usr/local/sbin:/usr/local/bin:/usr/sbin:/usr/bin:/sbin:/bin:/usr/games:/usr/local/games:/snap/bin:/snap/bin', 'SESSION_MANAGER': 'local/jackfeels:@/tmp/.ICE-unix/44928,unix/jackfeels:/tmp/.ICE-unix/44928', 'XDG_MENU_PREFIX': 'gnome-', 'GNOME_TERMINAL_SCREEN': '/org/gnome/Terminal/screen/5cbd554a_f129_4ad6_b38c_edbc413a8072', 'GNOME_SETUP_DISPLAY': ':1', 'XDG_RUNTIME_DIR': '/run/user/1000', 'DISPLAY': ':0', 'LANG': 'en_US.UTF-8', 'XDG_CURRENT_DESKTOP': 'ubuntu:GNOME', 'XMODIFIERS': '@im=ibus', 'XDG_SESSION_DESKTOP': 'ubuntu', 'XAUTHORITY': '/run/user/1000/.mutter-Xwaylandauth.263DN3', 'LS_COLORS': 'rs=0:di=01;34:ln=01;36:mh=00:pi=40;33:so=01;35:do=01;35:bd=40;33;01:cd=40;33;01:or=40;31;01:mi=00:su=37;41:sg=30;43:ca=30;41:tw=30;42:ow=34;42:st=37;44:ex=01;32:*.tar=01;31:*.tgz=01;31:*.arc=01;31:*.arj=01;31:*.taz=01;31:*.lha=01;31:*.lz4=01;31:*.lzh=01;31:*.lzma=01;31:*.tlz=01;31:*.txz=01;31:*.tzo=01;31:*.t7z=01;31:*.zip=01;31:*.z=01;31:*.dz=01;31:*.gz=01;31:*.lrz=01;31:*.lz=01;31:*.lzo=01;31:*.xz=01;31:*.zst=01;31:*.tzst=01;31:*.bz2=01;31:*.bz=01;31:*.tbz=01;31:*.tbz2=01;31:*.tz=01;31:*.deb=01;31:*.rpm=01;31:*.jar=01;31:*.war=01;31:*.ear=01;31:*.sar=01;31:*.rar=01;31:*.alz=01;31:*.ace=01;31:*.zoo=01;31:*.cpio=01;31:*.7z=01;31:*.rz=01;31:*.cab=01;31:*.wim=01;31:*.swm=01;31:*.dwm=01;31:*.esd=01;31:*.jpg=01;35:*.jpeg=01;35:*.mjpg=01;35:*.mjpeg=01;35:*.gif=01;35:*.bmp=01;35:*.pbm=01;35:*.pgm=01;35:*.ppm=01;35:*.tga=01;35:*.xbm=01;35:*.xpm=01;35:*.tif=01;35:*.tiff=01;35:*.png=01;35:*.svg=01;35:*.svgz=01;35:*.mng=01;35:*.pcx=01;35:*.mov=01;35:*.mpg=01;35:*.mpeg=01;35:*.m2v=01;35:*.mkv=01;35:*.webm=01;35:*.webp=01;35:*.ogm=01;35:*.mp4=01;35:*.m4v=01;35:*.mp4v=01;35:*.vob=01;35:*.qt=01;35:*.nuv=01;35:*.wmv=01;35:*.asf=01;35:*.rm=01;35:*.rmvb=01;35:*.flc=01;35:*.avi=01;35:*.fli=01;35:*.flv=01;35:*.gl=01;35:*.dl=01;35:*.xcf=01;35:*.xwd=01;35:*.yuv=01;35:*.cgm=01;35:*.emf=01;35:*.ogv=01;35:*.ogx=01;35:*.aac=00;36:*.au=00;36:*.flac=00;36:*.m4a=00;36:*.mid=00;36:*.midi=00;36:*.mka=00;36:*.mp3=00;36:*.mpc=00;36:*.ogg=00;36:*.ra=00;36:*.wav=00;36:*.oga=00;36:*.opus=00;36:*.spx=00;36:*.xspf=00;36:', 'GNOME_TERMINAL_SERVICE': ':1.167', 'SSH_AGENT_LAUNCHER': 'gnome-keyring', 'SSH_AUTH_SOCK': '/run/user/1000/keyring/ssh', 'ROS_DOMAIN_ID': '30', 'AMENT_PREFIX_PATH': '/home/jackfeels/turtlebot3_ws/install/turtlebot3:/home/jackfeels/turtlebot3_ws/install/turtlebot3_teleop:/home/jackfeels/turtlebot3_ws/install/turtlebot3_bringup:/home/jackfeels/turtlebot3_ws/install/turtlebot3_node:/home/jackfeels/turtlebot3_ws/install/turtlebot3_navigation2:/home/jackfeels/turtlebot3_ws/install/turtlebot3_example:/home/jackfeels/turtlebot3_ws/install/turtlebot3_msgs:/home/jackfeels/turtlebot3_ws/install/turtlebot3_description:/home/jackfeels/turtlebot3_ws/install/turtlebot3_cartographer:/home/jackfeels/turtlebot3_ws/install/dynamixel_sdk_examples:/home/jackfeels/turtlebot3_ws/install/dynamixel_sdk_custom_interfaces:/home/jackfeels/turtlebot3_ws/install/dynamixel_sdk:/opt/ros/humble', 'SHELL': '/bin/bash', 'QT_ACCESSIBILITY': '1', 'GDMSESSION': 'ubuntu', 'LESSCLOSE': '/usr/bin/lesspipe %s %s', 'QT_IM_MODULE': 'ibus', 'PWD': '/home/jackfeels/Documents/PROYECTO_TURTLEBOT/build/tb3_bringup_custom', 'TURTLEBOT3_MODEL': 'burger', 'XDG_CONFIG_DIRS': '/etc/xdg/xdg-ubuntu:/etc/xdg', 'XDG_DATA_DIRS': '/usr/share/ubuntu:/usr/local/share/:/usr/share/:/var/lib/snapd/desktop', 'PYTHONPATH': '/home/jackfeels/Documents/PROYECTO_TURTLEBOT/build/tb3_bringup_custom/prefix_override:/usr/lib/python3/dist-packages/colcon_core/task/python/colcon_distutils_commands:/home/jackfeels/Documents/PROYECTO_TURTLEBOT/install/tb3_bringup_custom/lib/python3.10/site-packages:/home/jackfeels/turtlebot3_ws/install/turtlebot3_teleop/lib/python3.10/site-packages:/home/jackfeels/turtlebot3_ws/install/turtlebot3_example/lib/python3.10/site-packages:/home/jackfeels/turtlebot3_ws/install/turtlebot3_msgs/local/lib/python3.10/dist-packages:/home/jackfeels/turtlebot3_ws/install/dynamixel_sdk_custom_interfaces/local/lib/python3.10/dist-packages:/home/jackfeels/turtlebot3_ws/install/dynamixel_sdk/local/lib/python3.10/dist-packages:/opt/ros/humble/lib/python3.10/site-packages:/opt/ros/humble/local/lib/python3.10/dist-packages', 'COLCON': '1', 'VTE_VERSION': '6800', 'CMAKE_PREFIX_PATH': '/home/jackfeels/turtlebot3_ws/install/turtlebot3:/home/jackfeels/turtlebot3_ws/install/turtlebot3_bringup:/home/jackfeels/turtlebot3_ws/install/turtlebot3_node:/home/jackfeels/turtlebot3_ws/install/turtlebot3_navigation2:/home/jackfeels/turtlebot3_ws/install/turtlebot3_msgs:/home/jackfeels/turtlebot3_ws/install/turtlebot3_description:/home/jackfeels/turtlebot3_ws/install/turtlebot3_cartographer:/home/jackfeels/turtlebot3_ws/install/dynamixel_sdk_examples:/home/jackfeels/turtlebot3_ws/install/dynamixel_sdk_custom_interfaces:/home/jackfeels/turtlebot3_ws/install/dynamixel_sdk'}, 'shell': False}
[0.616146] (-) TimerEvent: {}
[0.676846] (gesture_detector) StdoutLine: {'line': b'running egg_info\n'}
[0.678208] (tb3_bringup_custom) StdoutLine: {'line': b'running egg_info\n'}
[0.678295] (tb3_bringup_custom) StdoutLine: {'line': b'writing ../../build/tb3_bringup_custom/tb3_bringup_custom.egg-info/PKG-INFO\n'}
[0.678333] (tb3_bringup_custom) StdoutLine: {'line': b'writing dependency_links to ../../build/tb3_bringup_custom/tb3_bringup_custom.egg-info/dependency_links.txt\n'}
[0.678365] (tb3_bringup_custom) StdoutLine: {'line': b'writing requirements to ../../build/tb3_bringup_custom/tb3_bringup_custom.egg-info/requires.txt\n'}
[0.678399] (tb3_bringup_custom) StdoutLine: {'line': b'writing top-level names to ../../build/tb3_bringup_custom/tb3_bringup_custom.egg-info/top_level.txt\n'}
[0.678430] (tb3_bringup_custom) StdoutLine: {'line': b"reading manifest file '../../build/tb3_bringup_custom/tb3_bringup_custom.egg-info/SOURCES.txt'\n"}
[0.708971] (gesture_detector) StdoutLine: {'line': b'writing ../../build/gesture_detector/gesture_detector.egg-info/PKG-INFO\n'}
[0.709092] (gesture_detector) StdoutLine: {'line': b'writing dependency_links to ../../build/gesture_detector/gesture_detector.egg-info/dependency_links.txt\n'}
[0.709130] (gesture_detector) StdoutLine: {'line': b'writing entry points to ../../build/gesture_detector/gesture_detector.egg-info/entry_points.txt\n'}
[0.709163] (gesture_detector) StdoutLine: {'line': b'writing requirements to ../../build/gesture_detector/gesture_detector.egg-info/requires.txt\n'}
[0.709244] (gesture_detector) StdoutLine: {'line': b'writing top-level names to ../../build/gesture_detector/gesture_detector.egg-info/top_level.txt\n'}
[0.709316] (gesture_detector) StdoutLine: {'line': b"reading manifest file '../../build/gesture_detector/gesture_detector.egg-info/SOURCES.txt'\n"}
[0.709352] (gesture_detector) StdoutLine: {'line': b"writing manifest file '../../build/gesture_detector/gesture_detector.egg-info/SOURCES.txt'\n"}
[0.709383] (gesture_detector) StdoutLine: {'line': b'running build\n'}
[0.709414] (gesture_detector) StdoutLine: {'line': b'running build_py\n'}
[0.709445] (gesture_detector) StdoutLine: {'line': b'copying gesture_detector/gesture_detector_node.py -> /home/jackfeels/Documents/PROYECTO_TURTLEBOT/build/gesture_detector/build/lib/gesture_detector\n'}
[0.709476] (gesture_detector) StdoutLine: {'line': b'copying gesture_detector/__init__.py -> /home/jackfeels/Documents/PROYECTO_TURTLEBOT/build/gesture_detector/build/lib/gesture_detector\n'}
[0.709507] (gesture_detector) StdoutLine: {'line': b'running install\n'}
[0.709536] (gesture_detector) StdoutLine: {'line': b'running install_lib\n'}
[0.711440] (tb3_bringup_custom) StdoutLine: {'line': b"writing manifest file '../../build/tb3_bringup_custom/tb3_bringup_custom.egg-info/SOURCES.txt'\n"}
[0.711502] (tb3_bringup_custom) StdoutLine: {'line': b'running build\n'}
[0.711533] (tb3_bringup_custom) StdoutLine: {'line': b'running build_py\n'}
[0.711563] (tb3_bringup_custom) StdoutLine: {'line': b'copying tb3_bringup_custom/__init__.py -> /home/jackfeels/Documents/PROYECTO_TURTLEBOT/build/tb3_bringup_custom/build/lib/tb3_bringup_custom\n'}
[0.711594] (tb3_bringup_custom) StdoutLine: {'line': b'running install\n'}
[0.711623] (tb3_bringup_custom) StdoutLine: {'line': b'running install_lib\n'}
[0.711652] (tb3_bringup_custom) StdoutLine: {'line': b'running install_data\n'}
[0.711681] (tb3_bringup_custom) StdoutLine: {'line': b'copying resource/tb3_bringup_custom -> /home/jackfeels/Documents/PROYECTO_TURTLEBOT/install/tb3_bringup_custom/share/ament_index/resource_index/packages\n'}
[0.711711] (tb3_bringup_custom) StdoutLine: {'line': b'copying package.xml -> /home/jackfeels/Documents/PROYECTO_TURTLEBOT/install/tb3_bringup_custom/share/tb3_bringup_custom\n'}
[0.711741] (tb3_bringup_custom) StdoutLine: {'line': b'copying launch/follow_demo.launch.py -> /home/jackfeels/Documents/PROYECTO_TURTLEBOT/install/tb3_bringup_custom/share/tb3_bringup_custom/launch\n'}
[0.711771] (tb3_bringup_custom) StdoutLine: {'line': b'running install_egg_info\n'}
[0.711800] (tb3_bringup_custom) StdoutLine: {'line': b"removing '/home/jackfeels/Documents/PROYECTO_TURTLEBOT/install/tb3_bringup_custom/lib/python3.10/site-packages/tb3_bringup_custom-0.0.1-py3.10.egg-info' (and everything under it)\n"}
[0.711831] (tb3_bringup_custom) StdoutLine: {'line': b'Copying ../../build/tb3_bringup_custom/tb3_bringup_custom.egg-info to /home/jackfeels/Documents/PROYECTO_TURTLEBOT/install/tb3_bringup_custom/lib/python3.10/site-packages/tb3_bringup_custom-0.0.1-py3.10.egg-info\n'}
[0.711863] (tb3_bringup_custom) StdoutLine: {'line': b'running install_scripts\n'}
[0.714621] (follow_controller) Command: {'cmd': ['/usr/bin/python3', '-W', 'ignore:setup.py install is deprecated', '-W', 'ignore:easy_install command is deprecated', 'setup.py', 'egg_info', '--egg-base', '../../build/follow_controller', 'build', '--build-base', '/home/jackfeels/Documents/PROYECTO_TURTLEBOT/build/follow_controller/build', 'install', '--record', '/home/jackfeels/Documents/PROYECTO_TURTLEBOT/build/follow_controller/install.log', '--single-version-externally-managed', 'install_data'], 'cwd': '/home/jackfeels/Documents/PROYECTO_TURTLEBOT/src/follow_controller', 'env': {'LESSOPEN': '| /usr/bin/lesspipe %s', 'USER': 'jackfeels', 'XDG_SESSION_TYPE': 'wayland', 'ROS_PACKAGE_PATH': '/home/jackfeels/Documents/PROYECTO_TURTLEBOT/install/tb3_interfaces/share', 'SHLVL': '1', 'LD_LIBRARY_PATH': '/home/jackfeels/Documents/PROYECTO_TURTLEBOT/install/tb3_interfaces/lib:/home/jackfeels/turtlebot3_ws/install/turtlebot3_msgs/lib:/home/jackfeels/turtlebot3_ws/install/dynamixel_sdk_custom_interfaces/lib:/home/jackfeels/turtlebot3_ws/install/dynamixel_sdk/lib:/opt/ros/humble/opt/rviz_ogre_vendor/lib:/opt/ros/humble/lib/aarch64-linux-gnu:/opt/ros/humble/lib', 'HOME': '/home/jackfeels', 'OLDPWD': '/home/jackfeels', 'DESKTOP_SESSION': 'ubuntu', 'ROS_PYTHON_VERSION': '3', 'GNOME_SHELL_SESSION_MODE': 'ubuntu', 'GTK_MODULES': 'gail:atk-bridge', 'SYSTEMD_EXEC_PID': '78129', 'DBUS_SESSION_BUS_ADDRESS': 'unix:path=/run/user/1000/bus', 'COLORTERM': 'truecolor', 'IM_CONFIG_PHASE': '1', 'WAYLAND_DISPLAY': 'wayland-0', 'COLCON_PREFIX_PATH': '/home/jackfeels/turtlebot3_ws/install', 'ROS_DISTRO': 'humble', 'LOGNAME': 'jackfeels', '_': '/usr/bin/colcon', 'ROS_VERSION': '2', 'XDG_SESSION_CLASS': 'user', 'PKG_CONFIG_PATH': '/home/jackfeels/Documents/PROYECTO_TURTLEBOT/install/tb3_interfaces/lib/aarch64-linux-gnu/pkgconfig:/home/jackfeels/Documents/PROYECTO_TURTLEBOT/install/tb3_interfaces/lib/pkgconfig', 'USERNAME': 'jackfeels', 'TERM': 'xterm-256color', 'GNOME_DESKTOP_SESSION_ID': 'this-is-deprecated', 'ROS_LOCALHOST_ONLY': '0', 'PATH': '/home/jackfeels/.local/bin:/home/jackfeels/.local/bin:/opt/ros/humble/bin:/home/jackfeels/.local/bin:/usr/local/sbin:/usr/local/bin:/usr/sbin:/usr/bin:/sbin:/bin:/usr/games:/usr/local/games:/snap/bin:/snap/bin', 'SESSION_MANAGER': 'local/jackfeels:@/tmp/.ICE-unix/44928,unix/jackfeels:/tmp/.ICE-unix/44928', 'XDG_MENU_PREFIX': 'gnome-', 'GNOME_TERMINAL_SCREEN': '/org/gnome/Terminal/screen/5cbd554a_f129_4ad6_b38c_edbc413a8072', 'GNOME_SETUP_DISPLAY': ':1', 'XDG_RUNTIME_DIR': '/run/user/1000', 'DISPLAY': ':0', 'LANG': 'en_US.UTF-8', 'XDG_CURRENT_DESKTOP': 'ubuntu:GNOME', 'XMODIFIERS': '@im=ibus', 'XDG_SESSION_DESKTOP': 'ubuntu', 'XAUTHORITY': '/run/user/1000/.mutter-Xwaylandauth.263DN3', 'LS_COLORS': 'rs=0:di=01;34:ln=01;36:mh=00:pi=40;33:so=01;35:do=01;35:bd=40;33;01:cd=40;33;01:or=40;31;01:mi=00:su=37;41:sg=30;43:ca=30;41:tw=30;42:ow=34;42:st=37;44:ex=01;32:*.tar=01;31:*.tgz=01;31:*.arc=01;31:*.arj=01;31:*.taz=01;31:*.lha=01;31:*.lz4=01;31:*.lzh=01;31:*.lzma=01;31:*.tlz=01;31:*.txz=01;31:*.tzo=01;31:*.t7z=01;31:*.zip=01;31:*.z=01;31:*.dz=01;31:*.gz=01;31:*.lrz=01;31:*.lz=01;31:*.lzo=01;31:*.xz=01;31:*.zst=01;31:*.tzst=01;31:*.bz2=01;31:*.bz=01;31:*.tbz=01;31:*.tbz2=01;31:*.tz=01;31:*.deb=01;31:*.rpm=01;31:*.jar=01;31:*.war=01;31:*.ear=01;31:*.sar=01;31:*.rar=01;31:*.alz=01;31:*.ace=01;31:*.zoo=01;31:*.cpio=01;31:*.7z=01;31:*.rz=01;31:*.cab=01;31:*.wim=01;31:*.swm=01;31:*.dwm=01;31:*.esd=01;31:*.jpg=01;35:*.jpeg=01;35:*.mjpg=01;35:*.mjpeg=01;35:*.gif=01;35:*.bmp=01;35:*.pbm=01;35:*.pgm=01;35:*.ppm=01;35:*.tga=01;35:*.xbm=01;35:*.xpm=01;35:*.tif=01;35:*.tiff=01;35:*.png=01;35:*.svg=01;35:*.svgz=01;35:*.mng=01;35:*.pcx=01;35:*.mov=01;35:*.mpg=01;35:*.mpeg=01;35:*.m2v=01;35:*.mkv=01;35:*.webm=01;35:*.webp=01;35:*.ogm=01;35:*.mp4=01;35:*.m4v=01;35:*.mp4v=01;35:*.vob=01;35:*.qt=01;35:*.nuv=01;35:*.wmv=01;35:*.asf=01;35:*.rm=01;35:*.rmvb=01;35:*.flc=01;35:*.avi=01;35:*.fli=01;35:*.flv=01;35:*.gl=01;35:*.dl=01;35:*.xcf=01;35:*.xwd=01;35:*.yuv=01;35:*.cgm=01;35:*.emf=01;35:*.ogv=01;35:*.ogx=01;35:*.aac=00;36:*.au=00;36:*.flac=00;36:*.m4a=00;36:*.mid=00;36:*.midi=00;36:*.mka=00;36:*.mp3=00;36:*.mpc=00;36:*.ogg=00;36:*.ra=00;36:*.wav=00;36:*.oga=00;36:*.opus=00;36:*.spx=00;36:*.xspf=00;36:', 'GNOME_TERMINAL_SERVICE': ':1.167', 'SSH_AGENT_LAUNCHER': 'gnome-keyring', 'SSH_AUTH_SOCK': '/run/user/1000/keyring/ssh', 'ROS_DOMAIN_ID': '30', 'AMENT_PREFIX_PATH': '/home/jackfeels/turtlebot3_ws/install/turtlebot3:/home/jackfeels/turtlebot3_ws/install/turtlebot3_teleop:/home/jackfeels/turtlebot3_ws/install/turtlebot3_bringup:/home/jackfeels/turtlebot3_ws/install/turtlebot3_node:/home/jackfeels/turtlebot3_ws/install/turtlebot3_navigation2:/home/jackfeels/turtlebot3_ws/install/turtlebot3_example:/home/jackfeels/turtlebot3_ws/install/turtlebot3_msgs:/home/jackfeels/turtlebot3_ws/install/turtlebot3_description:/home/jackfeels/turtlebot3_ws/install/turtlebot3_cartographer:/home/jackfeels/turtlebot3_ws/install/dynamixel_sdk_examples:/home/jackfeels/turtlebot3_ws/install/dynamixel_sdk_custom_interfaces:/home/jackfeels/turtlebot3_ws/install/dynamixel_sdk:/opt/ros/humble', 'SHELL': '/bin/bash', 'QT_ACCESSIBILITY': '1', 'GDMSESSION': 'ubuntu', 'LESSCLOSE': '/usr/bin/lesspipe %s %s', 'QT_IM_MODULE': 'ibus', 'PWD': '/home/jackfeels/Documents/PROYECTO_TURTLEBOT/build/follow_controller', 'TURTLEBOT3_MODEL': 'burger', 'XDG_CONFIG_DIRS': '/etc/xdg/xdg-ubuntu:/etc/xdg', 'XDG_DATA_DIRS': '/usr/share/ubuntu:/usr/local/share/:/usr/share/:/var/lib/snapd/desktop', 'PYTHONPATH': '/home/jackfeels/Documents/PROYECTO_TURTLEBOT/build/follow_controller/prefix_override:/usr/lib/python3/dist-packages/colcon_core/task/python/colcon_distutils_commands:/home/jackfeels/Documents/PROYECTO_TURTLEBOT/install/follow_controller/lib/python3.10/site-packages:/home/jackfeels/Documents/PROYECTO_TURTLEBOT/install/tb3_interfaces/local/lib/python3.10/dist-packages:/home/jackfeels/turtlebot3_ws/install/turtlebot3_teleop/lib/python3.10/site-packages:/home/jackfeels/turtlebot3_ws/install/turtlebot3_example/lib/python3.10/site-packages:/home/jackfeels/turtlebot3_ws/install/turtlebot3_msgs/local/lib/python3.10/dist-packages:/home/jackfeels/turtlebot3_ws/install/dynamixel_sdk_custom_interfaces/local/lib/python3.10/dist-packages:/home/jackfeels/turtlebot3_ws/install/dynamixel_sdk/local/lib/python3.10/dist-packages:/opt/ros/humble/lib/python3.10/site-packages:/opt/ros/humble/local/lib/python3.10/dist-packages', 'COLCON': '1', 'VTE_VERSION': '6800', 'CMAKE_PREFIX_PATH': '/home/jackfeels/Documents/PROYECTO_TURTLEBOT/install/tb3_interfaces:/home/jackfeels/turtlebot3_ws/install/turtlebot3:/home/jackfeels/turtlebot3_ws/install/turtlebot3_bringup:/home/jackfeels/turtlebot3_ws/install/turtlebot3_node:/home/jackfeels/turtlebot3_ws/install/turtlebot3_navigation2:/home/jackfeels/turtlebot3_ws/install/turtlebot3_msgs:/home/jackfeels/turtlebot3_ws/install/turtlebot3_description:/home/jackfeels/turtlebot3_ws/install/turtlebot3_cartographer:/home/jackfeels/turtlebot3_ws/install/dynamixel_sdk_examples:/home/jackfeels/turtlebot3_ws/install/dynamixel_sdk_custom_interfaces:/home/jackfeels/turtlebot3_ws/install/dynamixel_sdk'}, 'shell': False}
[0.716227] (-) TimerEvent: {}
[0.755916] (gesture_detector) StdoutLine: {'line': b'copying /home/jackfeels/Documents/PROYECTO_TURTLEBOT/build/gesture_detector/build/lib/gesture_detector/gesture_detector_node.py -> /home/jackfeels/Documents/PROYECTO_TURTLEBOT/install/gesture_detector/lib/python3.10/site-packages/gesture_detector\n'}
[0.756036] (gesture_detector) StdoutLine: {'line': b'byte-compiling /home/jackfeels/Documents/PROYECTO_TURTLEBOT/install/gesture_detector/lib/python3.10/site-packages/gesture_detector/gesture_detector_node.py to gesture_detector_node.cpython-310.pyc\n'}
[0.756088] (gesture_detector) StdoutLine: {'line': b'running install_data\n'}
[0.756120] (gesture_detector) StdoutLine: {'line': b'copying resource/gesture_detector -> /home/jackfeels/Documents/PROYECTO_TURTLEBOT/install/gesture_detector/share/ament_index/resource_index/packages\n'}
[0.756151] (gesture_detector) StdoutLine: {'line': b'copying package.xml -> /home/jackfeels/Documents/PROYECTO_TURTLEBOT/install/gesture_detector/share/gesture_detector\n'}
[0.756191] (gesture_detector) StdoutLine: {'line': b'running install_egg_info\n'}
[0.756223] (gesture_detector) StdoutLine: {'line': b"removing '/home/jackfeels/Documents/PROYECTO_TURTLEBOT/install/gesture_detector/lib/python3.10/site-packages/gesture_detector-0.0.1-py3.10.egg-info' (and everything under it)\n"}
[0.756253] (gesture_detector) StdoutLine: {'line': b'Copying ../../build/gesture_detector/gesture_detector.egg-info to /home/jackfeels/Documents/PROYECTO_TURTLEBOT/install/gesture_detector/lib/python3.10/site-packages/gesture_detector-0.0.1-py3.10.egg-info\n'}
[0.756285] (gesture_detector) StdoutLine: {'line': b'running install_scripts\n'}
[0.756314] (gesture_detector) StdoutLine: {'line': b'Installing gesture_detector_node script to /home/jackfeels/Documents/PROYECTO_TURTLEBOT/install/gesture_detector/lib/gesture_detector\n'}
[0.756345] (gesture_detector) StdoutLine: {'line': b"writing list of installed files to '/home/jackfeels/Documents/PROYECTO_TURTLEBOT/build/gesture_detector/install.log'\n"}
[0.756529] (tb3_bringup_custom) StdoutLine: {'line': b"writing list of installed files to '/home/jackfeels/Documents/PROYECTO_TURTLEBOT/build/tb3_bringup_custom/install.log'\n"}
[0.762331] (gesture_detector) CommandEnded: {'returncode': 0}
[0.897293] (-) TimerEvent: {}
[0.897570] (follow_controller) StdoutLine: {'line': b'running egg_info\n'}
[0.897688] (follow_controller) StdoutLine: {'line': b'writing ../../build/follow_controller/follow_controller.egg-info/PKG-INFO\n'}
[0.897731] (follow_controller) StdoutLine: {'line': b'writing dependency_links to ../../build/follow_controller/follow_controller.egg-info/dependency_links.txt\n'}
[0.897770] (follow_controller) StdoutLine: {'line': b'writing entry points to ../../build/follow_controller/follow_controller.egg-info/entry_points.txt\n'}
[0.897817] (follow_controller) StdoutLine: {'line': b'writing requirements to ../../build/follow_controller/follow_controller.egg-info/requires.txt\n'}
[0.897858] (follow_controller) StdoutLine: {'line': b'writing top-level names to ../../build/follow_controller/follow_controller.egg-info/top_level.txt\n'}
[0.897894] (follow_controller) StdoutLine: {'line': b"reading manifest file '../../build/follow_controller/follow_controller.egg-info/SOURCES.txt'\n"}
[0.897931] (follow_controller) StdoutLine: {'line': b"writing manifest file '../../build/follow_controller/follow_controller.egg-info/SOURCES.txt'\n"}
[0.897974] (follow_controller) StdoutLine: {'line': b'running build\n'}
[0.898009] (follow_controller) StdoutLine: {'line': b'running build_py\n'}
[0.898051] (follow_controller) StdoutLine: {'line': b'copying follow_controller/follow_controller_node.py -> /home/jackfeels/Documents/PROYECTO_TURTLEBOT/build/follow_controller/build/lib/follow_controller\n'}
[0.898091] (follow_controller) StdoutLine: {'line': b'copying follow_controller/__init__.py -> /home/jackfeels/Documents/PROYECTO_TURTLEBOT/build/follow_controller/build/lib/follow_controller\n'}
[0.898128] (follow_controller) StdoutLine: {'line': b'running install\n'}
[0.898173] (follow_controller) StdoutLine: {'line': b'running install_lib\n'}
[0.898212] (follow_controller) StdoutLine: {'line': b'running install_data\n'}
[0.898247] (follow_controller) StdoutLine: {'line': b'copying resource/follow_controller -> /home/jackfeels/Documents/PROYECTO_TURTLEBOT/install/follow_controller/share/ament_index/resource_index/packages\n'}
[0.898287] (follow_controller) StdoutLine: {'line': b'copying package.xml -> /home/jackfeels/Documents/PROYECTO_TURTLEBOT/install/follow_controller/share/follow_controller\n'}
[0.898322] (follow_controller) StdoutLine: {'line': b'running install_egg_info\n'}
[0.898361] (follow_controller) StdoutLine: {'line': b"removing '/home/jackfeels/Documents/PROYECTO_TURTLEBOT/install/follow_controller/lib/python3.10/site-packages/follow_controller-0.0.1-py3.10.egg-info' (and everything under it)\n"}
[0.898402] (follow_controller) StdoutLine: {'line': b'Copying ../../build/follow_controller/follow_controller.egg-info to /home/jackfeels/Documents/PROYECTO_TURTLEBOT/install/follow_controller/lib/python3.10/site-packages/follow_controller-0.0.1-py3.10.egg-info\n'}
[0.898442] (follow_controller) StdoutLine: {'line': b'running install_scripts\n'}
[0.915761] (follow_controller) StdoutLine: {'line': b'Installing follow_controller_node script to /home/jackfeels/Documents/PROYECTO_TURTLEBOT/install/follow_controller/lib/follow_controller\n'}
[0.915897] (follow_controller) StdoutLine: {'line': b"writing list of installed files to '/home/jackfeels/Documents/PROYECTO_TURTLEBOT/build/follow_controller/install.log'\n"}
[0.916982] (gesture_detector) JobEnded: {'identifier': 'gesture_detector', 'rc': 0}
[0.917256] (tb3_bringup_custom) CommandEnded: {'returncode': 0}
[0.932698] (tb3_bringup_custom) JobEnded: {'identifier': 'tb3_bringup_custom', 'rc': 0}
[0.932934] (person_tracker) JobStarted: {'identifier': 'person_tracker'}
[0.945328] (target_selector) JobStarted: {'identifier': 'target_selector'}
[0.966991] (debug_visualizer) Command: {'cmd': ['/usr/bin/python3', '-W', 'ignore:setup.py install is deprecated', '-W', 'ignore:easy_install command is deprecated', 'setup.py', 'egg_info', '--egg-base', '../../build/debug_visualizer', 'build', '--build-base', '/home/jackfeels/Documents/PROYECTO_TURTLEBOT/build/debug_visualizer/build', 'install', '--record', '/home/jackfeels/Documents/PROYECTO_TURTLEBOT/build/debug_visualizer/install.log', '--single-version-externally-managed', 'install_data'], 'cwd': '/home/jackfeels/Documents/PROYECTO_TURTLEBOT/src/debug_visualizer', 'env': {'LESSOPEN': '| /usr/bin/lesspipe %s', 'USER': 'jackfeels', 'XDG_SESSION_TYPE': 'wayland', 'ROS_PACKAGE_PATH': '/home/jackfeels/Documents/PROYECTO_TURTLEBOT/install/tb3_interfaces/share', 'SHLVL': '1', 'LD_LIBRARY_PATH': '/home/jackfeels/Documents/PROYECTO_TURTLEBOT/install/tb3_interfaces/lib:/home/jackfeels/turtlebot3_ws/install/turtlebot3_msgs/lib:/home/jackfeels/turtlebot3_ws/install/dynamixel_sdk_custom_interfaces/lib:/home/jackfeels/turtlebot3_ws/install/dynamixel_sdk/lib:/opt/ros/humble/opt/rviz_ogre_vendor/lib:/opt/ros/humble/lib/aarch64-linux-gnu:/opt/ros/humble/lib', 'HOME': '/home/jackfeels', 'OLDPWD': '/home/jackfeels', 'DESKTOP_SESSION': 'ubuntu', 'ROS_PYTHON_VERSION': '3', 'GNOME_SHELL_SESSION_MODE': 'ubuntu', 'GTK_MODULES': 'gail:atk-bridge', 'SYSTEMD_EXEC_PID': '78129', 'DBUS_SESSION_BUS_ADDRESS': 'unix:path=/run/user/1000/bus', 'COLORTERM': 'truecolor', 'IM_CONFIG_PHASE': '1', 'WAYLAND_DISPLAY': 'wayland-0', 'COLCON_PREFIX_PATH': '/home/jackfeels/turtlebot3_ws/install', 'ROS_DISTRO': 'humble', 'LOGNAME': 'jackfeels', '_': '/usr/bin/colcon', 'ROS_VERSION': '2', 'XDG_SESSION_CLASS': 'user', 'PKG_CONFIG_PATH': '/home/jackfeels/Documents/PROYECTO_TURTLEBOT/install/tb3_interfaces/lib/aarch64-linux-gnu/pkgconfig:/home/jackfeels/Documents/PROYECTO_TURTLEBOT/install/tb3_interfaces/lib/pkgconfig', 'USERNAME': 'jackfeels', 'TERM': 'xterm-256color', 'GNOME_DESKTOP_SESSION_ID': 'this-is-deprecated', 'ROS_LOCALHOST_ONLY': '0', 'PATH': '/home/jackfeels/.local/bin:/home/jackfeels/.local/bin:/opt/ros/humble/bin:/home/jackfeels/.local/bin:/usr/local/sbin:/usr/local/bin:/usr/sbin:/usr/bin:/sbin:/bin:/usr/games:/usr/local/games:/snap/bin:/snap/bin', 'SESSION_MANAGER': 'local/jackfeels:@/tmp/.ICE-unix/44928,unix/jackfeels:/tmp/.ICE-unix/44928', 'XDG_MENU_PREFIX': 'gnome-', 'GNOME_TERMINAL_SCREEN': '/org/gnome/Terminal/screen/5cbd554a_f129_4ad6_b38c_edbc413a8072', 'GNOME_SETUP_DISPLAY': ':1', 'XDG_RUNTIME_DIR': '/run/user/1000', 'DISPLAY': ':0', 'LANG': 'en_US.UTF-8', 'XDG_CURRENT_DESKTOP': 'ubuntu:GNOME', 'XMODIFIERS': '@im=ibus', 'XDG_SESSION_DESKTOP': 'ubuntu', 'XAUTHORITY': '/run/user/1000/.mutter-Xwaylandauth.263DN3', 'LS_COLORS': 'rs=0:di=01;34:ln=01;36:mh=00:pi=40;33:so=01;35:do=01;35:bd=40;33;01:cd=40;33;01:or=40;31;01:mi=00:su=37;41:sg=30;43:ca=30;41:tw=30;42:ow=34;42:st=37;44:ex=01;32:*.tar=01;31:*.tgz=01;31:*.arc=01;31:*.arj=01;31:*.taz=01;31:*.lha=01;31:*.lz4=01;31:*.lzh=01;31:*.lzma=01;31:*.tlz=01;31:*.txz=01;31:*.tzo=01;31:*.t7z=01;31:*.zip=01;31:*.z=01;31:*.dz=01;31:*.gz=01;31:*.lrz=01;31:*.lz=01;31:*.lzo=01;31:*.xz=01;31:*.zst=01;31:*.tzst=01;31:*.bz2=01;31:*.bz=01;31:*.tbz=01;31:*.tbz2=01;31:*.tz=01;31:*.deb=01;31:*.rpm=01;31:*.jar=01;31:*.war=01;31:*.ear=01;31:*.sar=01;31:*.rar=01;31:*.alz=01;31:*.ace=01;31:*.zoo=01;31:*.cpio=01;31:*.7z=01;31:*.rz=01;31:*.cab=01;31:*.wim=01;31:*.swm=01;31:*.dwm=01;31:*.esd=01;31:*.jpg=01;35:*.jpeg=01;35:*.mjpg=01;35:*.mjpeg=01;35:*.gif=01;35:*.bmp=01;35:*.pbm=01;35:*.pgm=01;35:*.ppm=01;35:*.tga=01;35:*.xbm=01;35:*.xpm=01;35:*.tif=01;35:*.tiff=01;35:*.png=01;35:*.svg=01;35:*.svgz=01;35:*.mng=01;35:*.pcx=01;35:*.mov=01;35:*.mpg=01;35:*.mpeg=01;35:*.m2v=01;35:*.mkv=01;35:*.webm=01;35:*.webp=01;35:*.ogm=01;35:*.mp4=01;35:*.m4v=01;35:*.mp4v=01;35:*.vob=01;35:*.qt=01;35:*.nuv=01;35:*.wmv=01;35:*.asf=01;35:*.rm=01;35:*.rmvb=01;35:*.flc=01;35:*.avi=01;35:*.fli=01;35:*.flv=01;35:*.gl=01;35:*.dl=01;35:*.xcf=01;35:*.xwd=01;35:*.yuv=01;35:*.cgm=01;35:*.emf=01;35:*.ogv=01;35:*.ogx=01;35:*.aac=00;36:*.au=00;36:*.flac=00;36:*.m4a=00;36:*.mid=00;36:*.midi=00;36:*.mka=00;36:*.mp3=00;36:*.mpc=00;36:*.ogg=00;36:*.ra=00;36:*.wav=00;36:*.oga=00;36:*.opus=00;36:*.spx=00;36:*.xspf=00;36:', 'GNOME_TERMINAL_SERVICE': ':1.167', 'SSH_AGENT_LAUNCHER': 'gnome-keyring', 'SSH_AUTH_SOCK': '/run/user/1000/keyring/ssh', 'ROS_DOMAIN_ID': '30', 'AMENT_PREFIX_PATH': '/home/jackfeels/turtlebot3_ws/install/turtlebot3:/home/jackfeels/turtlebot3_ws/install/turtlebot3_teleop:/home/jackfeels/turtlebot3_ws/install/turtlebot3_bringup:/home/jackfeels/turtlebot3_ws/install/turtlebot3_node:/home/jackfeels/turtlebot3_ws/install/turtlebot3_navigation2:/home/jackfeels/turtlebot3_ws/install/turtlebot3_example:/home/jackfeels/turtlebot3_ws/install/turtlebot3_msgs:/home/jackfeels/turtlebot3_ws/install/turtlebot3_description:/home/jackfeels/turtlebot3_ws/install/turtlebot3_cartographer:/home/jackfeels/turtlebot3_ws/install/dynamixel_sdk_examples:/home/jackfeels/turtlebot3_ws/install/dynamixel_sdk_custom_interfaces:/home/jackfeels/turtlebot3_ws/install/dynamixel_sdk:/opt/ros/humble', 'SHELL': '/bin/bash', 'QT_ACCESSIBILITY': '1', 'GDMSESSION': 'ubuntu', 'LESSCLOSE': '/usr/bin/lesspipe %s %s', 'QT_IM_MODULE': 'ibus', 'PWD': '/home/jackfeels/Documents/PROYECTO_TURTLEBOT/build/debug_visualizer', 'TURTLEBOT3_MODEL': 'burger', 'XDG_CONFIG_DIRS': '/etc/xdg/xdg-ubuntu:/etc/xdg', 'XDG_DATA_DIRS': '/usr/share/ubuntu:/usr/local/share/:/usr/share/:/var/lib/snapd/desktop', 'PYTHONPATH': '/home/jackfeels/Documents/PROYECTO_TURTLEBOT/build/debug_visualizer/prefix_override:/usr/lib/python3/dist-packages/colcon_core/task/python/colcon_distutils_commands:/home/jackfeels/Documents/PROYECTO_TURTLEBOT/install/debug_visualizer/lib/python3.10/site-packages:/home/jackfeels/Documents/PROYECTO_TURTLEBOT/install/tb3_interfaces/local/lib/python3.10/dist-packages:/home/jackfeels/turtlebot3_ws/install/turtlebot3_teleop/lib/python3.10/site-packages:/home/jackfeels/turtlebot3_ws/install/turtlebot3_example/lib/python3.10/site-packages:/home/jackfeels/turtlebot3_ws/install/turtlebot3_msgs/local/lib/python3.10/dist-packages:/home/jackfeels/turtlebot3_ws/install/dynamixel_sdk_custom_interfaces/local/lib/python3.10/dist-packages:/home/jackfeels/turtlebot3_ws/install/dynamixel_sdk/local/lib/python3.10/dist-packages:/opt/ros/humble/lib/python3.10/site-packages:/opt/ros/humble/local/lib/python3.10/dist-packages', 'COLCON': '1', 'VTE_VERSION': '6800', 'CMAKE_PREFIX_PATH': '/home/jackfeels/Documents/PROYECTO_TURTLEBOT/install/tb3_interfaces:/home/jackfeels/turtlebot3_ws/install/turtlebot3:/home/jackfeels/turtlebot3_ws/install/turtlebot3_bringup:/home/jackfeels/turtlebot3_ws/install/turtlebot3_node:/home/jackfeels/turtlebot3_ws/install/turtlebot3_navigation2:/home/jackfeels/turtlebot3_ws/install/turtlebot3_msgs:/home/jackfeels/turtlebot3_ws/install/turtlebot3_description:/home/jackfeels/turtlebot3_ws/install/turtlebot3_cartographer:/home/jackfeels/turtlebot3_ws/install/dynamixel_sdk_examples:/home/jackfeels/turtlebot3_ws/install/dynamixel_sdk_custom_interfaces:/home/jackfeels/turtlebot3_ws/install/dynamixel_sdk'}, 'shell': False}
[1.001889] (-) TimerEvent: {}
[1.105893] (debug_visualizer) StdoutLine: {'line': b'running egg_info\n'}
[1.106025] (-) TimerEvent: {}
[1.120740] (debug_visualizer) StdoutLine: {'line': b'writing ../../build/debug_visualizer/debug_visualizer.egg-info/PKG-INFO\n'}
[1.120901] (debug_visualizer) StdoutLine: {'line': b'writing dependency_links to ../../build/debug_visualizer/debug_visualizer.egg-info/dependency_links.txt\n'}
[1.120947] (debug_visualizer) StdoutLine: {'line': b'writing entry points to ../../build/debug_visualizer/debug_visualizer.egg-info/entry_points.txt\n'}
[1.185272] (debug_visualizer) StdoutLine: {'line': b'writing requirements to ../../build/debug_visualizer/debug_visualizer.egg-info/requires.txt\n'}
[1.185410] (debug_visualizer) StdoutLine: {'line': b'writing top-level names to ../../build/debug_visualizer/debug_visualizer.egg-info/top_level.txt\n'}
[1.229222] (debug_visualizer) StdoutLine: {'line': b"reading manifest file '../../build/debug_visualizer/debug_visualizer.egg-info/SOURCES.txt'\n"}
[1.229354] (-) TimerEvent: {}
[1.229432] (debug_visualizer) StdoutLine: {'line': b"writing manifest file '../../build/debug_visualizer/debug_visualizer.egg-info/SOURCES.txt'\n"}
[1.229475] (debug_visualizer) StdoutLine: {'line': b'running build\n'}
[1.229511] (debug_visualizer) StdoutLine: {'line': b'running build_py\n'}
[1.229543] (debug_visualizer) StdoutLine: {'line': b'copying debug_visualizer/debug_visualizer_node.py -> /home/jackfeels/Documents/PROYECTO_TURTLEBOT/build/debug_visualizer/build/lib/debug_visualizer\n'}
[1.229574] (debug_visualizer) StdoutLine: {'line': b'copying debug_visualizer/__init__.py -> /home/jackfeels/Documents/PROYECTO_TURTLEBOT/build/debug_visualizer/build/lib/debug_visualizer\n'}
[1.229607] (debug_visualizer) StdoutLine: {'line': b'running install\n'}
[1.229636] (debug_visualizer) StdoutLine: {'line': b'running install_lib\n'}
[1.229665] (debug_visualizer) StdoutLine: {'line': b'running install_data\n'}
[1.229694] (debug_visualizer) StdoutLine: {'line': b'copying resource/debug_visualizer -> /home/jackfeels/Documents/PROYECTO_TURTLEBOT/install/debug_visualizer/share/ament_index/resource_index/packages\n'}
[1.229724] (debug_visualizer) StdoutLine: {'line': b'copying package.xml -> /home/jackfeels/Documents/PROYECTO_TURTLEBOT/install/debug_visualizer/share/debug_visualizer\n'}
[1.229754] (debug_visualizer) StdoutLine: {'line': b'running install_egg_info\n'}
[1.229786] (debug_visualizer) StdoutLine: {'line': b"removing '/home/jackfeels/Documents/PROYECTO_TURTLEBOT/install/debug_visualizer/lib/python3.10/site-packages/debug_visualizer-0.0.1-py3.10.egg-info' (and everything under it)\n"}
[1.229817] (debug_visualizer) StdoutLine: {'line': b'Copying ../../build/debug_visualizer/debug_visualizer.egg-info to /home/jackfeels/Documents/PROYECTO_TURTLEBOT/install/debug_visualizer/lib/python3.10/site-packages/debug_visualizer-0.0.1-py3.10.egg-info\n'}
[1.229849] (debug_visualizer) StdoutLine: {'line': b'running install_scripts\n'}
[1.281475] (debug_visualizer) StdoutLine: {'line': b'Installing debug_visualizer_node script to /home/jackfeels/Documents/PROYECTO_TURTLEBOT/install/debug_visualizer/lib/debug_visualizer\n'}
[1.281645] (debug_visualizer) StdoutLine: {'line': b"writing list of installed files to '/home/jackfeels/Documents/PROYECTO_TURTLEBOT/build/debug_visualizer/install.log'\n"}
[1.343807] (debug_visualizer) CommandEnded: {'returncode': 0}
[1.344106] (-) TimerEvent: {}
[1.344210] (debug_visualizer) JobEnded: {'identifier': 'debug_visualizer', 'rc': 0}
[1.377934] (follow_controller) CommandEnded: {'returncode': 0}
[1.378115] (follow_controller) JobEnded: {'identifier': 'follow_controller', 'rc': 0}
[1.445586] (-) TimerEvent: {}
[1.546052] (-) TimerEvent: {}
[1.589161] (person_tracker) Command: {'cmd': ['/usr/bin/python3', '-W', 'ignore:setup.py install is deprecated', '-W', 'ignore:easy_install command is deprecated', 'setup.py', 'egg_info', '--egg-base', '../../build/person_tracker', 'build', '--build-base', '/home/jackfeels/Documents/PROYECTO_TURTLEBOT/build/person_tracker/build', 'install', '--record', '/home/jackfeels/Documents/PROYECTO_TURTLEBOT/build/person_tracker/install.log', '--single-version-externally-managed', 'install_data'], 'cwd': '/home/jackfeels/Documents/PROYECTO_TURTLEBOT/src/person_tracker', 'env': {'LESSOPEN': '| /usr/bin/lesspipe %s', 'USER': 'jackfeels', 'XDG_SESSION_TYPE': 'wayland', 'ROS_PACKAGE_PATH': '/home/jackfeels/Documents/PROYECTO_TURTLEBOT/install/tb3_interfaces/share', 'SHLVL': '1', 'LD_LIBRARY_PATH': '/home/jackfeels/Documents/PROYECTO_TURTLEBOT/install/tb3_interfaces/lib:/home/jackfeels/turtlebot3_ws/install/turtlebot3_msgs/lib:/home/jackfeels/turtlebot3_ws/install/dynamixel_sdk_custom_interfaces/lib:/home/jackfeels/turtlebot3_ws/install/dynamixel_sdk/lib:/opt/ros/humble/opt/rviz_ogre_vendor/lib:/opt/ros/humble/lib/aarch64-linux-gnu:/opt/ros/humble/lib', 'HOME': '/home/jackfeels', 'OLDPWD': '/home/jackfeels', 'DESKTOP_SESSION': 'ubuntu', 'ROS_PYTHON_VERSION': '3', 'GNOME_SHELL_SESSION_MODE': 'ubuntu', 'GTK_MODULES': 'gail:atk-bridge', 'SYSTEMD_EXEC_PID': '78129', 'DBUS_SESSION_BUS_ADDRESS': 'unix:path=/run/user/1000/bus', 'COLORTERM': 'truecolor', 'IM_CONFIG_PHASE': '1', 'WAYLAND_DISPLAY': 'wayland-0', 'COLCON_PREFIX_PATH': '/home/jackfeels/turtlebot3_ws/install', 'ROS_DISTRO': 'humble', 'LOGNAME': 'jackfeels', '_': '/usr/bin/colcon', 'ROS_VERSION': '2', 'XDG_SESSION_CLASS': 'user', 'PKG_CONFIG_PATH': '/home/jackfeels/Documents/PROYECTO_TURTLEBOT/install/tb3_interfaces/lib/aarch64-linux-gnu/pkgconfig:/home/jackfeels/Documents/PROYECTO_TURTLEBOT/install/tb3_interfaces/lib/pkgconfig', 'USERNAME': 'jackfeels', 'TERM': 'xterm-256color', 'GNOME_DESKTOP_SESSION_ID': 'this-is-deprecated', 'ROS_LOCALHOST_ONLY': '0', 'PATH': '/home/jackfeels/.local/bin:/home/jackfeels/.local/bin:/opt/ros/humble/bin:/home/jackfeels/.local/bin:/usr/local/sbin:/usr/local/bin:/usr/sbin:/usr/bin:/sbin:/bin:/usr/games:/usr/local/games:/snap/bin:/snap/bin', 'SESSION_MANAGER': 'local/jackfeels:@/tmp/.ICE-unix/44928,unix/jackfeels:/tmp/.ICE-unix/44928', 'XDG_MENU_PREFIX': 'gnome-', 'GNOME_TERMINAL_SCREEN': '/org/gnome/Terminal/screen/5cbd554a_f129_4ad6_b38c_edbc413a8072', 'GNOME_SETUP_DISPLAY': ':1', 'XDG_RUNTIME_DIR': '/run/user/1000', 'DISPLAY': ':0', 'LANG': 'en_US.UTF-8', 'XDG_CURRENT_DESKTOP': 'ubuntu:GNOME', 'XMODIFIERS': '@im=ibus', 'XDG_SESSION_DESKTOP': 'ubuntu', 'XAUTHORITY': '/run/user/1000/.mutter-Xwaylandauth.263DN3', 'LS_COLORS': 'rs=0:di=01;34:ln=01;36:mh=00:pi=40;33:so=01;35:do=01;35:bd=40;33;01:cd=40;33;01:or=40;31;01:mi=00:su=37;41:sg=30;43:ca=30;41:tw=30;42:ow=34;42:st=37;44:ex=01;32:*.tar=01;31:*.tgz=01;31:*.arc=01;31:*.arj=01;31:*.taz=01;31:*.lha=01;31:*.lz4=01;31:*.lzh=01;31:*.lzma=01;31:*.tlz=01;31:*.txz=01;31:*.tzo=01;31:*.t7z=01;31:*.zip=01;31:*.z=01;31:*.dz=01;31:*.gz=01;31:*.lrz=01;31:*.lz=01;31:*.lzo=01;31:*.xz=01;31:*.zst=01;31:*.tzst=01;31:*.bz2=01;31:*.bz=01;31:*.tbz=01;31:*.tbz2=01;31:*.tz=01;31:*.deb=01;31:*.rpm=01;31:*.jar=01;31:*.war=01;31:*.ear=01;31:*.sar=01;31:*.rar=01;31:*.alz=01;31:*.ace=01;31:*.zoo=01;31:*.cpio=01;31:*.7z=01;31:*.rz=01;31:*.cab=01;31:*.wim=01;31:*.swm=01;31:*.dwm=01;31:*.esd=01;31:*.jpg=01;35:*.jpeg=01;35:*.mjpg=01;35:*.mjpeg=01;35:*.gif=01;35:*.bmp=01;35:*.pbm=01;35:*.pgm=01;35:*.ppm=01;35:*.tga=01;35:*.xbm=01;35:*.xpm=01;35:*.tif=01;35:*.tiff=01;35:*.png=01;35:*.svg=01;35:*.svgz=01;35:*.mng=01;35:*.pcx=01;35:*.mov=01;35:*.mpg=01;35:*.mpeg=01;35:*.m2v=01;35:*.mkv=01;35:*.webm=01;35:*.webp=01;35:*.ogm=01;35:*.mp4=01;35:*.m4v=01;35:*.mp4v=01;35:*.vob=01;35:*.qt=01;35:*.nuv=01;35:*.wmv=01;35:*.asf=01;35:*.rm=01;35:*.rmvb=01;35:*.flc=01;35:*.avi=01;35:*.fli=01;35:*.flv=01;35:*.gl=01;35:*.dl=01;35:*.xcf=01;35:*.xwd=01;35:*.yuv=01;35:*.cgm=01;35:*.emf=01;35:*.ogv=01;35:*.ogx=01;35:*.aac=00;36:*.au=00;36:*.flac=00;36:*.m4a=00;36:*.mid=00;36:*.midi=00;36:*.mka=00;36:*.mp3=00;36:*.mpc=00;36:*.ogg=00;36:*.ra=00;36:*.wav=00;36:*.oga=00;36:*.opus=00;36:*.spx=00;36:*.xspf=00;36:', 'GNOME_TERMINAL_SERVICE': ':1.167', 'SSH_AGENT_LAUNCHER': 'gnome-keyring', 'SSH_AUTH_SOCK': '/run/user/1000/keyring/ssh', 'ROS_DOMAIN_ID': '30', 'AMENT_PREFIX_PATH': '/home/jackfeels/turtlebot3_ws/install/turtlebot3:/home/jackfeels/turtlebot3_ws/install/turtlebot3_teleop:/home/jackfeels/turtlebot3_ws/install/turtlebot3_bringup:/home/jackfeels/turtlebot3_ws/install/turtlebot3_node:/home/jackfeels/turtlebot3_ws/install/turtlebot3_navigation2:/home/jackfeels/turtlebot3_ws/install/turtlebot3_example:/home/jackfeels/turtlebot3_ws/install/turtlebot3_msgs:/home/jackfeels/turtlebot3_ws/install/turtlebot3_description:/home/jackfeels/turtlebot3_ws/install/turtlebot3_cartographer:/home/jackfeels/turtlebot3_ws/install/dynamixel_sdk_examples:/home/jackfeels/turtlebot3_ws/install/dynamixel_sdk_custom_interfaces:/home/jackfeels/turtlebot3_ws/install/dynamixel_sdk:/opt/ros/humble', 'SHELL': '/bin/bash', 'QT_ACCESSIBILITY': '1', 'GDMSESSION': 'ubuntu', 'LESSCLOSE': '/usr/bin/lesspipe %s %s', 'QT_IM_MODULE': 'ibus', 'PWD': '/home/jackfeels/Documents/PROYECTO_TURTLEBOT/build/person_tracker', 'TURTLEBOT3_MODEL': 'burger', 'XDG_CONFIG_DIRS': '/etc/xdg/xdg-ubuntu:/etc/xdg', 'XDG_DATA_DIRS': '/usr/share/ubuntu:/usr/local/share/:/usr/share/:/var/lib/snapd/desktop', 'PYTHONPATH': '/home/jackfeels/Documents/PROYECTO_TURTLEBOT/build/person_tracker/prefix_override:/usr/lib/python3/dist-packages/colcon_core/task/python/colcon_distutils_commands:/home/jackfeels/Documents/PROYECTO_TURTLEBOT/install/person_tracker/lib/python3.10/site-packages:/home/jackfeels/Documents/PROYECTO_TURTLEBOT/install/tb3_interfaces/local/lib/python3.10/dist-packages:/home/jackfeels/turtlebot3_ws/install/turtlebot3_teleop/lib/python3.10/site-packages:/home/jackfeels/turtlebot3_ws/install/turtlebot3_example/lib/python3.10/site-packages:/home/jackfeels/turtlebot3_ws/install/turtlebot3_msgs/local/lib/python3.10/dist-packages:/home/jackfeels/turtlebot3_ws/install/dynamixel_sdk_custom_interfaces/local/lib/python3.10/dist-packages:/home/jackfeels/turtlebot3_ws/install/dynamixel_sdk/local/lib/python3.10/dist-packages:/opt/ros/humble/lib/python3.10/site-packages:/opt/ros/humble/local/lib/python3.10/dist-packages', 'COLCON': '1', 'VTE_VERSION': '6800', 'CMAKE_PREFIX_PATH': '/home/jackfeels/Documents/PROYECTO_TURTLEBOT/install/tb3_interfaces:/home/jackfeels/turtlebot3_ws/install/turtlebot3:/home/jackfeels/turtlebot3_ws/install/turtlebot3_bringup:/home/jackfeels/turtlebot3_ws/install/turtlebot3_node:/home/jackfeels/turtlebot3_ws/install/turtlebot3_navigation2:/home/jackfeels/turtlebot3_ws/install/turtlebot3_msgs:/home/jackfeels/turtlebot3_ws/install/turtlebot3_description:/home/jackfeels/turtlebot3_ws/install/turtlebot3_cartographer:/home/jackfeels/turtlebot3_ws/install/dynamixel_sdk_examples:/home/jackfeels/turtlebot3_ws/install/dynamixel_sdk_custom_interfaces:/home/jackfeels/turtlebot3_ws/install/dynamixel_sdk'}, 'shell': False}
[1.622096] (target_selector) Command: {'cmd': ['/usr/bin/python3', '-W', 'ignore:setup.py install is deprecated', '-W', 'ignore:easy_install command is deprecated', 'setup.py', 'egg_info', '--egg-base', '../../build/target_selector', 'build', '--build-base', '/home/jackfeels/Documents/PROYECTO_TURTLEBOT/build/target_selector/build', 'install', '--record', '/home/jackfeels/Documents/PROYECTO_TURTLEBOT/build/target_selector/install.log', '--single-version-externally-managed', 'install_data'], 'cwd': '/home/jackfeels/Documents/PROYECTO_TURTLEBOT/src/target_selector', 'env': {'LESSOPEN': '| /usr/bin/lesspipe %s', 'USER': 'jackfeels', 'XDG_SESSION_TYPE': 'wayland', 'ROS_PACKAGE_PATH': '/home/jackfeels/Documents/PROYECTO_TURTLEBOT/install/tb3_interfaces/share', 'SHLVL': '1', 'LD_LIBRARY_PATH': '/home/jackfeels/Documents/PROYECTO_TURTLEBOT/install/tb3_interfaces/lib:/home/jackfeels/turtlebot3_ws/install/turtlebot3_msgs/lib:/home/jackfeels/turtlebot3_ws/install/dynamixel_sdk_custom_interfaces/lib:/home/jackfeels/turtlebot3_ws/install/dynamixel_sdk/lib:/opt/ros/humble/opt/rviz_ogre_vendor/lib:/opt/ros/humble/lib/aarch64-linux-gnu:/opt/ros/humble/lib', 'HOME': '/home/jackfeels', 'OLDPWD': '/home/jackfeels', 'DESKTOP_SESSION': 'ubuntu', 'ROS_PYTHON_VERSION': '3', 'GNOME_SHELL_SESSION_MODE': 'ubuntu', 'GTK_MODULES': 'gail:atk-bridge', 'SYSTEMD_EXEC_PID': '78129', 'DBUS_SESSION_BUS_ADDRESS': 'unix:path=/run/user/1000/bus', 'COLORTERM': 'truecolor', 'IM_CONFIG_PHASE': '1', 'WAYLAND_DISPLAY': 'wayland-0', 'COLCON_PREFIX_PATH': '/home/jackfeels/turtlebot3_ws/install', 'ROS_DISTRO': 'humble', 'LOGNAME': 'jackfeels', '_': '/usr/bin/colcon', 'ROS_VERSION': '2', 'XDG_SESSION_CLASS': 'user', 'PKG_CONFIG_PATH': '/home/jackfeels/Documents/PROYECTO_TURTLEBOT/install/tb3_interfaces/lib/aarch64-linux-gnu/pkgconfig:/home/jackfeels/Documents/PROYECTO_TURTLEBOT/install/tb3_interfaces/lib/pkgconfig', 'USERNAME': 'jackfeels', 'TERM': 'xterm-256color', 'GNOME_DESKTOP_SESSION_ID': 'this-is-deprecated', 'ROS_LOCALHOST_ONLY': '0', 'PATH': '/home/jackfeels/.local/bin:/home/jackfeels/.local/bin:/opt/ros/humble/bin:/home/jackfeels/.local/bin:/usr/local/sbin:/usr/local/bin:/usr/sbin:/usr/bin:/sbin:/bin:/usr/games:/usr/local/games:/snap/bin:/snap/bin', 'SESSION_MANAGER': 'local/jackfeels:@/tmp/.ICE-unix/44928,unix/jackfeels:/tmp/.ICE-unix/44928', 'XDG_MENU_PREFIX': 'gnome-', 'GNOME_TERMINAL_SCREEN': '/org/gnome/Terminal/screen/5cbd554a_f129_4ad6_b38c_edbc413a8072', 'GNOME_SETUP_DISPLAY': ':1', 'XDG_RUNTIME_DIR': '/run/user/1000', 'DISPLAY': ':0', 'LANG': 'en_US.UTF-8', 'XDG_CURRENT_DESKTOP': 'ubuntu:GNOME', 'XMODIFIERS': '@im=ibus', 'XDG_SESSION_DESKTOP': 'ubuntu', 'XAUTHORITY': '/run/user/1000/.mutter-Xwaylandauth.263DN3', 'LS_COLORS': 'rs=0:di=01;34:ln=01;36:mh=00:pi=40;33:so=01;35:do=01;35:bd=40;33;01:cd=40;33;01:or=40;31;01:mi=00:su=37;41:sg=30;43:ca=30;41:tw=30;42:ow=34;42:st=37;44:ex=01;32:*.tar=01;31:*.tgz=01;31:*.arc=01;31:*.arj=01;31:*.taz=01;31:*.lha=01;31:*.lz4=01;31:*.lzh=01;31:*.lzma=01;31:*.tlz=01;31:*.txz=01;31:*.tzo=01;31:*.t7z=01;31:*.zip=01;31:*.z=01;31:*.dz=01;31:*.gz=01;31:*.lrz=01;31:*.lz=01;31:*.lzo=01;31:*.xz=01;31:*.zst=01;31:*.tzst=01;31:*.bz2=01;31:*.bz=01;31:*.tbz=01;31:*.tbz2=01;31:*.tz=01;31:*.deb=01;31:*.rpm=01;31:*.jar=01;31:*.war=01;31:*.ear=01;31:*.sar=01;31:*.rar=01;31:*.alz=01;31:*.ace=01;31:*.zoo=01;31:*.cpio=01;31:*.7z=01;31:*.rz=01;31:*.cab=01;31:*.wim=01;31:*.swm=01;31:*.dwm=01;31:*.esd=01;31:*.jpg=01;35:*.jpeg=01;35:*.mjpg=01;35:*.mjpeg=01;35:*.gif=01;35:*.bmp=01;35:*.pbm=01;35:*.pgm=01;35:*.ppm=01;35:*.tga=01;35:*.xbm=01;35:*.xpm=01;35:*.tif=01;35:*.tiff=01;35:*.png=01;35:*.svg=01;35:*.svgz=01;35:*.mng=01;35:*.pcx=01;35:*.mov=01;35:*.mpg=01;35:*.mpeg=01;35:*.m2v=01;35:*.mkv=01;35:*.webm=01;35:*.webp=01;35:*.ogm=01;35:*.mp4=01;35:*.m4v=01;35:*.mp4v=01;35:*.vob=01;35:*.qt=01;35:*.nuv=01;35:*.wmv=01;35:*.asf=01;35:*.rm=01;35:*.rmvb=01;35:*.flc=01;35:*.avi=01;35:*.fli=01;35:*.flv=01;35:*.gl=01;35:*.dl=01;35:*.xcf=01;35:*.xwd=01;35:*.yuv=01;35:*.cgm=01;35:*.emf=01;35:*.ogv=01;35:*.ogx=01;35:*.aac=00;36:*.au=00;36:*.flac=00;36:*.m4a=00;36:*.mid=00;36:*.midi=00;36:*.mka=00;36:*.mp3=00;36:*.mpc=00;36:*.ogg=00;36:*.ra=00;36:*.wav=00;36:*.oga=00;36:*.opus=00;36:*.spx=00;36:*.xspf=00;36:', 'GNOME_TERMINAL_SERVICE': ':1.167', 'SSH_AGENT_LAUNCHER': 'gnome-keyring', 'SSH_AUTH_SOCK': '/run/user/1000/keyring/ssh', 'ROS_DOMAIN_ID': '30', 'AMENT_PREFIX_PATH': '/home/jackfeels/turtlebot3_ws/install/turtlebot3:/home/jackfeels/turtlebot3_ws/install/turtlebot3_teleop:/home/jackfeels/turtlebot3_ws/install/turtlebot3_bringup:/home/jackfeels/turtlebot3_ws/install/turtlebot3_node:/home/jackfeels/turtlebot3_ws/install/turtlebot3_navigation2:/home/jackfeels/turtlebot3_ws/install/turtlebot3_example:/home/jackfeels/turtlebot3_ws/install/turtlebot3_msgs:/home/jackfeels/turtlebot3_ws/install/turtlebot3_description:/home/jackfeels/turtlebot3_ws/install/turtlebot3_cartographer:/home/jackfeels/turtlebot3_ws/install/dynamixel_sdk_examples:/home/jackfeels/turtlebot3_ws/install/dynamixel_sdk_custom_interfaces:/home/jackfeels/turtlebot3_ws/install/dynamixel_sdk:/opt/ros/humble', 'SHELL': '/bin/bash', 'QT_ACCESSIBILITY': '1', 'GDMSESSION': 'ubuntu', 'LESSCLOSE': '/usr/bin/lesspipe %s %s', 'QT_IM_MODULE': 'ibus', 'PWD': '/home/jackfeels/Documents/PROYECTO_TURTLEBOT/build/target_selector', 'TURTLEBOT3_MODEL': 'burger', 'XDG_CONFIG_DIRS': '/etc/xdg/xdg-ubuntu:/etc/xdg', 'XDG_DATA_DIRS': '/usr/share/ubuntu:/usr/local/share/:/usr/share/:/var/lib/snapd/desktop', 'PYTHONPATH': '/home/jackfeels/Documents/PROYECTO_TURTLEBOT/build/target_selector/prefix_override:/usr/lib/python3/dist-packages/colcon_core/task/python/colcon_distutils_commands:/home/jackfeels/Documents/PROYECTO_TURTLEBOT/install/target_selector/lib/python3.10/site-packages:/home/jackfeels/Documents/PROYECTO_TURTLEBOT/install/tb3_interfaces/local/lib/python3.10/dist-packages:/home/jackfeels/turtlebot3_ws/install/turtlebot3_teleop/lib/python3.10/site-packages:/home/jackfeels/turtlebot3_ws/install/turtlebot3_example/lib/python3.10/site-packages:/home/jackfeels/turtlebot3_ws/install/turtlebot3_msgs/local/lib/python3.10/dist-packages:/home/jackfeels/turtlebot3_ws/install/dynamixel_sdk_custom_interfaces/local/lib/python3.10/dist-packages:/home/jackfeels/turtlebot3_ws/install/dynamixel_sdk/local/lib/python3.10/dist-packages:/opt/ros/humble/lib/python3.10/site-packages:/opt/ros/humble/local/lib/python3.10/dist-packages', 'COLCON': '1', 'VTE_VERSION': '6800', 'CMAKE_PREFIX_PATH': '/home/jackfeels/Documents/PROYECTO_TURTLEBOT/install/tb3_interfaces:/home/jackfeels/turtlebot3_ws/install/turtlebot3:/home/jackfeels/turtlebot3_ws/install/turtlebot3_bringup:/home/jackfeels/turtlebot3_ws/install/turtlebot3_node:/home/jackfeels/turtlebot3_ws/install/turtlebot3_navigation2:/home/jackfeels/turtlebot3_ws/install/turtlebot3_msgs:/home/jackfeels/turtlebot3_ws/install/turtlebot3_description:/home/jackfeels/turtlebot3_ws/install/turtlebot3_cartographer:/home/jackfeels/turtlebot3_ws/install/dynamixel_sdk_examples:/home/jackfeels/turtlebot3_ws/install/dynamixel_sdk_custom_interfaces:/home/jackfeels/turtlebot3_ws/install/dynamixel_sdk'}, 'shell': False}
[1.646163] (-) TimerEvent: {}
[1.711769] (person_tracker) StdoutLine: {'line': b'running egg_info\n'}
[1.719515] (person_tracker) StdoutLine: {'line': b'writing ../../build/person_tracker/person_tracker.egg-info/PKG-INFO\n'}
[1.738403] (person_tracker) StdoutLine: {'line': b'writing dependency_links to ../../build/person_tracker/person_tracker.egg-info/dependency_links.txt\n'}
[1.738526] (person_tracker) StdoutLine: {'line': b'writing entry points to ../../build/person_tracker/person_tracker.egg-info/entry_points.txt\n'}
[1.738566] (person_tracker) StdoutLine: {'line': b'writing requirements to ../../build/person_tracker/person_tracker.egg-info/requires.txt\n'}
[1.738597] (person_tracker) StdoutLine: {'line': b'writing top-level names to ../../build/person_tracker/person_tracker.egg-info/top_level.txt\n'}
[1.738628] (person_tracker) StdoutLine: {'line': b"reading manifest file '../../build/person_tracker/person_tracker.egg-info/SOURCES.txt'\n"}
[1.757422] (person_tracker) StdoutLine: {'line': b"writing manifest file '../../build/person_tracker/person_tracker.egg-info/SOURCES.txt'\n"}
[1.757541] (-) TimerEvent: {}
[1.757612] (person_tracker) StdoutLine: {'line': b'running build\n'}
[1.757652] (person_tracker) StdoutLine: {'line': b'running build_py\n'}
[1.757683] (person_tracker) StdoutLine: {'line': b'copying person_tracker/__init__.py -> /home/jackfeels/Documents/PROYECTO_TURTLEBOT/build/person_tracker/build/lib/person_tracker\n'}
[1.765162] (target_selector) StdoutLine: {'line': b'running egg_info\n'}
[1.775232] (target_selector) StdoutLine: {'line': b'writing ../../build/target_selector/target_selector.egg-info/PKG-INFO\n'}
[1.775333] (target_selector) StdoutLine: {'line': b'writing dependency_links to ../../build/target_selector/target_selector.egg-info/dependency_links.txt\n'}
[1.775373] (target_selector) StdoutLine: {'line': b'writing entry points to ../../build/target_selector/target_selector.egg-info/entry_points.txt\n'}
[1.775410] (target_selector) StdoutLine: {'line': b'writing requirements to ../../build/target_selector/target_selector.egg-info/requires.txt\n'}
[1.775451] (target_selector) StdoutLine: {'line': b'writing top-level names to ../../build/target_selector/target_selector.egg-info/top_level.txt\n'}
[1.790986] (target_selector) StdoutLine: {'line': b"reading manifest file '../../build/target_selector/target_selector.egg-info/SOURCES.txt'\n"}
[1.859411] (-) TimerEvent: {}
[1.955131] (person_tracker) StdoutLine: {'line': b'copying person_tracker/person_tracker_node.py -> /home/jackfeels/Documents/PROYECTO_TURTLEBOT/build/person_tracker/build/lib/person_tracker\n'}
[1.956260] (person_tracker) StdoutLine: {'line': b'running install\n'}
[1.959065] (person_tracker) StdoutLine: {'line': b'running install_lib\n'}
[1.959468] (-) TimerEvent: {}
[1.969340] (person_tracker) StdoutLine: {'line': b'running install_data\n'}
[1.969786] (person_tracker) StdoutLine: {'line': b'copying resource/person_tracker -> /home/jackfeels/Documents/PROYECTO_TURTLEBOT/install/person_tracker/share/ament_index/resource_index/packages\n'}
[1.970913] (person_tracker) StdoutLine: {'line': b'copying package.xml -> /home/jackfeels/Documents/PROYECTO_TURTLEBOT/install/person_tracker/share/person_tracker\n'}
[1.972801] (person_tracker) StdoutLine: {'line': b'running install_egg_info\n'}
[1.983786] (person_tracker) StdoutLine: {'line': b"removing '/home/jackfeels/Documents/PROYECTO_TURTLEBOT/install/person_tracker/lib/python3.10/site-packages/person_tracker-0.0.1-py3.10.egg-info' (and everything under it)\n"}
[1.992785] (person_tracker) StdoutLine: {'line': b'Copying ../../build/person_tracker/person_tracker.egg-info to /home/jackfeels/Documents/PROYECTO_TURTLEBOT/install/person_tracker/lib/python3.10/site-packages/person_tracker-0.0.1-py3.10.egg-info\n'}
[1.994715] (person_tracker) StdoutLine: {'line': b'running install_scripts\n'}
[2.013198] (person_tracker) StdoutLine: {'line': b'Installing person_tracker_node script to /home/jackfeels/Documents/PROYECTO_TURTLEBOT/install/person_tracker/lib/person_tracker\n'}
[2.014187] (person_tracker) StdoutLine: {'line': b"writing list of installed files to '/home/jackfeels/Documents/PROYECTO_TURTLEBOT/build/person_tracker/install.log'\n"}
[2.036719] (person_tracker) CommandEnded: {'returncode': 0}
[2.038989] (person_tracker) JobEnded: {'identifier': 'person_tracker', 'rc': 0}
[2.039373] (target_selector) StdoutLine: {'line': b"writing manifest file '../../build/target_selector/target_selector.egg-info/SOURCES.txt'\n"}
[2.039637] (target_selector) StdoutLine: {'line': b'running build\n'}
[2.039676] (target_selector) StdoutLine: {'line': b'running build_py\n'}
[2.040558] (target_selector) StdoutLine: {'line': b'copying target_selector/target_selector_node.py -> /home/jackfeels/Documents/PROYECTO_TURTLEBOT/build/target_selector/build/lib/target_selector\n'}
[2.040606] (target_selector) StdoutLine: {'line': b'copying target_selector/__init__.py -> /home/jackfeels/Documents/PROYECTO_TURTLEBOT/build/target_selector/build/lib/target_selector\n'}
[2.040637] (target_selector) StdoutLine: {'line': b'running install\n'}
[2.042674] (target_selector) StdoutLine: {'line': b'running install_lib\n'}
[2.053113] (target_selector) StdoutLine: {'line': b'running install_data\n'}
[2.053361] (target_selector) StdoutLine: {'line': b'copying resource/target_selector -> /home/jackfeels/Documents/PROYECTO_TURTLEBOT/install/target_selector/share/ament_index/resource_index/packages\n'}
[2.053439] (target_selector) StdoutLine: {'line': b'copying package.xml -> /home/jackfeels/Documents/PROYECTO_TURTLEBOT/install/target_selector/share/target_selector\n'}
[2.053483] (target_selector) StdoutLine: {'line': b'running install_egg_info\n'}
[2.060183] (-) TimerEvent: {}
[2.062608] (target_selector) StdoutLine: {'line': b"removing '/home/jackfeels/Documents/PROYECTO_TURTLEBOT/install/target_selector/lib/python3.10/site-packages/target_selector-0.0.1-py3.10.egg-info' (and everything under it)\n"}
[2.069509] (target_selector) StdoutLine: {'line': b'Copying ../../build/target_selector/target_selector.egg-info to /home/jackfeels/Documents/PROYECTO_TURTLEBOT/install/target_selector/lib/python3.10/site-packages/target_selector-0.0.1-py3.10.egg-info\n'}
[2.069625] (target_selector) StdoutLine: {'line': b'running install_scripts\n'}
[2.085547] (target_selector) StdoutLine: {'line': b'Installing target_selector_node script to /home/jackfeels/Documents/PROYECTO_TURTLEBOT/install/target_selector/lib/target_selector\n'}
[2.085689] (target_selector) StdoutLine: {'line': b"writing list of installed files to '/home/jackfeels/Documents/PROYECTO_TURTLEBOT/build/target_selector/install.log'\n"}
[2.095046] (target_selector) CommandEnded: {'returncode': 0}
[2.098802] (target_selector) JobEnded: {'identifier': 'target_selector', 'rc': 0}
[2.098999] (-) EventReactorShutdown: {}
