[0.000000] (-) TimerEvent: {}
[0.000099] (gesture_detector) JobQueued: {'identifier': 'gesture_detector', 'dependencies': OrderedDict()}
[0.000261] (tb3_bringup_custom) JobQueued: {'identifier': 'tb3_bringup_custom', 'dependencies': OrderedDict()}
[0.000290] (tb3_interfaces) JobQueued: {'identifier': 'tb3_interfaces', 'dependencies': OrderedDict()}
[0.000301] (debug_visualizer) JobQueued: {'identifier': 'debug_visualizer', 'dependencies': OrderedDict([('tb3_interfaces', '/home/jackfeels/Documents/PROYECTO_TURTLEBOT/install/tb3_interfaces')])}
[0.000316] (follow_controller) JobQueued: {'identifier': 'follow_controller', 'dependencies': OrderedDict([('tb3_interfaces', '/home/jackfeels/Documents/PROYECTO_TURTLEBOT/install/tb3_interfaces')])}
[0.000326] (person_tracker) JobQueued: {'identifier': 'person_tracker', 'dependencies': OrderedDict([('tb3_interfaces', '/home/jackfeels/Documents/PROYECTO_TURTLEBOT/install/tb3_interfaces')])}
[0.000343] (target_selector) JobQueued: {'identifier': 'target_selector', 'dependencies': OrderedDict([('tb3_interfaces', '/home/jackfeels/Documents/PROYECTO_TURTLEBOT/install/tb3_interfaces')])}
[0.000353] (tb3_interfaces) JobStarted: {'identifier': 'tb3_interfaces'}
[0.004755] (gesture_detector) JobStarted: {'identifier': 'gesture_detector'}
[0.009180] (tb3_bringup_custom) JobStarted: {'identifier': 'tb3_bringup_custom'}
[0.013662] (tb3_interfaces) JobProgress: {'identifier': 'tb3_interfaces', 'progress': 'cmake'}
[0.014501] (tb3_interfaces) JobProgress: {'identifier': 'tb3_interfaces', 'progress': 'build'}
[0.014964] (tb3_interfaces) Command: {'cmd': ['/usr/bin/cmake', '--build', '/home/jackfeels/Documents/PROYECTO_TURTLEBOT/build/tb3_interfaces', '--', '-j4', '-l4'], 'cwd': '/home/jackfeels/Documents/PROYECTO_TURTLEBOT/build/tb3_interfaces', 'env': OrderedDict([('LESSOPEN', '| /usr/bin/lesspipe %s'), ('USER', 'jackfeels'), ('ROS_PACKAGE_PATH', '/home/jackfeels/Documents/PROYECTO_TURTLEBOT/install/tb3_interfaces/share'), ('XDG_SESSION_TYPE', 'wayland'), ('SHLVL', '1'), ('LD_LIBRARY_PATH', '/home/jackfeels/Documents/PROYECTO_TURTLEBOT/install/tb3_interfaces/lib:/home/jackfeels/turtlebot3_ws/install/turtlebot3_msgs/lib:/home/jackfeels/turtlebot3_ws/install/dynamixel_sdk_custom_interfaces/lib:/home/jackfeels/turtlebot3_ws/install/dynamixel_sdk/lib:/opt/ros/humble/opt/rviz_ogre_vendor/lib:/opt/ros/humble/lib/aarch64-linux-gnu:/opt/ros/humble/lib'), ('HOME', '/home/jackfeels'), ('OLDPWD', '/home/jackfeels'), ('DESKTOP_SESSION', 'ubuntu'), ('ROS_PYTHON_VERSION', '3'), ('GNOME_SHELL_SESSION_MODE', 'ubuntu'), ('GTK_MODULES', 'gail:atk-bridge'), ('SYSTEMD_EXEC_PID', '2104'), ('DBUS_SESSION_BUS_ADDRESS', 'unix:path=/run/user/1000/bus'), ('COLORTERM', 'truecolor'), ('IM_CONFIG_PHASE', '1'), ('WAYLAND_DISPLAY', 'wayland-0'), ('COLCON_PREFIX_PATH', '/home/jackfeels/Documents/PROYECTO_TURTLEBOT/install:/home/jackfeels/turtlebot3_ws/install'), ('ROS_DISTRO', 'humble'), ('LOGNAME', 'jackfeels'), ('_', '/usr/bin/colcon'), ('ROS_VERSION', '2'), ('PKG_CONFIG_PATH', '/home/jackfeels/Documents/PROYECTO_TURTLEBOT/install/tb3_interfaces/lib/aarch64-linux-gnu/pkgconfig:/home/jackfeels/Documents/PROYECTO_TURTLEBOT/install/tb3_interfaces/lib/pkgconfig'), ('XDG_SESSION_CLASS', 'user'), ('USERNAME', 'jackfeels'), ('TERM', 'xterm-256color'), ('GNOME_DESKTOP_SESSION_ID', 'this-is-deprecated'), ('ROS_LOCALHOST_ONLY', '0'), ('PATH', '/home/jackfeels/.local/bin:/home/jackfeels/.local/bin:/opt/ros/humble/bin:/home/jackfeels/.local/bin:/usr/local/sbin:/usr/local/bin:/usr/sbin:/usr/bin:/sbin:/bin:/usr/games:/usr/local/games:/snap/bin:/snap/bin'), ('SESSION_MANAGER', 'local/jackfeels:@/tmp/.ICE-unix/2080,unix/jackfeels:/tmp/.ICE-unix/2080'), ('XDG_MENU_PREFIX', 'gnome-'), ('GNOME_TERMINAL_SCREEN', '/org/gnome/Terminal/screen/a9dbc2d1_c8c8_4e38_875a_9df3ed386733'), ('GNOME_SETUP_DISPLAY', ':1'), ('XDG_RUNTIME_DIR', '/run/user/1000'), ('DISPLAY', ':0'), ('LANG', 'en_US.UTF-8'), ('XDG_CURRENT_DESKTOP', 'ubuntu:GNOME'), ('XMODIFIERS', '@im=ibus'), ('XDG_SESSION_DESKTOP', 'ubuntu'), ('XAUTHORITY', '/run/user/1000/.mutter-Xwaylandauth.S7KGN3'), ('LS_COLORS', 'rs=0:di=01;34:ln=01;36:mh=00:pi=40;33:so=01;35:do=01;35:bd=40;33;01:cd=40;33;01:or=40;31;01:mi=00:su=37;41:sg=30;43:ca=30;41:tw=30;42:ow=34;42:st=37;44:ex=01;32:*.tar=01;31:*.tgz=01;31:*.arc=01;31:*.arj=01;31:*.taz=01;31:*.lha=01;31:*.lz4=01;31:*.lzh=01;31:*.lzma=01;31:*.tlz=01;31:*.txz=01;31:*.tzo=01;31:*.t7z=01;31:*.zip=01;31:*.z=01;31:*.dz=01;31:*.gz=01;31:*.lrz=01;31:*.lz=01;31:*.lzo=01;31:*.xz=01;31:*.zst=01;31:*.tzst=01;31:*.bz2=01;31:*.bz=01;31:*.tbz=01;31:*.tbz2=01;31:*.tz=01;31:*.deb=01;31:*.rpm=01;31:*.jar=01;31:*.war=01;31:*.ear=01;31:*.sar=01;31:*.rar=01;31:*.alz=01;31:*.ace=01;31:*.zoo=01;31:*.cpio=01;31:*.7z=01;31:*.rz=01;31:*.cab=01;31:*.wim=01;31:*.swm=01;31:*.dwm=01;31:*.esd=01;31:*.jpg=01;35:*.jpeg=01;35:*.mjpg=01;35:*.mjpeg=01;35:*.gif=01;35:*.bmp=01;35:*.pbm=01;35:*.pgm=01;35:*.ppm=01;35:*.tga=01;35:*.xbm=01;35:*.xpm=01;35:*.tif=01;35:*.tiff=01;35:*.png=01;35:*.svg=01;35:*.svgz=01;35:*.mng=01;35:*.pcx=01;35:*.mov=01;35:*.mpg=01;35:*.mpeg=01;35:*.m2v=01;35:*.mkv=01;35:*.webm=01;35:*.webp=01;35:*.ogm=01;35:*.mp4=01;35:*.m4v=01;35:*.mp4v=01;35:*.vob=01;35:*.qt=01;35:*.nuv=01;35:*.wmv=01;35:*.asf=01;35:*.rm=01;35:*.rmvb=01;35:*.flc=01;35:*.avi=01;35:*.fli=01;35:*.flv=01;35:*.gl=01;35:*.dl=01;35:*.xcf=01;35:*.xwd=01;35:*.yuv=01;35:*.cgm=01;35:*.emf=01;35:*.ogv=01;35:*.ogx=01;35:*.aac=00;36:*.au=00;36:*.flac=00;36:*.m4a=00;36:*.mid=00;36:*.midi=00;36:*.mka=00;36:*.mp3=00;36:*.mpc=00;36:*.ogg=00;36:*.ra=00;36:*.wav=00;36:*.oga=00;36:*.opus=00;36:*.spx=00;36:*.xspf=00;36:'), ('GNOME_TERMINAL_SERVICE', ':1.119'), ('SSH_AGENT_LAUNCHER', 'gnome-keyring'), ('SSH_AUTH_SOCK', '/run/user/1000/keyring/ssh'), ('ROS_DOMAIN_ID', '30'), ('AMENT_PREFIX_PATH', '/home/jackfeels/Documents/PROYECTO_TURTLEBOT/install/target_selector:/home/jackfeels/Documents/PROYECTO_TURTLEBOT/install/person_tracker:/home/jackfeels/Documents/PROYECTO_TURTLEBOT/install/follow_controller:/home/jackfeels/Documents/PROYECTO_TURTLEBOT/install/debug_visualizer:/home/jackfeels/Documents/PROYECTO_TURTLEBOT/install/tb3_bringup_custom:/home/jackfeels/Documents/PROYECTO_TURTLEBOT/install/gesture_detector:/home/jackfeels/turtlebot3_ws/install/turtlebot3:/home/jackfeels/turtlebot3_ws/install/turtlebot3_teleop:/home/jackfeels/turtlebot3_ws/install/turtlebot3_bringup:/home/jackfeels/turtlebot3_ws/install/turtlebot3_node:/home/jackfeels/turtlebot3_ws/install/turtlebot3_navigation2:/home/jackfeels/turtlebot3_ws/install/turtlebot3_example:/home/jackfeels/turtlebot3_ws/install/turtlebot3_msgs:/home/jackfeels/turtlebot3_ws/install/turtlebot3_description:/home/jackfeels/turtlebot3_ws/install/turtlebot3_cartographer:/home/jackfeels/turtlebot3_ws/install/dynamixel_sdk_examples:/home/jackfeels/turtlebot3_ws/install/dynamixel_sdk_custom_interfaces:/home/jackfeels/turtlebot3_ws/install/dynamixel_sdk:/opt/ros/humble'), ('SHELL', '/bin/bash'), ('QT_ACCESSIBILITY', '1'), ('GDMSESSION', 'ubuntu'), ('LESSCLOSE', '/usr/bin/lesspipe %s %s'), ('QT_IM_MODULE', 'ibus'), ('PWD', '/home/jackfeels/Documents/PROYECTO_TURTLEBOT/build/tb3_interfaces'), ('TURTLEBOT3_MODEL', 'burger'), ('XDG_CONFIG_DIRS', '/etc/xdg/xdg-ubuntu:/etc/xdg'), ('XDG_DATA_DIRS', '/usr/share/ubuntu:/usr/local/share/:/usr/share/:/var/lib/snapd/desktop'), ('PYTHONPATH', '/home/jackfeels/Documents/PROYECTO_TURTLEBOT/install/target_selector/lib/python3.10/site-packages:/home/jackfeels/Documents/PROYECTO_TURTLEBOT/install/person_tracker/lib/python3.10/site-packages:/home/jackfeels/Documents/PROYECTO_TURTLEBOT/install/follow_controller/lib/python3.10/site-packages:/home/jackfeels/Documents/PROYECTO_TURTLEBOT/install/debug_visualizer/lib/python3.10/site-packages:/home/jackfeels/Documents/PROYECTO_TURTLEBOT/install/tb3_interfaces/local/lib/python3.10/dist-packages:/home/jackfeels/Documents/PROYECTO_TURTLEBOT/install/tb3_bringup_custom/lib/python3.10/site-packages:/home/jackfeels/Documents/PROYECTO_TURTLEBOT/install/gesture_detector/lib/python3.10/site-packages:/home/jackfeels/turtlebot3_ws/install/turtlebot3_teleop/lib/python3.10/site-packages:/home/jackfeels/turtlebot3_ws/install/turtlebot3_example/lib/python3.10/site-packages:/home/jackfeels/turtlebot3_ws/install/turtlebot3_msgs/local/lib/python3.10/dist-packages:/home/jackfeels/turtlebot3_ws/install/dynamixel_sdk_custom_interfaces/local/lib/python3.10/dist-packages:/home/jackfeels/turtlebot3_ws/install/dynamixel_sdk/local/lib/python3.10/dist-packages:/opt/ros/humble/lib/python3.10/site-packages:/opt/ros/humble/local/lib/python3.10/dist-packages'), ('COLCON', '1'), ('VTE_VERSION', '6800'), ('CMAKE_PREFIX_PATH', '/home/jackfeels/Documents/PROYECTO_TURTLEBOT/install/tb3_interfaces:/home/jackfeels/turtlebot3_ws/install/turtlebot3:/home/jackfeels/turtlebot3_ws/install/turtlebot3_bringup:/home/jackfeels/turtlebot3_ws/install/turtlebot3_node:/home/jackfeels/turtlebot3_ws/install/turtlebot3_navigation2:/home/jackfeels/turtlebot3_ws/install/turtlebot3_msgs:/home/jackfeels/turtlebot3_ws/install/turtlebot3_description:/home/jackfeels/turtlebot3_ws/install/turtlebot3_cartographer:/home/jackfeels/turtlebot3_ws/install/dynamixel_sdk_examples:/home/jackfeels/turtlebot3_ws/install/dynamixel_sdk_custom_interfaces:/home/jackfeels/turtlebot3_ws/install/dynamixel_sdk')]), 'shell': False}
[0.099513] (-) TimerEvent: {}
[0.162447] (tb3_interfaces) StdoutLine: {'line': b'[  2%] Built target tb3_interfaces__rs\n'}
[0.162605] (tb3_interfaces) StdoutLine: {'line': b'[ 12%] Built target tb3_interfaces__rosidl_generator_c\n'}
[0.162995] (tb3_interfaces) StdoutLine: {'line': b'[ 14%] Built target tb3_interfaces__cpp\n'}
[0.163052] (tb3_interfaces) StdoutLine: {'line': b'[ 25%] Built target tb3_interfaces__rosidl_typesupport_introspection_c\n'}
[0.163109] (tb3_interfaces) StdoutLine: {'line': b'[ 25%] Built target ament_cmake_python_copy_tb3_interfaces\n'}
[0.163159] (tb3_interfaces) StdoutLine: {'line': b'[ 35%] Built target tb3_interfaces__rosidl_typesupport_c\n'}
[0.163218] (tb3_interfaces) StdoutLine: {'line': b'[ 45%] Built target tb3_interfaces__rosidl_typesupport_fastrtps_cpp\n'}
[0.163391] (tb3_interfaces) StdoutLine: {'line': b'[ 56%] Built target tb3_interfaces__rosidl_typesupport_introspection_cpp\n'}
[0.163447] (tb3_interfaces) StdoutLine: {'line': b'[ 66%] Built target tb3_interfaces__rosidl_typesupport_cpp\n'}
[0.163494] (tb3_interfaces) StdoutLine: {'line': b'[ 77%] Built target tb3_interfaces__rosidl_typesupport_fastrtps_c\n'}
[0.163538] (tb3_interfaces) StdoutLine: {'line': b'[ 77%] Built target tb3_interfaces\n'}
[0.163582] (tb3_interfaces) StdoutLine: {'line': b'[ 79%] Built target tb3_interfaces__py\n'}
[0.163619] (tb3_interfaces) StdoutLine: {'line': b'[ 87%] Built target tb3_interfaces__rosidl_generator_py\n'}
[0.163658] (tb3_interfaces) StdoutLine: {'line': b'[ 95%] Built target tb3_interfaces__rosidl_typesupport_c__pyext\n'}
[0.163702] (tb3_interfaces) StdoutLine: {'line': b'[ 95%] Built target tb3_interfaces__rosidl_typesupport_fastrtps_c__pyext\n'}
[0.163744] (tb3_interfaces) StdoutLine: {'line': b'[100%] Built target tb3_interfaces__rosidl_typesupport_introspection_c__pyext\n'}
[0.199664] (-) TimerEvent: {}
[0.201060] (tb3_interfaces) StdoutLine: {'line': b'running egg_info\n'}
[0.208554] (tb3_interfaces) StdoutLine: {'line': b'writing tb3_interfaces.egg-info/PKG-INFO\n'}
[0.208958] (tb3_interfaces) StdoutLine: {'line': b'writing dependency_links to tb3_interfaces.egg-info/dependency_links.txt\n'}
[0.209073] (tb3_interfaces) StdoutLine: {'line': b'writing top-level names to tb3_interfaces.egg-info/top_level.txt\n'}
[0.233785] (tb3_interfaces) StdoutLine: {'line': b"reading manifest file 'tb3_interfaces.egg-info/SOURCES.txt'\n"}
[0.234804] (tb3_interfaces) StdoutLine: {'line': b"writing manifest file 'tb3_interfaces.egg-info/SOURCES.txt'\n"}
[0.254731] (tb3_interfaces) StdoutLine: {'line': b'[100%] Built target ament_cmake_python_build_tb3_interfaces_egg\n'}
[0.290324] (tb3_interfaces) CommandEnded: {'returncode': 0}
[0.291109] (tb3_interfaces) JobProgress: {'identifier': 'tb3_interfaces', 'progress': 'install'}
[0.295683] (tb3_interfaces) Command: {'cmd': ['/usr/bin/cmake', '--install', '/home/jackfeels/Documents/PROYECTO_TURTLEBOT/build/tb3_interfaces'], 'cwd': '/home/jackfeels/Documents/PROYECTO_TURTLEBOT/build/tb3_interfaces', 'env': OrderedDict([('LESSOPEN', '| /usr/bin/lesspipe %s'), ('USER', 'jackfeels'), ('ROS_PACKAGE_PATH', '/home/jackfeels/Documents/PROYECTO_TURTLEBOT/install/tb3_interfaces/share'), ('XDG_SESSION_TYPE', 'wayland'), ('SHLVL', '1'), ('LD_LIBRARY_PATH', '/home/jackfeels/Documents/PROYECTO_TURTLEBOT/install/tb3_interfaces/lib:/home/jackfeels/turtlebot3_ws/install/turtlebot3_msgs/lib:/home/jackfeels/turtlebot3_ws/install/dynamixel_sdk_custom_interfaces/lib:/home/jackfeels/turtlebot3_ws/install/dynamixel_sdk/lib:/opt/ros/humble/opt/rviz_ogre_vendor/lib:/opt/ros/humble/lib/aarch64-linux-gnu:/opt/ros/humble/lib'), ('HOME', '/home/jackfeels'), ('OLDPWD', '/home/jackfeels'), ('DESKTOP_SESSION', 'ubuntu'), ('ROS_PYTHON_VERSION', '3'), ('GNOME_SHELL_SESSION_MODE', 'ubuntu'), ('GTK_MODULES', 'gail:atk-bridge'), ('SYSTEMD_EXEC_PID', '2104'), ('DBUS_SESSION_BUS_ADDRESS', 'unix:path=/run/user/1000/bus'), ('COLORTERM', 'truecolor'), ('IM_CONFIG_PHASE', '1'), ('WAYLAND_DISPLAY', 'wayland-0'), ('COLCON_PREFIX_PATH', '/home/jackfeels/Documents/PROYECTO_TURTLEBOT/install:/home/jackfeels/turtlebot3_ws/install'), ('ROS_DISTRO', 'humble'), ('LOGNAME', 'jackfeels'), ('_', '/usr/bin/colcon'), ('ROS_VERSION', '2'), ('PKG_CONFIG_PATH', '/home/jackfeels/Documents/PROYECTO_TURTLEBOT/install/tb3_interfaces/lib/aarch64-linux-gnu/pkgconfig:/home/jackfeels/Documents/PROYECTO_TURTLEBOT/install/tb3_interfaces/lib/pkgconfig'), ('XDG_SESSION_CLASS', 'user'), ('USERNAME', 'jackfeels'), ('TERM', 'xterm-256color'), ('GNOME_DESKTOP_SESSION_ID', 'this-is-deprecated'), ('ROS_LOCALHOST_ONLY', '0'), ('PATH', '/home/jackfeels/.local/bin:/home/jackfeels/.local/bin:/opt/ros/humble/bin:/home/jackfeels/.local/bin:/usr/local/sbin:/usr/local/bin:/usr/sbin:/usr/bin:/sbin:/bin:/usr/games:/usr/local/games:/snap/bin:/snap/bin'), ('SESSION_MANAGER', 'local/jackfeels:@/tmp/.ICE-unix/2080,unix/jackfeels:/tmp/.ICE-unix/2080'), ('XDG_MENU_PREFIX', 'gnome-'), ('GNOME_TERMINAL_SCREEN', '/org/gnome/Terminal/screen/a9dbc2d1_c8c8_4e38_875a_9df3ed386733'), ('GNOME_SETUP_DISPLAY', ':1'), ('XDG_RUNTIME_DIR', '/run/user/1000'), ('DISPLAY', ':0'), ('LANG', 'en_US.UTF-8'), ('XDG_CURRENT_DESKTOP', 'ubuntu:GNOME'), ('XMODIFIERS', '@im=ibus'), ('XDG_SESSION_DESKTOP', 'ubuntu'), ('XAUTHORITY', '/run/user/1000/.mutter-Xwaylandauth.S7KGN3'), ('LS_COLORS', 'rs=0:di=01;34:ln=01;36:mh=00:pi=40;33:so=01;35:do=01;35:bd=40;33;01:cd=40;33;01:or=40;31;01:mi=00:su=37;41:sg=30;43:ca=30;41:tw=30;42:ow=34;42:st=37;44:ex=01;32:*.tar=01;31:*.tgz=01;31:*.arc=01;31:*.arj=01;31:*.taz=01;31:*.lha=01;31:*.lz4=01;31:*.lzh=01;31:*.lzma=01;31:*.tlz=01;31:*.txz=01;31:*.tzo=01;31:*.t7z=01;31:*.zip=01;31:*.z=01;31:*.dz=01;31:*.gz=01;31:*.lrz=01;31:*.lz=01;31:*.lzo=01;31:*.xz=01;31:*.zst=01;31:*.tzst=01;31:*.bz2=01;31:*.bz=01;31:*.tbz=01;31:*.tbz2=01;31:*.tz=01;31:*.deb=01;31:*.rpm=01;31:*.jar=01;31:*.war=01;31:*.ear=01;31:*.sar=01;31:*.rar=01;31:*.alz=01;31:*.ace=01;31:*.zoo=01;31:*.cpio=01;31:*.7z=01;31:*.rz=01;31:*.cab=01;31:*.wim=01;31:*.swm=01;31:*.dwm=01;31:*.esd=01;31:*.jpg=01;35:*.jpeg=01;35:*.mjpg=01;35:*.mjpeg=01;35:*.gif=01;35:*.bmp=01;35:*.pbm=01;35:*.pgm=01;35:*.ppm=01;35:*.tga=01;35:*.xbm=01;35:*.xpm=01;35:*.tif=01;35:*.tiff=01;35:*.png=01;35:*.svg=01;35:*.svgz=01;35:*.mng=01;35:*.pcx=01;35:*.mov=01;35:*.mpg=01;35:*.mpeg=01;35:*.m2v=01;35:*.mkv=01;35:*.webm=01;35:*.webp=01;35:*.ogm=01;35:*.mp4=01;35:*.m4v=01;35:*.mp4v=01;35:*.vob=01;35:*.qt=01;35:*.nuv=01;35:*.wmv=01;35:*.asf=01;35:*.rm=01;35:*.rmvb=01;35:*.flc=01;35:*.avi=01;35:*.fli=01;35:*.flv=01;35:*.gl=01;35:*.dl=01;35:*.xcf=01;35:*.xwd=01;35:*.yuv=01;35:*.cgm=01;35:*.emf=01;35:*.ogv=01;35:*.ogx=01;35:*.aac=00;36:*.au=00;36:*.flac=00;36:*.m4a=00;36:*.mid=00;36:*.midi=00;36:*.mka=00;36:*.mp3=00;36:*.mpc=00;36:*.ogg=00;36:*.ra=00;36:*.wav=00;36:*.oga=00;36:*.opus=00;36:*.spx=00;36:*.xspf=00;36:'), ('GNOME_TERMINAL_SERVICE', ':1.119'), ('SSH_AGENT_LAUNCHER', 'gnome-keyring'), ('SSH_AUTH_SOCK', '/run/user/1000/keyring/ssh'), ('ROS_DOMAIN_ID', '30'), ('AMENT_PREFIX_PATH', '/home/jackfeels/Documents/PROYECTO_TURTLEBOT/install/target_selector:/home/jackfeels/Documents/PROYECTO_TURTLEBOT/install/person_tracker:/home/jackfeels/Documents/PROYECTO_TURTLEBOT/install/follow_controller:/home/jackfeels/Documents/PROYECTO_TURTLEBOT/install/debug_visualizer:/home/jackfeels/Documents/PROYECTO_TURTLEBOT/install/tb3_bringup_custom:/home/jackfeels/Documents/PROYECTO_TURTLEBOT/install/gesture_detector:/home/jackfeels/turtlebot3_ws/install/turtlebot3:/home/jackfeels/turtlebot3_ws/install/turtlebot3_teleop:/home/jackfeels/turtlebot3_ws/install/turtlebot3_bringup:/home/jackfeels/turtlebot3_ws/install/turtlebot3_node:/home/jackfeels/turtlebot3_ws/install/turtlebot3_navigation2:/home/jackfeels/turtlebot3_ws/install/turtlebot3_example:/home/jackfeels/turtlebot3_ws/install/turtlebot3_msgs:/home/jackfeels/turtlebot3_ws/install/turtlebot3_description:/home/jackfeels/turtlebot3_ws/install/turtlebot3_cartographer:/home/jackfeels/turtlebot3_ws/install/dynamixel_sdk_examples:/home/jackfeels/turtlebot3_ws/install/dynamixel_sdk_custom_interfaces:/home/jackfeels/turtlebot3_ws/install/dynamixel_sdk:/opt/ros/humble'), ('SHELL', '/bin/bash'), ('QT_ACCESSIBILITY', '1'), ('GDMSESSION', 'ubuntu'), ('LESSCLOSE', '/usr/bin/lesspipe %s %s'), ('QT_IM_MODULE', 'ibus'), ('PWD', '/home/jackfeels/Documents/PROYECTO_TURTLEBOT/build/tb3_interfaces'), ('TURTLEBOT3_MODEL', 'burger'), ('XDG_CONFIG_DIRS', '/etc/xdg/xdg-ubuntu:/etc/xdg'), ('XDG_DATA_DIRS', '/usr/share/ubuntu:/usr/local/share/:/usr/share/:/var/lib/snapd/desktop'), ('PYTHONPATH', '/home/jackfeels/Documents/PROYECTO_TURTLEBOT/install/target_selector/lib/python3.10/site-packages:/home/jackfeels/Documents/PROYECTO_TURTLEBOT/install/person_tracker/lib/python3.10/site-packages:/home/jackfeels/Documents/PROYECTO_TURTLEBOT/install/follow_controller/lib/python3.10/site-packages:/home/jackfeels/Documents/PROYECTO_TURTLEBOT/install/debug_visualizer/lib/python3.10/site-packages:/home/jackfeels/Documents/PROYECTO_TURTLEBOT/install/tb3_interfaces/local/lib/python3.10/dist-packages:/home/jackfeels/Documents/PROYECTO_TURTLEBOT/install/tb3_bringup_custom/lib/python3.10/site-packages:/home/jackfeels/Documents/PROYECTO_TURTLEBOT/install/gesture_detector/lib/python3.10/site-packages:/home/jackfeels/turtlebot3_ws/install/turtlebot3_teleop/lib/python3.10/site-packages:/home/jackfeels/turtlebot3_ws/install/turtlebot3_example/lib/python3.10/site-packages:/home/jackfeels/turtlebot3_ws/install/turtlebot3_msgs/local/lib/python3.10/dist-packages:/home/jackfeels/turtlebot3_ws/install/dynamixel_sdk_custom_interfaces/local/lib/python3.10/dist-packages:/home/jackfeels/turtlebot3_ws/install/dynamixel_sdk/local/lib/python3.10/dist-packages:/opt/ros/humble/lib/python3.10/site-packages:/opt/ros/humble/local/lib/python3.10/dist-packages'), ('COLCON', '1'), ('VTE_VERSION', '6800'), ('CMAKE_PREFIX_PATH', '/home/jackfeels/Documents/PROYECTO_TURTLEBOT/install/tb3_interfaces:/home/jackfeels/turtlebot3_ws/install/turtlebot3:/home/jackfeels/turtlebot3_ws/install/turtlebot3_bringup:/home/jackfeels/turtlebot3_ws/install/turtlebot3_node:/home/jackfeels/turtlebot3_ws/install/turtlebot3_navigation2:/home/jackfeels/turtlebot3_ws/install/turtlebot3_msgs:/home/jackfeels/turtlebot3_ws/install/turtlebot3_description:/home/jackfeels/turtlebot3_ws/install/turtlebot3_cartographer:/home/jackfeels/turtlebot3_ws/install/dynamixel_sdk_examples:/home/jackfeels/turtlebot3_ws/install/dynamixel_sdk_custom_interfaces:/home/jackfeels/turtlebot3_ws/install/dynamixel_sdk')]), 'shell': False}
[0.299571] (tb3_interfaces) StdoutLine: {'line': b'-- Install configuration: ""\n'}
[0.299664] (-) TimerEvent: {}
[0.303553] (tb3_interfaces) StdoutLine: {'line': b'-- Up-to-date: /home/jackfeels/Documents/PROYECTO_TURTLEBOT/install/tb3_interfaces/share/ament_index/resource_index/rosidl_interfaces/tb3_interfaces\n'}
[0.303691] (tb3_interfaces) StdoutLine: {'line': b'-- Up-to-date: /home/jackfeels/Documents/PROYECTO_TURTLEBOT/install/tb3_interfaces/include/tb3_interfaces/tb3_interfaces\n'}
[0.303775] (tb3_interfaces) StdoutLine: {'line': b'-- Up-to-date: /home/jackfeels/Documents/PROYECTO_TURTLEBOT/install/tb3_interfaces/include/tb3_interfaces/tb3_interfaces/msg\n'}
[0.303854] (tb3_interfaces) StdoutLine: {'line': b'-- Up-to-date: /home/jackfeels/Documents/PROYECTO_TURTLEBOT/install/tb3_interfaces/include/tb3_interfaces/tb3_interfaces/msg/rosidl_generator_c__visibility_control.h\n'}
[0.303890] (tb3_interfaces) StdoutLine: {'line': b'-- Up-to-date: /home/jackfeels/Documents/PROYECTO_TURTLEBOT/install/tb3_interfaces/include/tb3_interfaces/tb3_interfaces/msg/tracked_person_array.h\n'}
[0.303936] (tb3_interfaces) StdoutLine: {'line': b'-- Up-to-date: /home/jackfeels/Documents/PROYECTO_TURTLEBOT/install/tb3_interfaces/include/tb3_interfaces/tb3_interfaces/msg/tracked_person.h\n'}
[0.303982] (tb3_interfaces) StdoutLine: {'line': b'-- Up-to-date: /home/jackfeels/Documents/PROYECTO_TURTLEBOT/install/tb3_interfaces/include/tb3_interfaces/tb3_interfaces/msg/detail\n'}
[0.304034] (tb3_interfaces) StdoutLine: {'line': b'-- Up-to-date: /home/jackfeels/Documents/PROYECTO_TURTLEBOT/install/tb3_interfaces/include/tb3_interfaces/tb3_interfaces/msg/detail/tracked_person_array__functions.h\n'}
[0.304065] (tb3_interfaces) StdoutLine: {'line': b'-- Up-to-date: /home/jackfeels/Documents/PROYECTO_TURTLEBOT/install/tb3_interfaces/include/tb3_interfaces/tb3_interfaces/msg/detail/target_info__functions.c\n'}
[0.304130] (tb3_interfaces) StdoutLine: {'line': b'-- Up-to-date: /home/jackfeels/Documents/PROYECTO_TURTLEBOT/install/tb3_interfaces/include/tb3_interfaces/tb3_interfaces/msg/detail/tracked_person_array__functions.c\n'}
[0.304161] (tb3_interfaces) StdoutLine: {'line': b'-- Up-to-date: /home/jackfeels/Documents/PROYECTO_TURTLEBOT/install/tb3_interfaces/include/tb3_interfaces/tb3_interfaces/msg/detail/tracked_person__functions.h\n'}
[0.304202] (tb3_interfaces) StdoutLine: {'line': b'-- Up-to-date: /home/jackfeels/Documents/PROYECTO_TURTLEBOT/install/tb3_interfaces/include/tb3_interfaces/tb3_interfaces/msg/detail/target_info__functions.h\n'}
[0.304310] (tb3_interfaces) StdoutLine: {'line': b'-- Up-to-date: /home/jackfeels/Documents/PROYECTO_TURTLEBOT/install/tb3_interfaces/include/tb3_interfaces/tb3_interfaces/msg/detail/tracked_person__struct.h\n'}
[0.304526] (tb3_interfaces) StdoutLine: {'line': b'-- Up-to-date: /home/jackfeels/Documents/PROYECTO_TURTLEBOT/install/tb3_interfaces/include/tb3_interfaces/tb3_interfaces/msg/detail/tracked_person__functions.c\n'}
[0.304560] (tb3_interfaces) StdoutLine: {'line': b'-- Up-to-date: /home/jackfeels/Documents/PROYECTO_TURTLEBOT/install/tb3_interfaces/include/tb3_interfaces/tb3_interfaces/msg/detail/tracked_person_array__type_support.h\n'}
[0.304591] (tb3_interfaces) StdoutLine: {'line': b'-- Up-to-date: /home/jackfeels/Documents/PROYECTO_TURTLEBOT/install/tb3_interfaces/include/tb3_interfaces/tb3_interfaces/msg/detail/tracked_person_array__struct.h\n'}
[0.304619] (tb3_interfaces) StdoutLine: {'line': b'-- Up-to-date: /home/jackfeels/Documents/PROYECTO_TURTLEBOT/install/tb3_interfaces/include/tb3_interfaces/tb3_interfaces/msg/detail/target_info__type_support.h\n'}
[0.304647] (tb3_interfaces) StdoutLine: {'line': b'-- Up-to-date: /home/jackfeels/Documents/PROYECTO_TURTLEBOT/install/tb3_interfaces/include/tb3_interfaces/tb3_interfaces/msg/detail/target_info__struct.h\n'}
[0.304676] (tb3_interfaces) StdoutLine: {'line': b'-- Up-to-date: /home/jackfeels/Documents/PROYECTO_TURTLEBOT/install/tb3_interfaces/include/tb3_interfaces/tb3_interfaces/msg/detail/tracked_person__type_support.h\n'}
[0.304709] (tb3_interfaces) StdoutLine: {'line': b'-- Up-to-date: /home/jackfeels/Documents/PROYECTO_TURTLEBOT/install/tb3_interfaces/include/tb3_interfaces/tb3_interfaces/msg/target_info.h\n'}
[0.304738] (tb3_interfaces) StdoutLine: {'line': b'-- Up-to-date: /home/jackfeels/Documents/PROYECTO_TURTLEBOT/install/tb3_interfaces/share/tb3_interfaces/environment/library_path.sh\n'}
[0.304784] (tb3_interfaces) StdoutLine: {'line': b'-- Up-to-date: /home/jackfeels/Documents/PROYECTO_TURTLEBOT/install/tb3_interfaces/share/tb3_interfaces/environment/library_path.dsv\n'}
[0.304814] (tb3_interfaces) StdoutLine: {'line': b'-- Up-to-date: /home/jackfeels/Documents/PROYECTO_TURTLEBOT/install/tb3_interfaces/lib/libtb3_interfaces__rosidl_generator_c.so\n'}
[0.304846] (tb3_interfaces) StdoutLine: {'line': b'-- Up-to-date: /home/jackfeels/Documents/PROYECTO_TURTLEBOT/install/tb3_interfaces/include/tb3_interfaces/tb3_interfaces\n'}
[0.304875] (tb3_interfaces) StdoutLine: {'line': b'-- Up-to-date: /home/jackfeels/Documents/PROYECTO_TURTLEBOT/install/tb3_interfaces/include/tb3_interfaces/tb3_interfaces/msg\n'}
[0.304904] (tb3_interfaces) StdoutLine: {'line': b'-- Up-to-date: /home/jackfeels/Documents/PROYECTO_TURTLEBOT/install/tb3_interfaces/include/tb3_interfaces/tb3_interfaces/msg/rosidl_typesupport_fastrtps_c__visibility_control.h\n'}
[0.304932] (tb3_interfaces) StdoutLine: {'line': b'-- Up-to-date: /home/jackfeels/Documents/PROYECTO_TURTLEBOT/install/tb3_interfaces/include/tb3_interfaces/tb3_interfaces/msg/detail\n'}
[0.304961] (tb3_interfaces) StdoutLine: {'line': b'-- Up-to-date: /home/jackfeels/Documents/PROYECTO_TURTLEBOT/install/tb3_interfaces/include/tb3_interfaces/tb3_interfaces/msg/detail/tracked_person__rosidl_typesupport_fastrtps_c.h\n'}
[0.304989] (tb3_interfaces) StdoutLine: {'line': b'-- Up-to-date: /home/jackfeels/Documents/PROYECTO_TURTLEBOT/install/tb3_interfaces/include/tb3_interfaces/tb3_interfaces/msg/detail/target_info__rosidl_typesupport_fastrtps_c.h\n'}
[0.305018] (tb3_interfaces) StdoutLine: {'line': b'-- Up-to-date: /home/jackfeels/Documents/PROYECTO_TURTLEBOT/install/tb3_interfaces/include/tb3_interfaces/tb3_interfaces/msg/detail/tracked_person_array__rosidl_typesupport_fastrtps_c.h\n'}
[0.305046] (tb3_interfaces) StdoutLine: {'line': b'-- Up-to-date: /home/jackfeels/Documents/PROYECTO_TURTLEBOT/install/tb3_interfaces/lib/libtb3_interfaces__rosidl_typesupport_fastrtps_c.so\n'}
[0.305097] (tb3_interfaces) StdoutLine: {'line': b'-- Up-to-date: /home/jackfeels/Documents/PROYECTO_TURTLEBOT/install/tb3_interfaces/include/tb3_interfaces/tb3_interfaces\n'}
[0.305127] (tb3_interfaces) StdoutLine: {'line': b'-- Up-to-date: /home/jackfeels/Documents/PROYECTO_TURTLEBOT/install/tb3_interfaces/include/tb3_interfaces/tb3_interfaces/msg\n'}
[0.305156] (tb3_interfaces) StdoutLine: {'line': b'-- Up-to-date: /home/jackfeels/Documents/PROYECTO_TURTLEBOT/install/tb3_interfaces/include/tb3_interfaces/tb3_interfaces/msg/detail\n'}
[0.305184] (tb3_interfaces) StdoutLine: {'line': b'-- Up-to-date: /home/jackfeels/Documents/PROYECTO_TURTLEBOT/install/tb3_interfaces/include/tb3_interfaces/tb3_interfaces/msg/detail/tracked_person__rosidl_typesupport_introspection_c.h\n'}
[0.305213] (tb3_interfaces) StdoutLine: {'line': b'-- Up-to-date: /home/jackfeels/Documents/PROYECTO_TURTLEBOT/install/tb3_interfaces/include/tb3_interfaces/tb3_interfaces/msg/detail/tracked_person_array__type_support.c\n'}
[0.305242] (tb3_interfaces) StdoutLine: {'line': b'-- Up-to-date: /home/jackfeels/Documents/PROYECTO_TURTLEBOT/install/tb3_interfaces/include/tb3_interfaces/tb3_interfaces/msg/detail/target_info__rosidl_typesupport_introspection_c.h\n'}
[0.305271] (tb3_interfaces) StdoutLine: {'line': b'-- Up-to-date: /home/jackfeels/Documents/PROYECTO_TURTLEBOT/install/tb3_interfaces/include/tb3_interfaces/tb3_interfaces/msg/detail/tracked_person__type_support.c\n'}
[0.305302] (tb3_interfaces) StdoutLine: {'line': b'-- Up-to-date: /home/jackfeels/Documents/PROYECTO_TURTLEBOT/install/tb3_interfaces/include/tb3_interfaces/tb3_interfaces/msg/detail/target_info__type_support.c\n'}
[0.305330] (tb3_interfaces) StdoutLine: {'line': b'-- Up-to-date: /home/jackfeels/Documents/PROYECTO_TURTLEBOT/install/tb3_interfaces/include/tb3_interfaces/tb3_interfaces/msg/detail/tracked_person_array__rosidl_typesupport_introspection_c.h\n'}
[0.305358] (tb3_interfaces) StdoutLine: {'line': b'-- Up-to-date: /home/jackfeels/Documents/PROYECTO_TURTLEBOT/install/tb3_interfaces/include/tb3_interfaces/tb3_interfaces/msg/rosidl_typesupport_introspection_c__visibility_control.h\n'}
[0.305404] (tb3_interfaces) StdoutLine: {'line': b'-- Up-to-date: /home/jackfeels/Documents/PROYECTO_TURTLEBOT/install/tb3_interfaces/lib/libtb3_interfaces__rosidl_typesupport_introspection_c.so\n'}
[0.305436] (tb3_interfaces) StdoutLine: {'line': b'-- Up-to-date: /home/jackfeels/Documents/PROYECTO_TURTLEBOT/install/tb3_interfaces/lib/libtb3_interfaces__rosidl_typesupport_c.so\n'}
[0.305465] (tb3_interfaces) StdoutLine: {'line': b'-- Up-to-date: /home/jackfeels/Documents/PROYECTO_TURTLEBOT/install/tb3_interfaces/include/tb3_interfaces/tb3_interfaces\n'}
[0.305493] (tb3_interfaces) StdoutLine: {'line': b'-- Up-to-date: /home/jackfeels/Documents/PROYECTO_TURTLEBOT/install/tb3_interfaces/include/tb3_interfaces/tb3_interfaces/msg\n'}
[0.305521] (tb3_interfaces) StdoutLine: {'line': b'-- Up-to-date: /home/jackfeels/Documents/PROYECTO_TURTLEBOT/install/tb3_interfaces/include/tb3_interfaces/tb3_interfaces/msg/tracked_person.hpp\n'}
[0.305553] (tb3_interfaces) StdoutLine: {'line': b'-- Up-to-date: /home/jackfeels/Documents/PROYECTO_TURTLEBOT/install/tb3_interfaces/include/tb3_interfaces/tb3_interfaces/msg/rosidl_generator_cpp__visibility_control.hpp\n'}
[0.305582] (tb3_interfaces) StdoutLine: {'line': b'-- Up-to-date: /home/jackfeels/Documents/PROYECTO_TURTLEBOT/install/tb3_interfaces/include/tb3_interfaces/tb3_interfaces/msg/target_info.hpp\n'}
[0.305610] (tb3_interfaces) StdoutLine: {'line': b'-- Up-to-date: /home/jackfeels/Documents/PROYECTO_TURTLEBOT/install/tb3_interfaces/include/tb3_interfaces/tb3_interfaces/msg/detail\n'}
[0.305648] (tb3_interfaces) StdoutLine: {'line': b'-- Up-to-date: /home/jackfeels/Documents/PROYECTO_TURTLEBOT/install/tb3_interfaces/include/tb3_interfaces/tb3_interfaces/msg/detail/target_info__struct.hpp\n'}
[0.305676] (tb3_interfaces) StdoutLine: {'line': b'-- Up-to-date: /home/jackfeels/Documents/PROYECTO_TURTLEBOT/install/tb3_interfaces/include/tb3_interfaces/tb3_interfaces/msg/detail/tracked_person__builder.hpp\n'}
[0.305704] (tb3_interfaces) StdoutLine: {'line': b'-- Up-to-date: /home/jackfeels/Documents/PROYECTO_TURTLEBOT/install/tb3_interfaces/include/tb3_interfaces/tb3_interfaces/msg/detail/target_info__type_support.hpp\n'}
[0.305732] (tb3_interfaces) StdoutLine: {'line': b'-- Up-to-date: /home/jackfeels/Documents/PROYECTO_TURTLEBOT/install/tb3_interfaces/include/tb3_interfaces/tb3_interfaces/msg/detail/tracked_person_array__type_support.hpp\n'}
[0.305761] (tb3_interfaces) StdoutLine: {'line': b'-- Up-to-date: /home/jackfeels/Documents/PROYECTO_TURTLEBOT/install/tb3_interfaces/include/tb3_interfaces/tb3_interfaces/msg/detail/tracked_person__type_support.hpp\n'}
[0.305789] (tb3_interfaces) StdoutLine: {'line': b'-- Up-to-date: /home/jackfeels/Documents/PROYECTO_TURTLEBOT/install/tb3_interfaces/include/tb3_interfaces/tb3_interfaces/msg/detail/tracked_person__struct.hpp\n'}
[0.305818] (tb3_interfaces) StdoutLine: {'line': b'-- Up-to-date: /home/jackfeels/Documents/PROYECTO_TURTLEBOT/install/tb3_interfaces/include/tb3_interfaces/tb3_interfaces/msg/detail/tracked_person_array__struct.hpp\n'}
[0.305845] (tb3_interfaces) StdoutLine: {'line': b'-- Up-to-date: /home/jackfeels/Documents/PROYECTO_TURTLEBOT/install/tb3_interfaces/include/tb3_interfaces/tb3_interfaces/msg/detail/tracked_person__traits.hpp\n'}
[0.305874] (tb3_interfaces) StdoutLine: {'line': b'-- Up-to-date: /home/jackfeels/Documents/PROYECTO_TURTLEBOT/install/tb3_interfaces/include/tb3_interfaces/tb3_interfaces/msg/detail/target_info__builder.hpp\n'}
[0.305902] (tb3_interfaces) StdoutLine: {'line': b'-- Up-to-date: /home/jackfeels/Documents/PROYECTO_TURTLEBOT/install/tb3_interfaces/include/tb3_interfaces/tb3_interfaces/msg/detail/tracked_person_array__builder.hpp\n'}
[0.305929] (tb3_interfaces) StdoutLine: {'line': b'-- Up-to-date: /home/jackfeels/Documents/PROYECTO_TURTLEBOT/install/tb3_interfaces/include/tb3_interfaces/tb3_interfaces/msg/detail/target_info__traits.hpp\n'}
[0.305956] (tb3_interfaces) StdoutLine: {'line': b'-- Up-to-date: /home/jackfeels/Documents/PROYECTO_TURTLEBOT/install/tb3_interfaces/include/tb3_interfaces/tb3_interfaces/msg/detail/tracked_person_array__traits.hpp\n'}
[0.305984] (tb3_interfaces) StdoutLine: {'line': b'-- Up-to-date: /home/jackfeels/Documents/PROYECTO_TURTLEBOT/install/tb3_interfaces/include/tb3_interfaces/tb3_interfaces/msg/tracked_person_array.hpp\n'}
[0.306014] (tb3_interfaces) StdoutLine: {'line': b'-- Up-to-date: /home/jackfeels/Documents/PROYECTO_TURTLEBOT/install/tb3_interfaces/include/tb3_interfaces/tb3_interfaces\n'}
[0.306047] (tb3_interfaces) StdoutLine: {'line': b'-- Up-to-date: /home/jackfeels/Documents/PROYECTO_TURTLEBOT/install/tb3_interfaces/include/tb3_interfaces/tb3_interfaces/msg\n'}
[0.306075] (tb3_interfaces) StdoutLine: {'line': b'-- Up-to-date: /home/jackfeels/Documents/PROYECTO_TURTLEBOT/install/tb3_interfaces/include/tb3_interfaces/tb3_interfaces/msg/detail\n'}
[0.306103] (tb3_interfaces) StdoutLine: {'line': b'-- Up-to-date: /home/jackfeels/Documents/PROYECTO_TURTLEBOT/install/tb3_interfaces/include/tb3_interfaces/tb3_interfaces/msg/detail/dds_fastrtps\n'}
[0.306130] (tb3_interfaces) StdoutLine: {'line': b'-- Up-to-date: /home/jackfeels/Documents/PROYECTO_TURTLEBOT/install/tb3_interfaces/include/tb3_interfaces/tb3_interfaces/msg/detail/target_info__rosidl_typesupport_fastrtps_cpp.hpp\n'}
[0.306157] (tb3_interfaces) StdoutLine: {'line': b'-- Up-to-date: /home/jackfeels/Documents/PROYECTO_TURTLEBOT/install/tb3_interfaces/include/tb3_interfaces/tb3_interfaces/msg/detail/tracked_person_array__rosidl_typesupport_fastrtps_cpp.hpp\n'}
[0.306185] (tb3_interfaces) StdoutLine: {'line': b'-- Up-to-date: /home/jackfeels/Documents/PROYECTO_TURTLEBOT/install/tb3_interfaces/include/tb3_interfaces/tb3_interfaces/msg/detail/tracked_person__rosidl_typesupport_fastrtps_cpp.hpp\n'}
[0.306212] (tb3_interfaces) StdoutLine: {'line': b'-- Up-to-date: /home/jackfeels/Documents/PROYECTO_TURTLEBOT/install/tb3_interfaces/include/tb3_interfaces/tb3_interfaces/msg/rosidl_typesupport_fastrtps_cpp__visibility_control.h\n'}
[0.306239] (tb3_interfaces) StdoutLine: {'line': b'-- Up-to-date: /home/jackfeels/Documents/PROYECTO_TURTLEBOT/install/tb3_interfaces/lib/libtb3_interfaces__rosidl_typesupport_fastrtps_cpp.so\n'}
[0.306266] (tb3_interfaces) StdoutLine: {'line': b'-- Up-to-date: /home/jackfeels/Documents/PROYECTO_TURTLEBOT/install/tb3_interfaces/include/tb3_interfaces/tb3_interfaces\n'}
[0.306296] (tb3_interfaces) StdoutLine: {'line': b'-- Up-to-date: /home/jackfeels/Documents/PROYECTO_TURTLEBOT/install/tb3_interfaces/include/tb3_interfaces/tb3_interfaces/msg\n'}
[0.306324] (tb3_interfaces) StdoutLine: {'line': b'-- Up-to-date: /home/jackfeels/Documents/PROYECTO_TURTLEBOT/install/tb3_interfaces/include/tb3_interfaces/tb3_interfaces/msg/detail\n'}
[0.306351] (tb3_interfaces) StdoutLine: {'line': b'-- Up-to-date: /home/jackfeels/Documents/PROYECTO_TURTLEBOT/install/tb3_interfaces/include/tb3_interfaces/tb3_interfaces/msg/detail/tracked_person__rosidl_typesupport_introspection_cpp.hpp\n'}
[0.306379] (tb3_interfaces) StdoutLine: {'line': b'-- Up-to-date: /home/jackfeels/Documents/PROYECTO_TURTLEBOT/install/tb3_interfaces/include/tb3_interfaces/tb3_interfaces/msg/detail/tracked_person__type_support.cpp\n'}
[0.306406] (tb3_interfaces) StdoutLine: {'line': b'-- Up-to-date: /home/jackfeels/Documents/PROYECTO_TURTLEBOT/install/tb3_interfaces/include/tb3_interfaces/tb3_interfaces/msg/detail/target_info__rosidl_typesupport_introspection_cpp.hpp\n'}
[0.306433] (tb3_interfaces) StdoutLine: {'line': b'-- Up-to-date: /home/jackfeels/Documents/PROYECTO_TURTLEBOT/install/tb3_interfaces/include/tb3_interfaces/tb3_interfaces/msg/detail/target_info__type_support.cpp\n'}
[0.306460] (tb3_interfaces) StdoutLine: {'line': b'-- Up-to-date: /home/jackfeels/Documents/PROYECTO_TURTLEBOT/install/tb3_interfaces/include/tb3_interfaces/tb3_interfaces/msg/detail/tracked_person_array__type_support.cpp\n'}
[0.306488] (tb3_interfaces) StdoutLine: {'line': b'-- Up-to-date: /home/jackfeels/Documents/PROYECTO_TURTLEBOT/install/tb3_interfaces/include/tb3_interfaces/tb3_interfaces/msg/detail/tracked_person_array__rosidl_typesupport_introspection_cpp.hpp\n'}
[0.306515] (tb3_interfaces) StdoutLine: {'line': b'-- Up-to-date: /home/jackfeels/Documents/PROYECTO_TURTLEBOT/install/tb3_interfaces/lib/libtb3_interfaces__rosidl_typesupport_introspection_cpp.so\n'}
[0.306545] (tb3_interfaces) StdoutLine: {'line': b'-- Up-to-date: /home/jackfeels/Documents/PROYECTO_TURTLEBOT/install/tb3_interfaces/lib/libtb3_interfaces__rosidl_typesupport_cpp.so\n'}
[0.306574] (tb3_interfaces) StdoutLine: {'line': b'-- Up-to-date: /home/jackfeels/Documents/PROYECTO_TURTLEBOT/install/tb3_interfaces/share/tb3_interfaces/environment/pythonpath.sh\n'}
[0.306601] (tb3_interfaces) StdoutLine: {'line': b'-- Up-to-date: /home/jackfeels/Documents/PROYECTO_TURTLEBOT/install/tb3_interfaces/share/tb3_interfaces/environment/pythonpath.dsv\n'}
[0.306628] (tb3_interfaces) StdoutLine: {'line': b'-- Up-to-date: /home/jackfeels/Documents/PROYECTO_TURTLEBOT/install/tb3_interfaces/local/lib/python3.10/dist-packages/tb3_interfaces-0.0.1-py3.10.egg-info\n'}
[0.306656] (tb3_interfaces) StdoutLine: {'line': b'-- Installing: /home/jackfeels/Documents/PROYECTO_TURTLEBOT/install/tb3_interfaces/local/lib/python3.10/dist-packages/tb3_interfaces-0.0.1-py3.10.egg-info/dependency_links.txt\n'}
[0.306684] (tb3_interfaces) StdoutLine: {'line': b'-- Installing: /home/jackfeels/Documents/PROYECTO_TURTLEBOT/install/tb3_interfaces/local/lib/python3.10/dist-packages/tb3_interfaces-0.0.1-py3.10.egg-info/top_level.txt\n'}
[0.306711] (tb3_interfaces) StdoutLine: {'line': b'-- Installing: /home/jackfeels/Documents/PROYECTO_TURTLEBOT/install/tb3_interfaces/local/lib/python3.10/dist-packages/tb3_interfaces-0.0.1-py3.10.egg-info/PKG-INFO\n'}
[0.306740] (tb3_interfaces) StdoutLine: {'line': b'-- Installing: /home/jackfeels/Documents/PROYECTO_TURTLEBOT/install/tb3_interfaces/local/lib/python3.10/dist-packages/tb3_interfaces-0.0.1-py3.10.egg-info/SOURCES.txt\n'}
[0.306767] (tb3_interfaces) StdoutLine: {'line': b'-- Up-to-date: /home/jackfeels/Documents/PROYECTO_TURTLEBOT/install/tb3_interfaces/local/lib/python3.10/dist-packages/tb3_interfaces\n'}
[0.306795] (tb3_interfaces) StdoutLine: {'line': b'-- Up-to-date: /home/jackfeels/Documents/PROYECTO_TURTLEBOT/install/tb3_interfaces/local/lib/python3.10/dist-packages/tb3_interfaces/msg\n'}
[0.306822] (tb3_interfaces) StdoutLine: {'line': b'-- Up-to-date: /home/jackfeels/Documents/PROYECTO_TURTLEBOT/install/tb3_interfaces/local/lib/python3.10/dist-packages/tb3_interfaces/msg/_target_info_s.c\n'}
[0.306850] (tb3_interfaces) StdoutLine: {'line': b'-- Up-to-date: /home/jackfeels/Documents/PROYECTO_TURTLEBOT/install/tb3_interfaces/local/lib/python3.10/dist-packages/tb3_interfaces/msg/_target_info.py\n'}
[0.306877] (tb3_interfaces) StdoutLine: {'line': b'-- Up-to-date: /home/jackfeels/Documents/PROYECTO_TURTLEBOT/install/tb3_interfaces/local/lib/python3.10/dist-packages/tb3_interfaces/msg/_tracked_person_array_s.c\n'}
[0.306904] (tb3_interfaces) StdoutLine: {'line': b'-- Up-to-date: /home/jackfeels/Documents/PROYECTO_TURTLEBOT/install/tb3_interfaces/local/lib/python3.10/dist-packages/tb3_interfaces/msg/_tracked_person_array.py\n'}
[0.306931] (tb3_interfaces) StdoutLine: {'line': b'-- Up-to-date: /home/jackfeels/Documents/PROYECTO_TURTLEBOT/install/tb3_interfaces/local/lib/python3.10/dist-packages/tb3_interfaces/msg/__init__.py\n'}
[0.306957] (tb3_interfaces) StdoutLine: {'line': b'-- Up-to-date: /home/jackfeels/Documents/PROYECTO_TURTLEBOT/install/tb3_interfaces/local/lib/python3.10/dist-packages/tb3_interfaces/msg/_tracked_person_s.c\n'}
[0.306985] (tb3_interfaces) StdoutLine: {'line': b'-- Up-to-date: /home/jackfeels/Documents/PROYECTO_TURTLEBOT/install/tb3_interfaces/local/lib/python3.10/dist-packages/tb3_interfaces/msg/_tracked_person.py\n'}
[0.307017] (tb3_interfaces) StdoutLine: {'line': b'-- Up-to-date: /home/jackfeels/Documents/PROYECTO_TURTLEBOT/install/tb3_interfaces/local/lib/python3.10/dist-packages/tb3_interfaces/_tb3_interfaces_s.ep.rosidl_typesupport_fastrtps_c.c\n'}
[0.307044] (tb3_interfaces) StdoutLine: {'line': b'-- Up-to-date: /home/jackfeels/Documents/PROYECTO_TURTLEBOT/install/tb3_interfaces/local/lib/python3.10/dist-packages/tb3_interfaces/libtb3_interfaces__rosidl_generator_py.so\n'}
[0.307071] (tb3_interfaces) StdoutLine: {'line': b'-- Up-to-date: /home/jackfeels/Documents/PROYECTO_TURTLEBOT/install/tb3_interfaces/local/lib/python3.10/dist-packages/tb3_interfaces/_tb3_interfaces_s.ep.rosidl_typesupport_introspection_c.c\n'}
[0.307100] (tb3_interfaces) StdoutLine: {'line': b'-- Up-to-date: /home/jackfeels/Documents/PROYECTO_TURTLEBOT/install/tb3_interfaces/local/lib/python3.10/dist-packages/tb3_interfaces/tb3_interfaces_s__rosidl_typesupport_c.cpython-310-aarch64-linux-gnu.so\n'}
[0.307178] (tb3_interfaces) StdoutLine: {'line': b'-- Up-to-date: /home/jackfeels/Documents/PROYECTO_TURTLEBOT/install/tb3_interfaces/local/lib/python3.10/dist-packages/tb3_interfaces/tb3_interfaces_s__rosidl_typesupport_fastrtps_c.cpython-310-aarch64-linux-gnu.so\n'}
[0.311300] (tb3_interfaces) StdoutLine: {'line': b'-- Up-to-date: /home/jackfeels/Documents/PROYECTO_TURTLEBOT/install/tb3_interfaces/local/lib/python3.10/dist-packages/tb3_interfaces/__init__.py\n'}
[0.311335] (tb3_interfaces) StdoutLine: {'line': b'-- Up-to-date: /home/jackfeels/Documents/PROYECTO_TURTLEBOT/install/tb3_interfaces/local/lib/python3.10/dist-packages/tb3_interfaces/tb3_interfaces_s__rosidl_typesupport_introspection_c.cpython-310-aarch64-linux-gnu.so\n'}
[0.311368] (tb3_interfaces) StdoutLine: {'line': b'-- Up-to-date: /home/jackfeels/Documents/PROYECTO_TURTLEBOT/install/tb3_interfaces/local/lib/python3.10/dist-packages/tb3_interfaces/_tb3_interfaces_s.ep.rosidl_typesupport_c.c\n'}
[0.324115] (tb3_interfaces) StdoutLine: {'line': b"Listing '/home/jackfeels/Documents/PROYECTO_TURTLEBOT/install/tb3_interfaces/local/lib/python3.10/dist-packages/tb3_interfaces'...\n"}
[0.324202] (tb3_interfaces) StdoutLine: {'line': b"Listing '/home/jackfeels/Documents/PROYECTO_TURTLEBOT/install/tb3_interfaces/local/lib/python3.10/dist-packages/tb3_interfaces/msg'...\n"}
[0.327232] (tb3_interfaces) StdoutLine: {'line': b'-- Up-to-date: /home/jackfeels/Documents/PROYECTO_TURTLEBOT/install/tb3_interfaces/local/lib/python3.10/dist-packages/tb3_interfaces/tb3_interfaces_s__rosidl_typesupport_fastrtps_c.cpython-310-aarch64-linux-gnu.so\n'}
[0.327415] (tb3_interfaces) StdoutLine: {'line': b'-- Up-to-date: /home/jackfeels/Documents/PROYECTO_TURTLEBOT/install/tb3_interfaces/local/lib/python3.10/dist-packages/tb3_interfaces/tb3_interfaces_s__rosidl_typesupport_introspection_c.cpython-310-aarch64-linux-gnu.so\n'}
[0.327567] (tb3_interfaces) StdoutLine: {'line': b'-- Up-to-date: /home/jackfeels/Documents/PROYECTO_TURTLEBOT/install/tb3_interfaces/local/lib/python3.10/dist-packages/tb3_interfaces/tb3_interfaces_s__rosidl_typesupport_c.cpython-310-aarch64-linux-gnu.so\n'}
[0.327714] (tb3_interfaces) StdoutLine: {'line': b'-- Up-to-date: /home/jackfeels/Documents/PROYECTO_TURTLEBOT/install/tb3_interfaces/lib/libtb3_interfaces__rosidl_generator_py.so\n'}
[0.327824] (tb3_interfaces) StdoutLine: {'line': b'-- Up-to-date: /home/jackfeels/Documents/PROYECTO_TURTLEBOT/install/tb3_interfaces/share/ament_index/resource_index/rust_packages/tb3_interfaces\n'}
[0.327918] (tb3_interfaces) StdoutLine: {'line': b'-- Up-to-date: /home/jackfeels/Documents/PROYECTO_TURTLEBOT/install/tb3_interfaces/share/tb3_interfaces/rust\n'}
[0.327995] (tb3_interfaces) StdoutLine: {'line': b'-- Up-to-date: /home/jackfeels/Documents/PROYECTO_TURTLEBOT/install/tb3_interfaces/share/tb3_interfaces/rust/Cargo.toml\n'}
[0.328095] (tb3_interfaces) StdoutLine: {'line': b'-- Up-to-date: /home/jackfeels/Documents/PROYECTO_TURTLEBOT/install/tb3_interfaces/share/tb3_interfaces/rust/build.rs\n'}
[0.328147] (tb3_interfaces) StdoutLine: {'line': b'-- Up-to-date: /home/jackfeels/Documents/PROYECTO_TURTLEBOT/install/tb3_interfaces/share/tb3_interfaces/rust/src\n'}
[0.328184] (tb3_interfaces) StdoutLine: {'line': b'-- Up-to-date: /home/jackfeels/Documents/PROYECTO_TURTLEBOT/install/tb3_interfaces/share/tb3_interfaces/rust/src/msg\n'}
[0.328263] (tb3_interfaces) StdoutLine: {'line': b'-- Up-to-date: /home/jackfeels/Documents/PROYECTO_TURTLEBOT/install/tb3_interfaces/share/tb3_interfaces/rust/src/msg/rmw.rs\n'}
[0.328299] (tb3_interfaces) StdoutLine: {'line': b'-- Up-to-date: /home/jackfeels/Documents/PROYECTO_TURTLEBOT/install/tb3_interfaces/share/tb3_interfaces/rust/src/lib.rs\n'}
[0.328360] (tb3_interfaces) StdoutLine: {'line': b'-- Up-to-date: /home/jackfeels/Documents/PROYECTO_TURTLEBOT/install/tb3_interfaces/share/tb3_interfaces/rust/src/msg.rs\n'}
[0.328421] (tb3_interfaces) StdoutLine: {'line': b'-- Up-to-date: /home/jackfeels/Documents/PROYECTO_TURTLEBOT/install/tb3_interfaces/share/tb3_interfaces/msg/TrackedPerson.idl\n'}
[0.328463] (tb3_interfaces) StdoutLine: {'line': b'-- Up-to-date: /home/jackfeels/Documents/PROYECTO_TURTLEBOT/install/tb3_interfaces/share/tb3_interfaces/msg/TrackedPersonArray.idl\n'}
[0.328524] (tb3_interfaces) StdoutLine: {'line': b'-- Up-to-date: /home/jackfeels/Documents/PROYECTO_TURTLEBOT/install/tb3_interfaces/share/tb3_interfaces/msg/TargetInfo.idl\n'}
[0.328565] (tb3_interfaces) StdoutLine: {'line': b'-- Up-to-date: /home/jackfeels/Documents/PROYECTO_TURTLEBOT/install/tb3_interfaces/share/tb3_interfaces/msg/TrackedPerson.msg\n'}
[0.328631] (tb3_interfaces) StdoutLine: {'line': b'-- Up-to-date: /home/jackfeels/Documents/PROYECTO_TURTLEBOT/install/tb3_interfaces/share/tb3_interfaces/msg/TrackedPersonArray.msg\n'}
[0.328707] (tb3_interfaces) StdoutLine: {'line': b'-- Up-to-date: /home/jackfeels/Documents/PROYECTO_TURTLEBOT/install/tb3_interfaces/share/tb3_interfaces/msg/TargetInfo.msg\n'}
[0.328754] (tb3_interfaces) StdoutLine: {'line': b'-- Up-to-date: /home/jackfeels/Documents/PROYECTO_TURTLEBOT/install/tb3_interfaces/share/ament_index/resource_index/package_run_dependencies/tb3_interfaces\n'}
[0.328791] (tb3_interfaces) StdoutLine: {'line': b'-- Up-to-date: /home/jackfeels/Documents/PROYECTO_TURTLEBOT/install/tb3_interfaces/share/ament_index/resource_index/parent_prefix_path/tb3_interfaces\n'}
[0.328828] (tb3_interfaces) StdoutLine: {'line': b'-- Up-to-date: /home/jackfeels/Documents/PROYECTO_TURTLEBOT/install/tb3_interfaces/share/tb3_interfaces/environment/ament_prefix_path.sh\n'}
[0.328863] (tb3_interfaces) StdoutLine: {'line': b'-- Up-to-date: /home/jackfeels/Documents/PROYECTO_TURTLEBOT/install/tb3_interfaces/share/tb3_interfaces/environment/ament_prefix_path.dsv\n'}
[0.328899] (tb3_interfaces) StdoutLine: {'line': b'-- Up-to-date: /home/jackfeels/Documents/PROYECTO_TURTLEBOT/install/tb3_interfaces/share/tb3_interfaces/environment/path.sh\n'}
[0.331243] (tb3_interfaces) StdoutLine: {'line': b'-- Up-to-date: /home/jackfeels/Documents/PROYECTO_TURTLEBOT/install/tb3_interfaces/share/tb3_interfaces/environment/path.dsv\n'}
[0.331323] (tb3_interfaces) StdoutLine: {'line': b'-- Up-to-date: /home/jackfeels/Documents/PROYECTO_TURTLEBOT/install/tb3_interfaces/share/tb3_interfaces/local_setup.bash\n'}
[0.331355] (tb3_interfaces) StdoutLine: {'line': b'-- Up-to-date: /home/jackfeels/Documents/PROYECTO_TURTLEBOT/install/tb3_interfaces/share/tb3_interfaces/local_setup.sh\n'}
[0.331393] (tb3_interfaces) StdoutLine: {'line': b'-- Up-to-date: /home/jackfeels/Documents/PROYECTO_TURTLEBOT/install/tb3_interfaces/share/tb3_interfaces/local_setup.zsh\n'}
[0.335323] (tb3_interfaces) StdoutLine: {'line': b'-- Up-to-date: /home/jackfeels/Documents/PROYECTO_TURTLEBOT/install/tb3_interfaces/share/tb3_interfaces/local_setup.dsv\n'}
[0.335366] (tb3_interfaces) StdoutLine: {'line': b'-- Installing: /home/jackfeels/Documents/PROYECTO_TURTLEBOT/install/tb3_interfaces/share/tb3_interfaces/package.dsv\n'}
[0.335396] (tb3_interfaces) StdoutLine: {'line': b'-- Up-to-date: /home/jackfeels/Documents/PROYECTO_TURTLEBOT/install/tb3_interfaces/share/ament_index/resource_index/packages/tb3_interfaces\n'}
[0.335426] (tb3_interfaces) StdoutLine: {'line': b'-- Up-to-date: /home/jackfeels/Documents/PROYECTO_TURTLEBOT/install/tb3_interfaces/share/tb3_interfaces/cmake/export_tb3_interfaces__rosidl_generator_cExport.cmake\n'}
[0.335458] (tb3_interfaces) StdoutLine: {'line': b'-- Up-to-date: /home/jackfeels/Documents/PROYECTO_TURTLEBOT/install/tb3_interfaces/share/tb3_interfaces/cmake/export_tb3_interfaces__rosidl_generator_cExport-noconfig.cmake\n'}
[0.335487] (tb3_interfaces) StdoutLine: {'line': b'-- Up-to-date: /home/jackfeels/Documents/PROYECTO_TURTLEBOT/install/tb3_interfaces/share/tb3_interfaces/cmake/export_tb3_interfaces__rosidl_typesupport_fastrtps_cExport.cmake\n'}
[0.335517] (tb3_interfaces) StdoutLine: {'line': b'-- Up-to-date: /home/jackfeels/Documents/PROYECTO_TURTLEBOT/install/tb3_interfaces/share/tb3_interfaces/cmake/export_tb3_interfaces__rosidl_typesupport_fastrtps_cExport-noconfig.cmake\n'}
[0.335579] (tb3_interfaces) StdoutLine: {'line': b'-- Up-to-date: /home/jackfeels/Documents/PROYECTO_TURTLEBOT/install/tb3_interfaces/share/tb3_interfaces/cmake/tb3_interfaces__rosidl_typesupport_introspection_cExport.cmake\n'}
[0.335685] (tb3_interfaces) StdoutLine: {'line': b'-- Up-to-date: /home/jackfeels/Documents/PROYECTO_TURTLEBOT/install/tb3_interfaces/share/tb3_interfaces/cmake/tb3_interfaces__rosidl_typesupport_introspection_cExport-noconfig.cmake\n'}
[0.335723] (tb3_interfaces) StdoutLine: {'line': b'-- Up-to-date: /home/jackfeels/Documents/PROYECTO_TURTLEBOT/install/tb3_interfaces/share/tb3_interfaces/cmake/tb3_interfaces__rosidl_typesupport_cExport.cmake\n'}
[0.335756] (tb3_interfaces) StdoutLine: {'line': b'-- Up-to-date: /home/jackfeels/Documents/PROYECTO_TURTLEBOT/install/tb3_interfaces/share/tb3_interfaces/cmake/tb3_interfaces__rosidl_typesupport_cExport-noconfig.cmake\n'}
[0.335787] (tb3_interfaces) StdoutLine: {'line': b'-- Up-to-date: /home/jackfeels/Documents/PROYECTO_TURTLEBOT/install/tb3_interfaces/share/tb3_interfaces/cmake/export_tb3_interfaces__rosidl_generator_cppExport.cmake\n'}
[0.335817] (tb3_interfaces) StdoutLine: {'line': b'-- Up-to-date: /home/jackfeels/Documents/PROYECTO_TURTLEBOT/install/tb3_interfaces/share/tb3_interfaces/cmake/export_tb3_interfaces__rosidl_typesupport_fastrtps_cppExport.cmake\n'}
[0.335848] (tb3_interfaces) StdoutLine: {'line': b'-- Up-to-date: /home/jackfeels/Documents/PROYECTO_TURTLEBOT/install/tb3_interfaces/share/tb3_interfaces/cmake/export_tb3_interfaces__rosidl_typesupport_fastrtps_cppExport-noconfig.cmake\n'}
[0.335877] (tb3_interfaces) StdoutLine: {'line': b'-- Up-to-date: /home/jackfeels/Documents/PROYECTO_TURTLEBOT/install/tb3_interfaces/share/tb3_interfaces/cmake/tb3_interfaces__rosidl_typesupport_introspection_cppExport.cmake\n'}
[0.335910] (tb3_interfaces) StdoutLine: {'line': b'-- Up-to-date: /home/jackfeels/Documents/PROYECTO_TURTLEBOT/install/tb3_interfaces/share/tb3_interfaces/cmake/tb3_interfaces__rosidl_typesupport_introspection_cppExport-noconfig.cmake\n'}
[0.335956] (tb3_interfaces) StdoutLine: {'line': b'-- Up-to-date: /home/jackfeels/Documents/PROYECTO_TURTLEBOT/install/tb3_interfaces/share/tb3_interfaces/cmake/tb3_interfaces__rosidl_typesupport_cppExport.cmake\n'}
[0.335988] (tb3_interfaces) StdoutLine: {'line': b'-- Up-to-date: /home/jackfeels/Documents/PROYECTO_TURTLEBOT/install/tb3_interfaces/share/tb3_interfaces/cmake/tb3_interfaces__rosidl_typesupport_cppExport-noconfig.cmake\n'}
[0.336017] (tb3_interfaces) StdoutLine: {'line': b'-- Up-to-date: /home/jackfeels/Documents/PROYECTO_TURTLEBOT/install/tb3_interfaces/share/tb3_interfaces/cmake/export_tb3_interfaces__rosidl_generator_pyExport.cmake\n'}
[0.336049] (tb3_interfaces) StdoutLine: {'line': b'-- Up-to-date: /home/jackfeels/Documents/PROYECTO_TURTLEBOT/install/tb3_interfaces/share/tb3_interfaces/cmake/export_tb3_interfaces__rosidl_generator_pyExport-noconfig.cmake\n'}
[0.336078] (tb3_interfaces) StdoutLine: {'line': b'-- Up-to-date: /home/jackfeels/Documents/PROYECTO_TURTLEBOT/install/tb3_interfaces/share/tb3_interfaces/cmake/rosidl_cmake-extras.cmake\n'}
[0.336109] (tb3_interfaces) StdoutLine: {'line': b'-- Up-to-date: /home/jackfeels/Documents/PROYECTO_TURTLEBOT/install/tb3_interfaces/share/tb3_interfaces/cmake/ament_cmake_export_include_directories-extras.cmake\n'}
[0.336138] (tb3_interfaces) StdoutLine: {'line': b'-- Up-to-date: /home/jackfeels/Documents/PROYECTO_TURTLEBOT/install/tb3_interfaces/share/tb3_interfaces/cmake/ament_cmake_export_libraries-extras.cmake\n'}
[0.336168] (tb3_interfaces) StdoutLine: {'line': b'-- Up-to-date: /home/jackfeels/Documents/PROYECTO_TURTLEBOT/install/tb3_interfaces/share/tb3_interfaces/cmake/ament_cmake_export_targets-extras.cmake\n'}
[0.336200] (tb3_interfaces) StdoutLine: {'line': b'-- Up-to-date: /home/jackfeels/Documents/PROYECTO_TURTLEBOT/install/tb3_interfaces/share/tb3_interfaces/cmake/rosidl_cmake_export_typesupport_targets-extras.cmake\n'}
[0.336230] (tb3_interfaces) StdoutLine: {'line': b'-- Up-to-date: /home/jackfeels/Documents/PROYECTO_TURTLEBOT/install/tb3_interfaces/share/tb3_interfaces/cmake/ament_cmake_export_dependencies-extras.cmake\n'}
[0.336262] (tb3_interfaces) StdoutLine: {'line': b'-- Up-to-date: /home/jackfeels/Documents/PROYECTO_TURTLEBOT/install/tb3_interfaces/share/tb3_interfaces/cmake/rosidl_cmake_export_typesupport_libraries-extras.cmake\n'}
[0.336295] (tb3_interfaces) StdoutLine: {'line': b'-- Up-to-date: /home/jackfeels/Documents/PROYECTO_TURTLEBOT/install/tb3_interfaces/share/tb3_interfaces/cmake/tb3_interfacesConfig.cmake\n'}
[0.336329] (tb3_interfaces) StdoutLine: {'line': b'-- Up-to-date: /home/jackfeels/Documents/PROYECTO_TURTLEBOT/install/tb3_interfaces/share/tb3_interfaces/cmake/tb3_interfacesConfig-version.cmake\n'}
[0.336359] (tb3_interfaces) StdoutLine: {'line': b'-- Up-to-date: /home/jackfeels/Documents/PROYECTO_TURTLEBOT/install/tb3_interfaces/share/tb3_interfaces/package.xml\n'}
[0.336392] (tb3_interfaces) CommandEnded: {'returncode': 0}
[0.344486] (tb3_interfaces) JobEnded: {'identifier': 'tb3_interfaces', 'rc': 0}
[0.344789] (debug_visualizer) JobStarted: {'identifier': 'debug_visualizer'}
[0.354850] (follow_controller) JobStarted: {'identifier': 'follow_controller'}
[0.399774] (-) TimerEvent: {}
[0.500045] (-) TimerEvent: {}
[0.600401] (-) TimerEvent: {}
[0.630483] (gesture_detector) Command: {'cmd': ['/usr/bin/python3', '-W', 'ignore:setup.py install is deprecated', '-W', 'ignore:easy_install command is deprecated', 'setup.py', 'egg_info', '--egg-base', '../../build/gesture_detector', 'build', '--build-base', '/home/jackfeels/Documents/PROYECTO_TURTLEBOT/build/gesture_detector/build', 'install', '--record', '/home/jackfeels/Documents/PROYECTO_TURTLEBOT/build/gesture_detector/install.log', '--single-version-externally-managed', 'install_data'], 'cwd': '/home/jackfeels/Documents/PROYECTO_TURTLEBOT/src/gesture_detector', 'env': {'LESSOPEN': '| /usr/bin/lesspipe %s', 'USER': 'jackfeels', 'ROS_PACKAGE_PATH': '/home/jackfeels/Documents/PROYECTO_TURTLEBOT/install/tb3_interfaces/share', 'XDG_SESSION_TYPE': 'wayland', 'SHLVL': '1', 'LD_LIBRARY_PATH': '/home/jackfeels/Documents/PROYECTO_TURTLEBOT/install/tb3_interfaces/lib:/home/jackfeels/turtlebot3_ws/install/turtlebot3_msgs/lib:/home/jackfeels/turtlebot3_ws/install/dynamixel_sdk_custom_interfaces/lib:/home/jackfeels/turtlebot3_ws/install/dynamixel_sdk/lib:/opt/ros/humble/opt/rviz_ogre_vendor/lib:/opt/ros/humble/lib/aarch64-linux-gnu:/opt/ros/humble/lib', 'HOME': '/home/jackfeels', 'OLDPWD': '/home/jackfeels', 'DESKTOP_SESSION': 'ubuntu', 'ROS_PYTHON_VERSION': '3', 'GNOME_SHELL_SESSION_MODE': 'ubuntu', 'GTK_MODULES': 'gail:atk-bridge', 'SYSTEMD_EXEC_PID': '2104', 'DBUS_SESSION_BUS_ADDRESS': 'unix:path=/run/user/1000/bus', 'COLORTERM': 'truecolor', 'IM_CONFIG_PHASE': '1', 'WAYLAND_DISPLAY': 'wayland-0', 'COLCON_PREFIX_PATH': '/home/jackfeels/Documents/PROYECTO_TURTLEBOT/install:/home/jackfeels/turtlebot3_ws/install', 'ROS_DISTRO': 'humble', 'LOGNAME': 'jackfeels', '_': '/usr/bin/colcon', 'ROS_VERSION': '2', 'PKG_CONFIG_PATH': '/home/jackfeels/Documents/PROYECTO_TURTLEBOT/install/tb3_interfaces/lib/aarch64-linux-gnu/pkgconfig:/home/jackfeels/Documents/PROYECTO_TURTLEBOT/install/tb3_interfaces/lib/pkgconfig', 'XDG_SESSION_CLASS': 'user', 'USERNAME': 'jackfeels', 'TERM': 'xterm-256color', 'GNOME_DESKTOP_SESSION_ID': 'this-is-deprecated', 'ROS_LOCALHOST_ONLY': '0', 'PATH': '/home/jackfeels/.local/bin:/home/jackfeels/.local/bin:/opt/ros/humble/bin:/home/jackfeels/.local/bin:/usr/local/sbin:/usr/local/bin:/usr/sbin:/usr/bin:/sbin:/bin:/usr/games:/usr/local/games:/snap/bin:/snap/bin', 'SESSION_MANAGER': 'local/jackfeels:@/tmp/.ICE-unix/2080,unix/jackfeels:/tmp/.ICE-unix/2080', 'XDG_MENU_PREFIX': 'gnome-', 'GNOME_TERMINAL_SCREEN': '/org/gnome/Terminal/screen/a9dbc2d1_c8c8_4e38_875a_9df3ed386733', 'GNOME_SETUP_DISPLAY': ':1', 'XDG_RUNTIME_DIR': '/run/user/1000', 'DISPLAY': ':0', 'LANG': 'en_US.UTF-8', 'XDG_CURRENT_DESKTOP': 'ubuntu:GNOME', 'XMODIFIERS': '@im=ibus', 'XDG_SESSION_DESKTOP': 'ubuntu', 'XAUTHORITY': '/run/user/1000/.mutter-Xwaylandauth.S7KGN3', 'LS_COLORS': 'rs=0:di=01;34:ln=01;36:mh=00:pi=40;33:so=01;35:do=01;35:bd=40;33;01:cd=40;33;01:or=40;31;01:mi=00:su=37;41:sg=30;43:ca=30;41:tw=30;42:ow=34;42:st=37;44:ex=01;32:*.tar=01;31:*.tgz=01;31:*.arc=01;31:*.arj=01;31:*.taz=01;31:*.lha=01;31:*.lz4=01;31:*.lzh=01;31:*.lzma=01;31:*.tlz=01;31:*.txz=01;31:*.tzo=01;31:*.t7z=01;31:*.zip=01;31:*.z=01;31:*.dz=01;31:*.gz=01;31:*.lrz=01;31:*.lz=01;31:*.lzo=01;31:*.xz=01;31:*.zst=01;31:*.tzst=01;31:*.bz2=01;31:*.bz=01;31:*.tbz=01;31:*.tbz2=01;31:*.tz=01;31:*.deb=01;31:*.rpm=01;31:*.jar=01;31:*.war=01;31:*.ear=01;31:*.sar=01;31:*.rar=01;31:*.alz=01;31:*.ace=01;31:*.zoo=01;31:*.cpio=01;31:*.7z=01;31:*.rz=01;31:*.cab=01;31:*.wim=01;31:*.swm=01;31:*.dwm=01;31:*.esd=01;31:*.jpg=01;35:*.jpeg=01;35:*.mjpg=01;35:*.mjpeg=01;35:*.gif=01;35:*.bmp=01;35:*.pbm=01;35:*.pgm=01;35:*.ppm=01;35:*.tga=01;35:*.xbm=01;35:*.xpm=01;35:*.tif=01;35:*.tiff=01;35:*.png=01;35:*.svg=01;35:*.svgz=01;35:*.mng=01;35:*.pcx=01;35:*.mov=01;35:*.mpg=01;35:*.mpeg=01;35:*.m2v=01;35:*.mkv=01;35:*.webm=01;35:*.webp=01;35:*.ogm=01;35:*.mp4=01;35:*.m4v=01;35:*.mp4v=01;35:*.vob=01;35:*.qt=01;35:*.nuv=01;35:*.wmv=01;35:*.asf=01;35:*.rm=01;35:*.rmvb=01;35:*.flc=01;35:*.avi=01;35:*.fli=01;35:*.flv=01;35:*.gl=01;35:*.dl=01;35:*.xcf=01;35:*.xwd=01;35:*.yuv=01;35:*.cgm=01;35:*.emf=01;35:*.ogv=01;35:*.ogx=01;35:*.aac=00;36:*.au=00;36:*.flac=00;36:*.m4a=00;36:*.mid=00;36:*.midi=00;36:*.mka=00;36:*.mp3=00;36:*.mpc=00;36:*.ogg=00;36:*.ra=00;36:*.wav=00;36:*.oga=00;36:*.opus=00;36:*.spx=00;36:*.xspf=00;36:', 'GNOME_TERMINAL_SERVICE': ':1.119', 'SSH_AGENT_LAUNCHER': 'gnome-keyring', 'SSH_AUTH_SOCK': '/run/user/1000/keyring/ssh', 'ROS_DOMAIN_ID': '30', 'AMENT_PREFIX_PATH': '/home/jackfeels/Documents/PROYECTO_TURTLEBOT/install/target_selector:/home/jackfeels/Documents/PROYECTO_TURTLEBOT/install/person_tracker:/home/jackfeels/Documents/PROYECTO_TURTLEBOT/install/follow_controller:/home/jackfeels/Documents/PROYECTO_TURTLEBOT/install/debug_visualizer:/home/jackfeels/Documents/PROYECTO_TURTLEBOT/install/tb3_bringup_custom:/home/jackfeels/Documents/PROYECTO_TURTLEBOT/install/gesture_detector:/home/jackfeels/turtlebot3_ws/install/turtlebot3:/home/jackfeels/turtlebot3_ws/install/turtlebot3_teleop:/home/jackfeels/turtlebot3_ws/install/turtlebot3_bringup:/home/jackfeels/turtlebot3_ws/install/turtlebot3_node:/home/jackfeels/turtlebot3_ws/install/turtlebot3_navigation2:/home/jackfeels/turtlebot3_ws/install/turtlebot3_example:/home/jackfeels/turtlebot3_ws/install/turtlebot3_msgs:/home/jackfeels/turtlebot3_ws/install/turtlebot3_description:/home/jackfeels/turtlebot3_ws/install/turtlebot3_cartographer:/home/jackfeels/turtlebot3_ws/install/dynamixel_sdk_examples:/home/jackfeels/turtlebot3_ws/install/dynamixel_sdk_custom_interfaces:/home/jackfeels/turtlebot3_ws/install/dynamixel_sdk:/opt/ros/humble', 'SHELL': '/bin/bash', 'QT_ACCESSIBILITY': '1', 'GDMSESSION': 'ubuntu', 'LESSCLOSE': '/usr/bin/lesspipe %s %s', 'QT_IM_MODULE': 'ibus', 'PWD': '/home/jackfeels/Documents/PROYECTO_TURTLEBOT/build/gesture_detector', 'TURTLEBOT3_MODEL': 'burger', 'XDG_CONFIG_DIRS': '/etc/xdg/xdg-ubuntu:/etc/xdg', 'XDG_DATA_DIRS': '/usr/share/ubuntu:/usr/local/share/:/usr/share/:/var/lib/snapd/desktop', 'PYTHONPATH': '/home/jackfeels/Documents/PROYECTO_TURTLEBOT/build/gesture_detector/prefix_override:/usr/lib/python3/dist-packages/colcon_core/task/python/colcon_distutils_commands:/home/jackfeels/Documents/PROYECTO_TURTLEBOT/install/gesture_detector/lib/python3.10/site-packages:/home/jackfeels/Documents/PROYECTO_TURTLEBOT/install/target_selector/lib/python3.10/site-packages:/home/jackfeels/Documents/PROYECTO_TURTLEBOT/install/person_tracker/lib/python3.10/site-packages:/home/jackfeels/Documents/PROYECTO_TURTLEBOT/install/follow_controller/lib/python3.10/site-packages:/home/jackfeels/Documents/PROYECTO_TURTLEBOT/install/debug_visualizer/lib/python3.10/site-packages:/home/jackfeels/Documents/PROYECTO_TURTLEBOT/install/tb3_interfaces/local/lib/python3.10/dist-packages:/home/jackfeels/Documents/PROYECTO_TURTLEBOT/install/tb3_bringup_custom/lib/python3.10/site-packages:/home/jackfeels/Documents/PROYECTO_TURTLEBOT/install/gesture_detector/lib/python3.10/site-packages:/home/jackfeels/turtlebot3_ws/install/turtlebot3_teleop/lib/python3.10/site-packages:/home/jackfeels/turtlebot3_ws/install/turtlebot3_example/lib/python3.10/site-packages:/home/jackfeels/turtlebot3_ws/install/turtlebot3_msgs/local/lib/python3.10/dist-packages:/home/jackfeels/turtlebot3_ws/install/dynamixel_sdk_custom_interfaces/local/lib/python3.10/dist-packages:/home/jackfeels/turtlebot3_ws/install/dynamixel_sdk/local/lib/python3.10/dist-packages:/opt/ros/humble/lib/python3.10/site-packages:/opt/ros/humble/local/lib/python3.10/dist-packages', 'COLCON': '1', 'VTE_VERSION': '6800', 'CMAKE_PREFIX_PATH': '/home/jackfeels/Documents/PROYECTO_TURTLEBOT/install/tb3_interfaces:/home/jackfeels/turtlebot3_ws/install/turtlebot3:/home/jackfeels/turtlebot3_ws/install/turtlebot3_bringup:/home/jackfeels/turtlebot3_ws/install/turtlebot3_node:/home/jackfeels/turtlebot3_ws/install/turtlebot3_navigation2:/home/jackfeels/turtlebot3_ws/install/turtlebot3_msgs:/home/jackfeels/turtlebot3_ws/install/turtlebot3_description:/home/jackfeels/turtlebot3_ws/install/turtlebot3_cartographer:/home/jackfeels/turtlebot3_ws/install/dynamixel_sdk_examples:/home/jackfeels/turtlebot3_ws/install/dynamixel_sdk_custom_interfaces:/home/jackfeels/turtlebot3_ws/install/dynamixel_sdk'}, 'shell': False}
[0.640994] (tb3_bringup_custom) Command: {'cmd': ['/usr/bin/python3', '-W', 'ignore:setup.py install is deprecated', '-W', 'ignore:easy_install command is deprecated', 'setup.py', 'egg_info', '--egg-base', '../../build/tb3_bringup_custom', 'build', '--build-base', '/home/jackfeels/Documents/PROYECTO_TURTLEBOT/build/tb3_bringup_custom/build', 'install', '--record', '/home/jackfeels/Documents/PROYECTO_TURTLEBOT/build/tb3_bringup_custom/install.log', '--single-version-externally-managed', 'install_data'], 'cwd': '/home/jackfeels/Documents/PROYECTO_TURTLEBOT/src/tb3_bringup_custom', 'env': {'LESSOPEN': '| /usr/bin/lesspipe %s', 'USER': 'jackfeels', 'ROS_PACKAGE_PATH': '/home/jackfeels/Documents/PROYECTO_TURTLEBOT/install/tb3_interfaces/share', 'XDG_SESSION_TYPE': 'wayland', 'SHLVL': '1', 'LD_LIBRARY_PATH': '/home/jackfeels/Documents/PROYECTO_TURTLEBOT/install/tb3_interfaces/lib:/home/jackfeels/turtlebot3_ws/install/turtlebot3_msgs/lib:/home/jackfeels/turtlebot3_ws/install/dynamixel_sdk_custom_interfaces/lib:/home/jackfeels/turtlebot3_ws/install/dynamixel_sdk/lib:/opt/ros/humble/opt/rviz_ogre_vendor/lib:/opt/ros/humble/lib/aarch64-linux-gnu:/opt/ros/humble/lib', 'HOME': '/home/jackfeels', 'OLDPWD': '/home/jackfeels', 'DESKTOP_SESSION': 'ubuntu', 'ROS_PYTHON_VERSION': '3', 'GNOME_SHELL_SESSION_MODE': 'ubuntu', 'GTK_MODULES': 'gail:atk-bridge', 'SYSTEMD_EXEC_PID': '2104', 'DBUS_SESSION_BUS_ADDRESS': 'unix:path=/run/user/1000/bus', 'COLORTERM': 'truecolor', 'IM_CONFIG_PHASE': '1', 'WAYLAND_DISPLAY': 'wayland-0', 'COLCON_PREFIX_PATH': '/home/jackfeels/Documents/PROYECTO_TURTLEBOT/install:/home/jackfeels/turtlebot3_ws/install', 'ROS_DISTRO': 'humble', 'LOGNAME': 'jackfeels', '_': '/usr/bin/colcon', 'ROS_VERSION': '2', 'PKG_CONFIG_PATH': '/home/jackfeels/Documents/PROYECTO_TURTLEBOT/install/tb3_interfaces/lib/aarch64-linux-gnu/pkgconfig:/home/jackfeels/Documents/PROYECTO_TURTLEBOT/install/tb3_interfaces/lib/pkgconfig', 'XDG_SESSION_CLASS': 'user', 'USERNAME': 'jackfeels', 'TERM': 'xterm-256color', 'GNOME_DESKTOP_SESSION_ID': 'this-is-deprecated', 'ROS_LOCALHOST_ONLY': '0', 'PATH': '/home/jackfeels/.local/bin:/home/jackfeels/.local/bin:/opt/ros/humble/bin:/home/jackfeels/.local/bin:/usr/local/sbin:/usr/local/bin:/usr/sbin:/usr/bin:/sbin:/bin:/usr/games:/usr/local/games:/snap/bin:/snap/bin', 'SESSION_MANAGER': 'local/jackfeels:@/tmp/.ICE-unix/2080,unix/jackfeels:/tmp/.ICE-unix/2080', 'XDG_MENU_PREFIX': 'gnome-', 'GNOME_TERMINAL_SCREEN': '/org/gnome/Terminal/screen/a9dbc2d1_c8c8_4e38_875a_9df3ed386733', 'GNOME_SETUP_DISPLAY': ':1', 'XDG_RUNTIME_DIR': '/run/user/1000', 'DISPLAY': ':0', 'LANG': 'en_US.UTF-8', 'XDG_CURRENT_DESKTOP': 'ubuntu:GNOME', 'XMODIFIERS': '@im=ibus', 'XDG_SESSION_DESKTOP': 'ubuntu', 'XAUTHORITY': '/run/user/1000/.mutter-Xwaylandauth.S7KGN3', 'LS_COLORS': 'rs=0:di=01;34:ln=01;36:mh=00:pi=40;33:so=01;35:do=01;35:bd=40;33;01:cd=40;33;01:or=40;31;01:mi=00:su=37;41:sg=30;43:ca=30;41:tw=30;42:ow=34;42:st=37;44:ex=01;32:*.tar=01;31:*.tgz=01;31:*.arc=01;31:*.arj=01;31:*.taz=01;31:*.lha=01;31:*.lz4=01;31:*.lzh=01;31:*.lzma=01;31:*.tlz=01;31:*.txz=01;31:*.tzo=01;31:*.t7z=01;31:*.zip=01;31:*.z=01;31:*.dz=01;31:*.gz=01;31:*.lrz=01;31:*.lz=01;31:*.lzo=01;31:*.xz=01;31:*.zst=01;31:*.tzst=01;31:*.bz2=01;31:*.bz=01;31:*.tbz=01;31:*.tbz2=01;31:*.tz=01;31:*.deb=01;31:*.rpm=01;31:*.jar=01;31:*.war=01;31:*.ear=01;31:*.sar=01;31:*.rar=01;31:*.alz=01;31:*.ace=01;31:*.zoo=01;31:*.cpio=01;31:*.7z=01;31:*.rz=01;31:*.cab=01;31:*.wim=01;31:*.swm=01;31:*.dwm=01;31:*.esd=01;31:*.jpg=01;35:*.jpeg=01;35:*.mjpg=01;35:*.mjpeg=01;35:*.gif=01;35:*.bmp=01;35:*.pbm=01;35:*.pgm=01;35:*.ppm=01;35:*.tga=01;35:*.xbm=01;35:*.xpm=01;35:*.tif=01;35:*.tiff=01;35:*.png=01;35:*.svg=01;35:*.svgz=01;35:*.mng=01;35:*.pcx=01;35:*.mov=01;35:*.mpg=01;35:*.mpeg=01;35:*.m2v=01;35:*.mkv=01;35:*.webm=01;35:*.webp=01;35:*.ogm=01;35:*.mp4=01;35:*.m4v=01;35:*.mp4v=01;35:*.vob=01;35:*.qt=01;35:*.nuv=01;35:*.wmv=01;35:*.asf=01;35:*.rm=01;35:*.rmvb=01;35:*.flc=01;35:*.avi=01;35:*.fli=01;35:*.flv=01;35:*.gl=01;35:*.dl=01;35:*.xcf=01;35:*.xwd=01;35:*.yuv=01;35:*.cgm=01;35:*.emf=01;35:*.ogv=01;35:*.ogx=01;35:*.aac=00;36:*.au=00;36:*.flac=00;36:*.m4a=00;36:*.mid=00;36:*.midi=00;36:*.mka=00;36:*.mp3=00;36:*.mpc=00;36:*.ogg=00;36:*.ra=00;36:*.wav=00;36:*.oga=00;36:*.opus=00;36:*.spx=00;36:*.xspf=00;36:', 'GNOME_TERMINAL_SERVICE': ':1.119', 'SSH_AGENT_LAUNCHER': 'gnome-keyring', 'SSH_AUTH_SOCK': '/run/user/1000/keyring/ssh', 'ROS_DOMAIN_ID': '30', 'AMENT_PREFIX_PATH': '/home/jackfeels/Documents/PROYECTO_TURTLEBOT/install/target_selector:/home/jackfeels/Documents/PROYECTO_TURTLEBOT/install/person_tracker:/home/jackfeels/Documents/PROYECTO_TURTLEBOT/install/follow_controller:/home/jackfeels/Documents/PROYECTO_TURTLEBOT/install/debug_visualizer:/home/jackfeels/Documents/PROYECTO_TURTLEBOT/install/tb3_bringup_custom:/home/jackfeels/Documents/PROYECTO_TURTLEBOT/install/gesture_detector:/home/jackfeels/turtlebot3_ws/install/turtlebot3:/home/jackfeels/turtlebot3_ws/install/turtlebot3_teleop:/home/jackfeels/turtlebot3_ws/install/turtlebot3_bringup:/home/jackfeels/turtlebot3_ws/install/turtlebot3_node:/home/jackfeels/turtlebot3_ws/install/turtlebot3_navigation2:/home/jackfeels/turtlebot3_ws/install/turtlebot3_example:/home/jackfeels/turtlebot3_ws/install/turtlebot3_msgs:/home/jackfeels/turtlebot3_ws/install/turtlebot3_description:/home/jackfeels/turtlebot3_ws/install/turtlebot3_cartographer:/home/jackfeels/turtlebot3_ws/install/dynamixel_sdk_examples:/home/jackfeels/turtlebot3_ws/install/dynamixel_sdk_custom_interfaces:/home/jackfeels/turtlebot3_ws/install/dynamixel_sdk:/opt/ros/humble', 'SHELL': '/bin/bash', 'QT_ACCESSIBILITY': '1', 'GDMSESSION': 'ubuntu', 'LESSCLOSE': '/usr/bin/lesspipe %s %s', 'QT_IM_MODULE': 'ibus', 'PWD': '/home/jackfeels/Documents/PROYECTO_TURTLEBOT/build/tb3_bringup_custom', 'TURTLEBOT3_MODEL': 'burger', 'XDG_CONFIG_DIRS': '/etc/xdg/xdg-ubuntu:/etc/xdg', 'XDG_DATA_DIRS': '/usr/share/ubuntu:/usr/local/share/:/usr/share/:/var/lib/snapd/desktop', 'PYTHONPATH': '/home/jackfeels/Documents/PROYECTO_TURTLEBOT/build/tb3_bringup_custom/prefix_override:/usr/lib/python3/dist-packages/colcon_core/task/python/colcon_distutils_commands:/home/jackfeels/Documents/PROYECTO_TURTLEBOT/install/tb3_bringup_custom/lib/python3.10/site-packages:/home/jackfeels/Documents/PROYECTO_TURTLEBOT/install/target_selector/lib/python3.10/site-packages:/home/jackfeels/Documents/PROYECTO_TURTLEBOT/install/person_tracker/lib/python3.10/site-packages:/home/jackfeels/Documents/PROYECTO_TURTLEBOT/install/follow_controller/lib/python3.10/site-packages:/home/jackfeels/Documents/PROYECTO_TURTLEBOT/install/debug_visualizer/lib/python3.10/site-packages:/home/jackfeels/Documents/PROYECTO_TURTLEBOT/install/tb3_interfaces/local/lib/python3.10/dist-packages:/home/jackfeels/Documents/PROYECTO_TURTLEBOT/install/tb3_bringup_custom/lib/python3.10/site-packages:/home/jackfeels/Documents/PROYECTO_TURTLEBOT/install/gesture_detector/lib/python3.10/site-packages:/home/jackfeels/turtlebot3_ws/install/turtlebot3_teleop/lib/python3.10/site-packages:/home/jackfeels/turtlebot3_ws/install/turtlebot3_example/lib/python3.10/site-packages:/home/jackfeels/turtlebot3_ws/install/turtlebot3_msgs/local/lib/python3.10/dist-packages:/home/jackfeels/turtlebot3_ws/install/dynamixel_sdk_custom_interfaces/local/lib/python3.10/dist-packages:/home/jackfeels/turtlebot3_ws/install/dynamixel_sdk/local/lib/python3.10/dist-packages:/opt/ros/humble/lib/python3.10/site-packages:/opt/ros/humble/local/lib/python3.10/dist-packages', 'COLCON': '1', 'VTE_VERSION': '6800', 'CMAKE_PREFIX_PATH': '/home/jackfeels/Documents/PROYECTO_TURTLEBOT/install/tb3_interfaces:/home/jackfeels/turtlebot3_ws/install/turtlebot3:/home/jackfeels/turtlebot3_ws/install/turtlebot3_bringup:/home/jackfeels/turtlebot3_ws/install/turtlebot3_node:/home/jackfeels/turtlebot3_ws/install/turtlebot3_navigation2:/home/jackfeels/turtlebot3_ws/install/turtlebot3_msgs:/home/jackfeels/turtlebot3_ws/install/turtlebot3_description:/home/jackfeels/turtlebot3_ws/install/turtlebot3_cartographer:/home/jackfeels/turtlebot3_ws/install/dynamixel_sdk_examples:/home/jackfeels/turtlebot3_ws/install/dynamixel_sdk_custom_interfaces:/home/jackfeels/turtlebot3_ws/install/dynamixel_sdk'}, 'shell': False}
[0.700475] (-) TimerEvent: {}
[0.786042] (gesture_detector) StdoutLine: {'line': b'running egg_info\n'}
[0.795406] (gesture_detector) StdoutLine: {'line': b'writing ../../build/gesture_detector/gesture_detector.egg-info/PKG-INFO\n'}
[0.795858] (gesture_detector) StdoutLine: {'line': b'writing dependency_links to ../../build/gesture_detector/gesture_detector.egg-info/dependency_links.txt\n'}
[0.795913] (gesture_detector) StdoutLine: {'line': b'writing entry points to ../../build/gesture_detector/gesture_detector.egg-info/entry_points.txt\n'}
[0.796369] (gesture_detector) StdoutLine: {'line': b'writing requirements to ../../build/gesture_detector/gesture_detector.egg-info/requires.txt\n'}
[0.796428] (gesture_detector) StdoutLine: {'line': b'writing top-level names to ../../build/gesture_detector/gesture_detector.egg-info/top_level.txt\n'}
[0.800553] (-) TimerEvent: {}
[0.817840] (gesture_detector) StdoutLine: {'line': b"reading manifest file '../../build/gesture_detector/gesture_detector.egg-info/SOURCES.txt'\n"}
[0.819363] (gesture_detector) StdoutLine: {'line': b"writing manifest file '../../build/gesture_detector/gesture_detector.egg-info/SOURCES.txt'\n"}
[0.819443] (gesture_detector) StdoutLine: {'line': b'running build\n'}
[0.819479] (gesture_detector) StdoutLine: {'line': b'running build_py\n'}
[0.820273] (gesture_detector) StdoutLine: {'line': b'copying gesture_detector/gesture_detector_node.py -> /home/jackfeels/Documents/PROYECTO_TURTLEBOT/build/gesture_detector/build/lib/gesture_detector\n'}
[0.820319] (gesture_detector) StdoutLine: {'line': b'copying gesture_detector/__init__.py -> /home/jackfeels/Documents/PROYECTO_TURTLEBOT/build/gesture_detector/build/lib/gesture_detector\n'}
[0.820351] (gesture_detector) StdoutLine: {'line': b'running install\n'}
[0.820649] (tb3_bringup_custom) StdoutLine: {'line': b'running egg_info\n'}
[0.822731] (gesture_detector) StdoutLine: {'line': b'running install_lib\n'}
[0.830559] (tb3_bringup_custom) StdoutLine: {'line': b'writing ../../build/tb3_bringup_custom/tb3_bringup_custom.egg-info/PKG-INFO\n'}
[0.830909] (tb3_bringup_custom) StdoutLine: {'line': b'writing dependency_links to ../../build/tb3_bringup_custom/tb3_bringup_custom.egg-info/dependency_links.txt\n'}
[0.831030] (tb3_bringup_custom) StdoutLine: {'line': b'writing requirements to ../../build/tb3_bringup_custom/tb3_bringup_custom.egg-info/requires.txt\n'}
[0.831095] (tb3_bringup_custom) StdoutLine: {'line': b'writing top-level names to ../../build/tb3_bringup_custom/tb3_bringup_custom.egg-info/top_level.txt\n'}
[0.832685] (gesture_detector) StdoutLine: {'line': b'running install_data\n'}
[0.832838] (gesture_detector) StdoutLine: {'line': b'copying resource/gesture_detector -> /home/jackfeels/Documents/PROYECTO_TURTLEBOT/install/gesture_detector/share/ament_index/resource_index/packages\n'}
[0.832932] (gesture_detector) StdoutLine: {'line': b'copying package.xml -> /home/jackfeels/Documents/PROYECTO_TURTLEBOT/install/gesture_detector/share/gesture_detector\n'}
[0.833046] (gesture_detector) StdoutLine: {'line': b'running install_egg_info\n'}
[0.842897] (gesture_detector) StdoutLine: {'line': b"removing '/home/jackfeels/Documents/PROYECTO_TURTLEBOT/install/gesture_detector/lib/python3.10/site-packages/gesture_detector-0.0.1-py3.10.egg-info' (and everything under it)\n"}
[0.843155] (gesture_detector) StdoutLine: {'line': b'Copying ../../build/gesture_detector/gesture_detector.egg-info to /home/jackfeels/Documents/PROYECTO_TURTLEBOT/install/gesture_detector/lib/python3.10/site-packages/gesture_detector-0.0.1-py3.10.egg-info\n'}
[0.843628] (gesture_detector) StdoutLine: {'line': b'running install_scripts\n'}
[0.848806] (tb3_bringup_custom) StdoutLine: {'line': b"reading manifest file '../../build/tb3_bringup_custom/tb3_bringup_custom.egg-info/SOURCES.txt'\n"}
[0.849987] (tb3_bringup_custom) StdoutLine: {'line': b"writing manifest file '../../build/tb3_bringup_custom/tb3_bringup_custom.egg-info/SOURCES.txt'\n"}
[0.850220] (tb3_bringup_custom) StdoutLine: {'line': b'running build\n'}
[0.850290] (tb3_bringup_custom) StdoutLine: {'line': b'running build_py\n'}
[0.850338] (tb3_bringup_custom) StdoutLine: {'line': b'copying tb3_bringup_custom/__init__.py -> /home/jackfeels/Documents/PROYECTO_TURTLEBOT/build/tb3_bringup_custom/build/lib/tb3_bringup_custom\n'}
[0.850475] (tb3_bringup_custom) StdoutLine: {'line': b'running install\n'}
[0.853399] (tb3_bringup_custom) StdoutLine: {'line': b'running install_lib\n'}
[0.861719] (gesture_detector) StdoutLine: {'line': b'Installing gesture_detector_node script to /home/jackfeels/Documents/PROYECTO_TURTLEBOT/install/gesture_detector/lib/gesture_detector\n'}
[0.862043] (gesture_detector) StdoutLine: {'line': b"writing list of installed files to '/home/jackfeels/Documents/PROYECTO_TURTLEBOT/build/gesture_detector/install.log'\n"}
[0.862367] (tb3_bringup_custom) StdoutLine: {'line': b'running install_data\n'}
[0.862517] (tb3_bringup_custom) StdoutLine: {'line': b'copying resource/tb3_bringup_custom -> /home/jackfeels/Documents/PROYECTO_TURTLEBOT/install/tb3_bringup_custom/share/ament_index/resource_index/packages\n'}
[0.862675] (tb3_bringup_custom) StdoutLine: {'line': b'copying package.xml -> /home/jackfeels/Documents/PROYECTO_TURTLEBOT/install/tb3_bringup_custom/share/tb3_bringup_custom\n'}
[0.862813] (tb3_bringup_custom) StdoutLine: {'line': b'copying launch/follow_demo.launch.py -> /home/jackfeels/Documents/PROYECTO_TURTLEBOT/install/tb3_bringup_custom/share/tb3_bringup_custom/launch\n'}
[0.862923] (tb3_bringup_custom) StdoutLine: {'line': b'running install_egg_info\n'}
[0.872750] (tb3_bringup_custom) StdoutLine: {'line': b"removing '/home/jackfeels/Documents/PROYECTO_TURTLEBOT/install/tb3_bringup_custom/lib/python3.10/site-packages/tb3_bringup_custom-0.0.1-py3.10.egg-info' (and everything under it)\n"}
[0.872999] (tb3_bringup_custom) StdoutLine: {'line': b'Copying ../../build/tb3_bringup_custom/tb3_bringup_custom.egg-info to /home/jackfeels/Documents/PROYECTO_TURTLEBOT/install/tb3_bringup_custom/lib/python3.10/site-packages/tb3_bringup_custom-0.0.1-py3.10.egg-info\n'}
[0.873438] (tb3_bringup_custom) StdoutLine: {'line': b'running install_scripts\n'}
[0.887478] (gesture_detector) CommandEnded: {'returncode': 0}
[0.888027] (gesture_detector) JobEnded: {'identifier': 'gesture_detector', 'rc': 0}
[0.888283] (person_tracker) JobStarted: {'identifier': 'person_tracker'}
[0.891770] (tb3_bringup_custom) StdoutLine: {'line': b"writing list of installed files to '/home/jackfeels/Documents/PROYECTO_TURTLEBOT/build/tb3_bringup_custom/install.log'\n"}
[0.900655] (-) TimerEvent: {}
[1.001305] (-) TimerEvent: {}
[1.030215] (debug_visualizer) Command: {'cmd': ['/usr/bin/python3', '-W', 'ignore:setup.py install is deprecated', '-W', 'ignore:easy_install command is deprecated', 'setup.py', 'egg_info', '--egg-base', '../../build/debug_visualizer', 'build', '--build-base', '/home/jackfeels/Documents/PROYECTO_TURTLEBOT/build/debug_visualizer/build', 'install', '--record', '/home/jackfeels/Documents/PROYECTO_TURTLEBOT/build/debug_visualizer/install.log', '--single-version-externally-managed', 'install_data'], 'cwd': '/home/jackfeels/Documents/PROYECTO_TURTLEBOT/src/debug_visualizer', 'env': {'LESSOPEN': '| /usr/bin/lesspipe %s', 'USER': 'jackfeels', 'ROS_PACKAGE_PATH': '/home/jackfeels/Documents/PROYECTO_TURTLEBOT/install/tb3_interfaces/share', 'XDG_SESSION_TYPE': 'wayland', 'SHLVL': '1', 'LD_LIBRARY_PATH': '/home/jackfeels/Documents/PROYECTO_TURTLEBOT/install/tb3_interfaces/lib:/home/jackfeels/turtlebot3_ws/install/turtlebot3_msgs/lib:/home/jackfeels/turtlebot3_ws/install/dynamixel_sdk_custom_interfaces/lib:/home/jackfeels/turtlebot3_ws/install/dynamixel_sdk/lib:/opt/ros/humble/opt/rviz_ogre_vendor/lib:/opt/ros/humble/lib/aarch64-linux-gnu:/opt/ros/humble/lib', 'HOME': '/home/jackfeels', 'OLDPWD': '/home/jackfeels', 'DESKTOP_SESSION': 'ubuntu', 'ROS_PYTHON_VERSION': '3', 'GNOME_SHELL_SESSION_MODE': 'ubuntu', 'GTK_MODULES': 'gail:atk-bridge', 'SYSTEMD_EXEC_PID': '2104', 'DBUS_SESSION_BUS_ADDRESS': 'unix:path=/run/user/1000/bus', 'COLORTERM': 'truecolor', 'IM_CONFIG_PHASE': '1', 'WAYLAND_DISPLAY': 'wayland-0', 'COLCON_PREFIX_PATH': '/home/jackfeels/Documents/PROYECTO_TURTLEBOT/install:/home/jackfeels/turtlebot3_ws/install', 'ROS_DISTRO': 'humble', 'LOGNAME': 'jackfeels', '_': '/usr/bin/colcon', 'ROS_VERSION': '2', 'PKG_CONFIG_PATH': '/home/jackfeels/Documents/PROYECTO_TURTLEBOT/install/tb3_interfaces/lib/aarch64-linux-gnu/pkgconfig:/home/jackfeels/Documents/PROYECTO_TURTLEBOT/install/tb3_interfaces/lib/pkgconfig', 'XDG_SESSION_CLASS': 'user', 'USERNAME': 'jackfeels', 'TERM': 'xterm-256color', 'GNOME_DESKTOP_SESSION_ID': 'this-is-deprecated', 'ROS_LOCALHOST_ONLY': '0', 'PATH': '/home/jackfeels/.local/bin:/home/jackfeels/.local/bin:/opt/ros/humble/bin:/home/jackfeels/.local/bin:/usr/local/sbin:/usr/local/bin:/usr/sbin:/usr/bin:/sbin:/bin:/usr/games:/usr/local/games:/snap/bin:/snap/bin', 'SESSION_MANAGER': 'local/jackfeels:@/tmp/.ICE-unix/2080,unix/jackfeels:/tmp/.ICE-unix/2080', 'XDG_MENU_PREFIX': 'gnome-', 'GNOME_TERMINAL_SCREEN': '/org/gnome/Terminal/screen/a9dbc2d1_c8c8_4e38_875a_9df3ed386733', 'GNOME_SETUP_DISPLAY': ':1', 'XDG_RUNTIME_DIR': '/run/user/1000', 'DISPLAY': ':0', 'LANG': 'en_US.UTF-8', 'XDG_CURRENT_DESKTOP': 'ubuntu:GNOME', 'XMODIFIERS': '@im=ibus', 'XDG_SESSION_DESKTOP': 'ubuntu', 'XAUTHORITY': '/run/user/1000/.mutter-Xwaylandauth.S7KGN3', 'LS_COLORS': 'rs=0:di=01;34:ln=01;36:mh=00:pi=40;33:so=01;35:do=01;35:bd=40;33;01:cd=40;33;01:or=40;31;01:mi=00:su=37;41:sg=30;43:ca=30;41:tw=30;42:ow=34;42:st=37;44:ex=01;32:*.tar=01;31:*.tgz=01;31:*.arc=01;31:*.arj=01;31:*.taz=01;31:*.lha=01;31:*.lz4=01;31:*.lzh=01;31:*.lzma=01;31:*.tlz=01;31:*.txz=01;31:*.tzo=01;31:*.t7z=01;31:*.zip=01;31:*.z=01;31:*.dz=01;31:*.gz=01;31:*.lrz=01;31:*.lz=01;31:*.lzo=01;31:*.xz=01;31:*.zst=01;31:*.tzst=01;31:*.bz2=01;31:*.bz=01;31:*.tbz=01;31:*.tbz2=01;31:*.tz=01;31:*.deb=01;31:*.rpm=01;31:*.jar=01;31:*.war=01;31:*.ear=01;31:*.sar=01;31:*.rar=01;31:*.alz=01;31:*.ace=01;31:*.zoo=01;31:*.cpio=01;31:*.7z=01;31:*.rz=01;31:*.cab=01;31:*.wim=01;31:*.swm=01;31:*.dwm=01;31:*.esd=01;31:*.jpg=01;35:*.jpeg=01;35:*.mjpg=01;35:*.mjpeg=01;35:*.gif=01;35:*.bmp=01;35:*.pbm=01;35:*.pgm=01;35:*.ppm=01;35:*.tga=01;35:*.xbm=01;35:*.xpm=01;35:*.tif=01;35:*.tiff=01;35:*.png=01;35:*.svg=01;35:*.svgz=01;35:*.mng=01;35:*.pcx=01;35:*.mov=01;35:*.mpg=01;35:*.mpeg=01;35:*.m2v=01;35:*.mkv=01;35:*.webm=01;35:*.webp=01;35:*.ogm=01;35:*.mp4=01;35:*.m4v=01;35:*.mp4v=01;35:*.vob=01;35:*.qt=01;35:*.nuv=01;35:*.wmv=01;35:*.asf=01;35:*.rm=01;35:*.rmvb=01;35:*.flc=01;35:*.avi=01;35:*.fli=01;35:*.flv=01;35:*.gl=01;35:*.dl=01;35:*.xcf=01;35:*.xwd=01;35:*.yuv=01;35:*.cgm=01;35:*.emf=01;35:*.ogv=01;35:*.ogx=01;35:*.aac=00;36:*.au=00;36:*.flac=00;36:*.m4a=00;36:*.mid=00;36:*.midi=00;36:*.mka=00;36:*.mp3=00;36:*.mpc=00;36:*.ogg=00;36:*.ra=00;36:*.wav=00;36:*.oga=00;36:*.opus=00;36:*.spx=00;36:*.xspf=00;36:', 'GNOME_TERMINAL_SERVICE': ':1.119', 'SSH_AGENT_LAUNCHER': 'gnome-keyring', 'SSH_AUTH_SOCK': '/run/user/1000/keyring/ssh', 'ROS_DOMAIN_ID': '30', 'AMENT_PREFIX_PATH': '/home/jackfeels/Documents/PROYECTO_TURTLEBOT/install/target_selector:/home/jackfeels/Documents/PROYECTO_TURTLEBOT/install/person_tracker:/home/jackfeels/Documents/PROYECTO_TURTLEBOT/install/follow_controller:/home/jackfeels/Documents/PROYECTO_TURTLEBOT/install/debug_visualizer:/home/jackfeels/Documents/PROYECTO_TURTLEBOT/install/tb3_bringup_custom:/home/jackfeels/Documents/PROYECTO_TURTLEBOT/install/gesture_detector:/home/jackfeels/turtlebot3_ws/install/turtlebot3:/home/jackfeels/turtlebot3_ws/install/turtlebot3_teleop:/home/jackfeels/turtlebot3_ws/install/turtlebot3_bringup:/home/jackfeels/turtlebot3_ws/install/turtlebot3_node:/home/jackfeels/turtlebot3_ws/install/turtlebot3_navigation2:/home/jackfeels/turtlebot3_ws/install/turtlebot3_example:/home/jackfeels/turtlebot3_ws/install/turtlebot3_msgs:/home/jackfeels/turtlebot3_ws/install/turtlebot3_description:/home/jackfeels/turtlebot3_ws/install/turtlebot3_cartographer:/home/jackfeels/turtlebot3_ws/install/dynamixel_sdk_examples:/home/jackfeels/turtlebot3_ws/install/dynamixel_sdk_custom_interfaces:/home/jackfeels/turtlebot3_ws/install/dynamixel_sdk:/opt/ros/humble', 'SHELL': '/bin/bash', 'QT_ACCESSIBILITY': '1', 'GDMSESSION': 'ubuntu', 'LESSCLOSE': '/usr/bin/lesspipe %s %s', 'QT_IM_MODULE': 'ibus', 'PWD': '/home/jackfeels/Documents/PROYECTO_TURTLEBOT/build/debug_visualizer', 'TURTLEBOT3_MODEL': 'burger', 'XDG_CONFIG_DIRS': '/etc/xdg/xdg-ubuntu:/etc/xdg', 'XDG_DATA_DIRS': '/usr/share/ubuntu:/usr/local/share/:/usr/share/:/var/lib/snapd/desktop', 'PYTHONPATH': '/home/jackfeels/Documents/PROYECTO_TURTLEBOT/build/debug_visualizer/prefix_override:/usr/lib/python3/dist-packages/colcon_core/task/python/colcon_distutils_commands:/home/jackfeels/Documents/PROYECTO_TURTLEBOT/install/debug_visualizer/lib/python3.10/site-packages:/home/jackfeels/Documents/PROYECTO_TURTLEBOT/install/tb3_interfaces/local/lib/python3.10/dist-packages:/home/jackfeels/Documents/PROYECTO_TURTLEBOT/install/target_selector/lib/python3.10/site-packages:/home/jackfeels/Documents/PROYECTO_TURTLEBOT/install/person_tracker/lib/python3.10/site-packages:/home/jackfeels/Documents/PROYECTO_TURTLEBOT/install/follow_controller/lib/python3.10/site-packages:/home/jackfeels/Documents/PROYECTO_TURTLEBOT/install/debug_visualizer/lib/python3.10/site-packages:/home/jackfeels/Documents/PROYECTO_TURTLEBOT/install/tb3_bringup_custom/lib/python3.10/site-packages:/home/jackfeels/Documents/PROYECTO_TURTLEBOT/install/gesture_detector/lib/python3.10/site-packages:/home/jackfeels/turtlebot3_ws/install/turtlebot3_teleop/lib/python3.10/site-packages:/home/jackfeels/turtlebot3_ws/install/turtlebot3_example/lib/python3.10/site-packages:/home/jackfeels/turtlebot3_ws/install/turtlebot3_msgs/local/lib/python3.10/dist-packages:/home/jackfeels/turtlebot3_ws/install/dynamixel_sdk_custom_interfaces/local/lib/python3.10/dist-packages:/home/jackfeels/turtlebot3_ws/install/dynamixel_sdk/local/lib/python3.10/dist-packages:/opt/ros/humble/lib/python3.10/site-packages:/opt/ros/humble/local/lib/python3.10/dist-packages', 'COLCON': '1', 'VTE_VERSION': '6800', 'CMAKE_PREFIX_PATH': '/home/jackfeels/Documents/PROYECTO_TURTLEBOT/install/tb3_interfaces:/home/jackfeels/turtlebot3_ws/install/turtlebot3:/home/jackfeels/turtlebot3_ws/install/turtlebot3_bringup:/home/jackfeels/turtlebot3_ws/install/turtlebot3_node:/home/jackfeels/turtlebot3_ws/install/turtlebot3_navigation2:/home/jackfeels/turtlebot3_ws/install/turtlebot3_msgs:/home/jackfeels/turtlebot3_ws/install/turtlebot3_description:/home/jackfeels/turtlebot3_ws/install/turtlebot3_cartographer:/home/jackfeels/turtlebot3_ws/install/dynamixel_sdk_examples:/home/jackfeels/turtlebot3_ws/install/dynamixel_sdk_custom_interfaces:/home/jackfeels/turtlebot3_ws/install/dynamixel_sdk'}, 'shell': False}
[1.032026] (follow_controller) Command: {'cmd': ['/usr/bin/python3', '-W', 'ignore:setup.py install is deprecated', '-W', 'ignore:easy_install command is deprecated', 'setup.py', 'egg_info', '--egg-base', '../../build/follow_controller', 'build', '--build-base', '/home/jackfeels/Documents/PROYECTO_TURTLEBOT/build/follow_controller/build', 'install', '--record', '/home/jackfeels/Documents/PROYECTO_TURTLEBOT/build/follow_controller/install.log', '--single-version-externally-managed', 'install_data'], 'cwd': '/home/jackfeels/Documents/PROYECTO_TURTLEBOT/src/follow_controller', 'env': {'LESSOPEN': '| /usr/bin/lesspipe %s', 'USER': 'jackfeels', 'ROS_PACKAGE_PATH': '/home/jackfeels/Documents/PROYECTO_TURTLEBOT/install/tb3_interfaces/share', 'XDG_SESSION_TYPE': 'wayland', 'SHLVL': '1', 'LD_LIBRARY_PATH': '/home/jackfeels/Documents/PROYECTO_TURTLEBOT/install/tb3_interfaces/lib:/home/jackfeels/turtlebot3_ws/install/turtlebot3_msgs/lib:/home/jackfeels/turtlebot3_ws/install/dynamixel_sdk_custom_interfaces/lib:/home/jackfeels/turtlebot3_ws/install/dynamixel_sdk/lib:/opt/ros/humble/opt/rviz_ogre_vendor/lib:/opt/ros/humble/lib/aarch64-linux-gnu:/opt/ros/humble/lib', 'HOME': '/home/jackfeels', 'OLDPWD': '/home/jackfeels', 'DESKTOP_SESSION': 'ubuntu', 'ROS_PYTHON_VERSION': '3', 'GNOME_SHELL_SESSION_MODE': 'ubuntu', 'GTK_MODULES': 'gail:atk-bridge', 'SYSTEMD_EXEC_PID': '2104', 'DBUS_SESSION_BUS_ADDRESS': 'unix:path=/run/user/1000/bus', 'COLORTERM': 'truecolor', 'IM_CONFIG_PHASE': '1', 'WAYLAND_DISPLAY': 'wayland-0', 'COLCON_PREFIX_PATH': '/home/jackfeels/Documents/PROYECTO_TURTLEBOT/install:/home/jackfeels/turtlebot3_ws/install', 'ROS_DISTRO': 'humble', 'LOGNAME': 'jackfeels', '_': '/usr/bin/colcon', 'ROS_VERSION': '2', 'PKG_CONFIG_PATH': '/home/jackfeels/Documents/PROYECTO_TURTLEBOT/install/tb3_interfaces/lib/aarch64-linux-gnu/pkgconfig:/home/jackfeels/Documents/PROYECTO_TURTLEBOT/install/tb3_interfaces/lib/pkgconfig', 'XDG_SESSION_CLASS': 'user', 'USERNAME': 'jackfeels', 'TERM': 'xterm-256color', 'GNOME_DESKTOP_SESSION_ID': 'this-is-deprecated', 'ROS_LOCALHOST_ONLY': '0', 'PATH': '/home/jackfeels/.local/bin:/home/jackfeels/.local/bin:/opt/ros/humble/bin:/home/jackfeels/.local/bin:/usr/local/sbin:/usr/local/bin:/usr/sbin:/usr/bin:/sbin:/bin:/usr/games:/usr/local/games:/snap/bin:/snap/bin', 'SESSION_MANAGER': 'local/jackfeels:@/tmp/.ICE-unix/2080,unix/jackfeels:/tmp/.ICE-unix/2080', 'XDG_MENU_PREFIX': 'gnome-', 'GNOME_TERMINAL_SCREEN': '/org/gnome/Terminal/screen/a9dbc2d1_c8c8_4e38_875a_9df3ed386733', 'GNOME_SETUP_DISPLAY': ':1', 'XDG_RUNTIME_DIR': '/run/user/1000', 'DISPLAY': ':0', 'LANG': 'en_US.UTF-8', 'XDG_CURRENT_DESKTOP': 'ubuntu:GNOME', 'XMODIFIERS': '@im=ibus', 'XDG_SESSION_DESKTOP': 'ubuntu', 'XAUTHORITY': '/run/user/1000/.mutter-Xwaylandauth.S7KGN3', 'LS_COLORS': 'rs=0:di=01;34:ln=01;36:mh=00:pi=40;33:so=01;35:do=01;35:bd=40;33;01:cd=40;33;01:or=40;31;01:mi=00:su=37;41:sg=30;43:ca=30;41:tw=30;42:ow=34;42:st=37;44:ex=01;32:*.tar=01;31:*.tgz=01;31:*.arc=01;31:*.arj=01;31:*.taz=01;31:*.lha=01;31:*.lz4=01;31:*.lzh=01;31:*.lzma=01;31:*.tlz=01;31:*.txz=01;31:*.tzo=01;31:*.t7z=01;31:*.zip=01;31:*.z=01;31:*.dz=01;31:*.gz=01;31:*.lrz=01;31:*.lz=01;31:*.lzo=01;31:*.xz=01;31:*.zst=01;31:*.tzst=01;31:*.bz2=01;31:*.bz=01;31:*.tbz=01;31:*.tbz2=01;31:*.tz=01;31:*.deb=01;31:*.rpm=01;31:*.jar=01;31:*.war=01;31:*.ear=01;31:*.sar=01;31:*.rar=01;31:*.alz=01;31:*.ace=01;31:*.zoo=01;31:*.cpio=01;31:*.7z=01;31:*.rz=01;31:*.cab=01;31:*.wim=01;31:*.swm=01;31:*.dwm=01;31:*.esd=01;31:*.jpg=01;35:*.jpeg=01;35:*.mjpg=01;35:*.mjpeg=01;35:*.gif=01;35:*.bmp=01;35:*.pbm=01;35:*.pgm=01;35:*.ppm=01;35:*.tga=01;35:*.xbm=01;35:*.xpm=01;35:*.tif=01;35:*.tiff=01;35:*.png=01;35:*.svg=01;35:*.svgz=01;35:*.mng=01;35:*.pcx=01;35:*.mov=01;35:*.mpg=01;35:*.mpeg=01;35:*.m2v=01;35:*.mkv=01;35:*.webm=01;35:*.webp=01;35:*.ogm=01;35:*.mp4=01;35:*.m4v=01;35:*.mp4v=01;35:*.vob=01;35:*.qt=01;35:*.nuv=01;35:*.wmv=01;35:*.asf=01;35:*.rm=01;35:*.rmvb=01;35:*.flc=01;35:*.avi=01;35:*.fli=01;35:*.flv=01;35:*.gl=01;35:*.dl=01;35:*.xcf=01;35:*.xwd=01;35:*.yuv=01;35:*.cgm=01;35:*.emf=01;35:*.ogv=01;35:*.ogx=01;35:*.aac=00;36:*.au=00;36:*.flac=00;36:*.m4a=00;36:*.mid=00;36:*.midi=00;36:*.mka=00;36:*.mp3=00;36:*.mpc=00;36:*.ogg=00;36:*.ra=00;36:*.wav=00;36:*.oga=00;36:*.opus=00;36:*.spx=00;36:*.xspf=00;36:', 'GNOME_TERMINAL_SERVICE': ':1.119', 'SSH_AGENT_LAUNCHER': 'gnome-keyring', 'SSH_AUTH_SOCK': '/run/user/1000/keyring/ssh', 'ROS_DOMAIN_ID': '30', 'AMENT_PREFIX_PATH': '/home/jackfeels/Documents/PROYECTO_TURTLEBOT/install/target_selector:/home/jackfeels/Documents/PROYECTO_TURTLEBOT/install/person_tracker:/home/jackfeels/Documents/PROYECTO_TURTLEBOT/install/follow_controller:/home/jackfeels/Documents/PROYECTO_TURTLEBOT/install/debug_visualizer:/home/jackfeels/Documents/PROYECTO_TURTLEBOT/install/tb3_bringup_custom:/home/jackfeels/Documents/PROYECTO_TURTLEBOT/install/gesture_detector:/home/jackfeels/turtlebot3_ws/install/turtlebot3:/home/jackfeels/turtlebot3_ws/install/turtlebot3_teleop:/home/jackfeels/turtlebot3_ws/install/turtlebot3_bringup:/home/jackfeels/turtlebot3_ws/install/turtlebot3_node:/home/jackfeels/turtlebot3_ws/install/turtlebot3_navigation2:/home/jackfeels/turtlebot3_ws/install/turtlebot3_example:/home/jackfeels/turtlebot3_ws/install/turtlebot3_msgs:/home/jackfeels/turtlebot3_ws/install/turtlebot3_description:/home/jackfeels/turtlebot3_ws/install/turtlebot3_cartographer:/home/jackfeels/turtlebot3_ws/install/dynamixel_sdk_examples:/home/jackfeels/turtlebot3_ws/install/dynamixel_sdk_custom_interfaces:/home/jackfeels/turtlebot3_ws/install/dynamixel_sdk:/opt/ros/humble', 'SHELL': '/bin/bash', 'QT_ACCESSIBILITY': '1', 'GDMSESSION': 'ubuntu', 'LESSCLOSE': '/usr/bin/lesspipe %s %s', 'QT_IM_MODULE': 'ibus', 'PWD': '/home/jackfeels/Documents/PROYECTO_TURTLEBOT/build/follow_controller', 'TURTLEBOT3_MODEL': 'burger', 'XDG_CONFIG_DIRS': '/etc/xdg/xdg-ubuntu:/etc/xdg', 'XDG_DATA_DIRS': '/usr/share/ubuntu:/usr/local/share/:/usr/share/:/var/lib/snapd/desktop', 'PYTHONPATH': '/home/jackfeels/Documents/PROYECTO_TURTLEBOT/build/follow_controller/prefix_override:/usr/lib/python3/dist-packages/colcon_core/task/python/colcon_distutils_commands:/home/jackfeels/Documents/PROYECTO_TURTLEBOT/install/follow_controller/lib/python3.10/site-packages:/home/jackfeels/Documents/PROYECTO_TURTLEBOT/install/tb3_interfaces/local/lib/python3.10/dist-packages:/home/jackfeels/Documents/PROYECTO_TURTLEBOT/install/target_selector/lib/python3.10/site-packages:/home/jackfeels/Documents/PROYECTO_TURTLEBOT/install/person_tracker/lib/python3.10/site-packages:/home/jackfeels/Documents/PROYECTO_TURTLEBOT/install/follow_controller/lib/python3.10/site-packages:/home/jackfeels/Documents/PROYECTO_TURTLEBOT/install/debug_visualizer/lib/python3.10/site-packages:/home/jackfeels/Documents/PROYECTO_TURTLEBOT/install/tb3_bringup_custom/lib/python3.10/site-packages:/home/jackfeels/Documents/PROYECTO_TURTLEBOT/install/gesture_detector/lib/python3.10/site-packages:/home/jackfeels/turtlebot3_ws/install/turtlebot3_teleop/lib/python3.10/site-packages:/home/jackfeels/turtlebot3_ws/install/turtlebot3_example/lib/python3.10/site-packages:/home/jackfeels/turtlebot3_ws/install/turtlebot3_msgs/local/lib/python3.10/dist-packages:/home/jackfeels/turtlebot3_ws/install/dynamixel_sdk_custom_interfaces/local/lib/python3.10/dist-packages:/home/jackfeels/turtlebot3_ws/install/dynamixel_sdk/local/lib/python3.10/dist-packages:/opt/ros/humble/lib/python3.10/site-packages:/opt/ros/humble/local/lib/python3.10/dist-packages', 'COLCON': '1', 'VTE_VERSION': '6800', 'CMAKE_PREFIX_PATH': '/home/jackfeels/Documents/PROYECTO_TURTLEBOT/install/tb3_interfaces:/home/jackfeels/turtlebot3_ws/install/turtlebot3:/home/jackfeels/turtlebot3_ws/install/turtlebot3_bringup:/home/jackfeels/turtlebot3_ws/install/turtlebot3_node:/home/jackfeels/turtlebot3_ws/install/turtlebot3_navigation2:/home/jackfeels/turtlebot3_ws/install/turtlebot3_msgs:/home/jackfeels/turtlebot3_ws/install/turtlebot3_description:/home/jackfeels/turtlebot3_ws/install/turtlebot3_cartographer:/home/jackfeels/turtlebot3_ws/install/dynamixel_sdk_examples:/home/jackfeels/turtlebot3_ws/install/dynamixel_sdk_custom_interfaces:/home/jackfeels/turtlebot3_ws/install/dynamixel_sdk'}, 'shell': False}
[1.033497] (tb3_bringup_custom) CommandEnded: {'returncode': 0}
[1.036962] (tb3_bringup_custom) JobEnded: {'identifier': 'tb3_bringup_custom', 'rc': 0}
[1.037398] (target_selector) JobStarted: {'identifier': 'target_selector'}
[1.101428] (-) TimerEvent: {}
[1.184264] (follow_controller) StdoutLine: {'line': b'running egg_info\n'}
[1.186202] (debug_visualizer) StdoutLine: {'line': b'running egg_info\n'}
[1.192477] (follow_controller) StdoutLine: {'line': b'writing ../../build/follow_controller/follow_controller.egg-info/PKG-INFO\n'}
[1.192825] (follow_controller) StdoutLine: {'line': b'writing dependency_links to ../../build/follow_controller/follow_controller.egg-info/dependency_links.txt\n'}
[1.192936] (follow_controller) StdoutLine: {'line': b'writing entry points to ../../build/follow_controller/follow_controller.egg-info/entry_points.txt\n'}
[1.192997] (follow_controller) StdoutLine: {'line': b'writing requirements to ../../build/follow_controller/follow_controller.egg-info/requires.txt\n'}
[1.193055] (follow_controller) StdoutLine: {'line': b'writing top-level names to ../../build/follow_controller/follow_controller.egg-info/top_level.txt\n'}
[1.193829] (debug_visualizer) StdoutLine: {'line': b'writing ../../build/debug_visualizer/debug_visualizer.egg-info/PKG-INFO\n'}
[1.194186] (debug_visualizer) StdoutLine: {'line': b'writing dependency_links to ../../build/debug_visualizer/debug_visualizer.egg-info/dependency_links.txt\n'}
[1.194280] (debug_visualizer) StdoutLine: {'line': b'writing entry points to ../../build/debug_visualizer/debug_visualizer.egg-info/entry_points.txt\n'}
[1.194380] (debug_visualizer) StdoutLine: {'line': b'writing requirements to ../../build/debug_visualizer/debug_visualizer.egg-info/requires.txt\n'}
[1.194459] (debug_visualizer) StdoutLine: {'line': b'writing top-level names to ../../build/debug_visualizer/debug_visualizer.egg-info/top_level.txt\n'}
[1.201510] (-) TimerEvent: {}
[1.210654] (follow_controller) StdoutLine: {'line': b"reading manifest file '../../build/follow_controller/follow_controller.egg-info/SOURCES.txt'\n"}
[1.212069] (follow_controller) StdoutLine: {'line': b"writing manifest file '../../build/follow_controller/follow_controller.egg-info/SOURCES.txt'\n"}
[1.212272] (follow_controller) StdoutLine: {'line': b'running build\n'}
[1.212314] (follow_controller) StdoutLine: {'line': b'running build_py\n'}
[1.212454] (follow_controller) StdoutLine: {'line': b'copying follow_controller/follow_controller_node.py -> /home/jackfeels/Documents/PROYECTO_TURTLEBOT/build/follow_controller/build/lib/follow_controller\n'}
[1.212650] (follow_controller) StdoutLine: {'line': b'copying follow_controller/__init__.py -> /home/jackfeels/Documents/PROYECTO_TURTLEBOT/build/follow_controller/build/lib/follow_controller\n'}
[1.212840] (follow_controller) StdoutLine: {'line': b'running install\n'}
[1.212914] (debug_visualizer) StdoutLine: {'line': b"reading manifest file '../../build/debug_visualizer/debug_visualizer.egg-info/SOURCES.txt'\n"}
[1.214010] (debug_visualizer) StdoutLine: {'line': b"writing manifest file '../../build/debug_visualizer/debug_visualizer.egg-info/SOURCES.txt'\n"}
[1.214152] (debug_visualizer) StdoutLine: {'line': b'running build\n'}
[1.214189] (debug_visualizer) StdoutLine: {'line': b'running build_py\n'}
[1.214287] (debug_visualizer) StdoutLine: {'line': b'copying debug_visualizer/debug_visualizer_node.py -> /home/jackfeels/Documents/PROYECTO_TURTLEBOT/build/debug_visualizer/build/lib/debug_visualizer\n'}
[1.214462] (debug_visualizer) StdoutLine: {'line': b'copying debug_visualizer/__init__.py -> /home/jackfeels/Documents/PROYECTO_TURTLEBOT/build/debug_visualizer/build/lib/debug_visualizer\n'}
[1.214633] (debug_visualizer) StdoutLine: {'line': b'running install\n'}
[1.216515] (follow_controller) StdoutLine: {'line': b'running install_lib\n'}
[1.217825] (debug_visualizer) StdoutLine: {'line': b'running install_lib\n'}
[1.224890] (follow_controller) StdoutLine: {'line': b'running install_data\n'}
[1.225024] (follow_controller) StdoutLine: {'line': b'copying resource/follow_controller -> /home/jackfeels/Documents/PROYECTO_TURTLEBOT/install/follow_controller/share/ament_index/resource_index/packages\n'}
[1.225242] (follow_controller) StdoutLine: {'line': b'copying package.xml -> /home/jackfeels/Documents/PROYECTO_TURTLEBOT/install/follow_controller/share/follow_controller\n'}
[1.225363] (follow_controller) StdoutLine: {'line': b'running install_egg_info\n'}
[1.225843] (debug_visualizer) StdoutLine: {'line': b'running install_data\n'}
[1.225998] (debug_visualizer) StdoutLine: {'line': b'copying resource/debug_visualizer -> /home/jackfeels/Documents/PROYECTO_TURTLEBOT/install/debug_visualizer/share/ament_index/resource_index/packages\n'}
[1.226182] (debug_visualizer) StdoutLine: {'line': b'copying package.xml -> /home/jackfeels/Documents/PROYECTO_TURTLEBOT/install/debug_visualizer/share/debug_visualizer\n'}
[1.226396] (debug_visualizer) StdoutLine: {'line': b'running install_egg_info\n'}
[1.236223] (debug_visualizer) StdoutLine: {'line': b"removing '/home/jackfeels/Documents/PROYECTO_TURTLEBOT/install/debug_visualizer/lib/python3.10/site-packages/debug_visualizer-0.0.1-py3.10.egg-info' (and everything under it)\n"}
[1.236528] (follow_controller) StdoutLine: {'line': b"removing '/home/jackfeels/Documents/PROYECTO_TURTLEBOT/install/follow_controller/lib/python3.10/site-packages/follow_controller-0.0.1-py3.10.egg-info' (and everything under it)\n"}
[1.236780] (follow_controller) StdoutLine: {'line': b'Copying ../../build/follow_controller/follow_controller.egg-info to /home/jackfeels/Documents/PROYECTO_TURTLEBOT/install/follow_controller/lib/python3.10/site-packages/follow_controller-0.0.1-py3.10.egg-info\n'}
[1.237224] (follow_controller) StdoutLine: {'line': b'running install_scripts\n'}
[1.240282] (debug_visualizer) StdoutLine: {'line': b'Copying ../../build/debug_visualizer/debug_visualizer.egg-info to /home/jackfeels/Documents/PROYECTO_TURTLEBOT/install/debug_visualizer/lib/python3.10/site-packages/debug_visualizer-0.0.1-py3.10.egg-info\n'}
[1.240684] (debug_visualizer) StdoutLine: {'line': b'running install_scripts\n'}
[1.256503] (follow_controller) StdoutLine: {'line': b'Installing follow_controller_node script to /home/jackfeels/Documents/PROYECTO_TURTLEBOT/install/follow_controller/lib/follow_controller\n'}
[1.256866] (follow_controller) StdoutLine: {'line': b"writing list of installed files to '/home/jackfeels/Documents/PROYECTO_TURTLEBOT/build/follow_controller/install.log'\n"}
[1.261133] (debug_visualizer) StdoutLine: {'line': b'Installing debug_visualizer_node script to /home/jackfeels/Documents/PROYECTO_TURTLEBOT/install/debug_visualizer/lib/debug_visualizer\n'}
[1.261769] (debug_visualizer) StdoutLine: {'line': b"writing list of installed files to '/home/jackfeels/Documents/PROYECTO_TURTLEBOT/build/debug_visualizer/install.log'\n"}
[1.280503] (debug_visualizer) CommandEnded: {'returncode': 0}
[1.281121] (debug_visualizer) JobEnded: {'identifier': 'debug_visualizer', 'rc': 0}
[1.281820] (follow_controller) CommandEnded: {'returncode': 0}
[1.285242] (follow_controller) JobEnded: {'identifier': 'follow_controller', 'rc': 0}
[1.291069] (person_tracker) Command: {'cmd': ['/usr/bin/python3', '-W', 'ignore:setup.py install is deprecated', '-W', 'ignore:easy_install command is deprecated', 'setup.py', 'egg_info', '--egg-base', '../../build/person_tracker', 'build', '--build-base', '/home/jackfeels/Documents/PROYECTO_TURTLEBOT/build/person_tracker/build', 'install', '--record', '/home/jackfeels/Documents/PROYECTO_TURTLEBOT/build/person_tracker/install.log', '--single-version-externally-managed', 'install_data'], 'cwd': '/home/jackfeels/Documents/PROYECTO_TURTLEBOT/src/person_tracker', 'env': {'LESSOPEN': '| /usr/bin/lesspipe %s', 'USER': 'jackfeels', 'ROS_PACKAGE_PATH': '/home/jackfeels/Documents/PROYECTO_TURTLEBOT/install/tb3_interfaces/share', 'XDG_SESSION_TYPE': 'wayland', 'SHLVL': '1', 'LD_LIBRARY_PATH': '/home/jackfeels/Documents/PROYECTO_TURTLEBOT/install/tb3_interfaces/lib:/home/jackfeels/turtlebot3_ws/install/turtlebot3_msgs/lib:/home/jackfeels/turtlebot3_ws/install/dynamixel_sdk_custom_interfaces/lib:/home/jackfeels/turtlebot3_ws/install/dynamixel_sdk/lib:/opt/ros/humble/opt/rviz_ogre_vendor/lib:/opt/ros/humble/lib/aarch64-linux-gnu:/opt/ros/humble/lib', 'HOME': '/home/jackfeels', 'OLDPWD': '/home/jackfeels', 'DESKTOP_SESSION': 'ubuntu', 'ROS_PYTHON_VERSION': '3', 'GNOME_SHELL_SESSION_MODE': 'ubuntu', 'GTK_MODULES': 'gail:atk-bridge', 'SYSTEMD_EXEC_PID': '2104', 'DBUS_SESSION_BUS_ADDRESS': 'unix:path=/run/user/1000/bus', 'COLORTERM': 'truecolor', 'IM_CONFIG_PHASE': '1', 'WAYLAND_DISPLAY': 'wayland-0', 'COLCON_PREFIX_PATH': '/home/jackfeels/Documents/PROYECTO_TURTLEBOT/install:/home/jackfeels/turtlebot3_ws/install', 'ROS_DISTRO': 'humble', 'LOGNAME': 'jackfeels', '_': '/usr/bin/colcon', 'ROS_VERSION': '2', 'PKG_CONFIG_PATH': '/home/jackfeels/Documents/PROYECTO_TURTLEBOT/install/tb3_interfaces/lib/aarch64-linux-gnu/pkgconfig:/home/jackfeels/Documents/PROYECTO_TURTLEBOT/install/tb3_interfaces/lib/pkgconfig', 'XDG_SESSION_CLASS': 'user', 'USERNAME': 'jackfeels', 'TERM': 'xterm-256color', 'GNOME_DESKTOP_SESSION_ID': 'this-is-deprecated', 'ROS_LOCALHOST_ONLY': '0', 'PATH': '/home/jackfeels/.local/bin:/home/jackfeels/.local/bin:/opt/ros/humble/bin:/home/jackfeels/.local/bin:/usr/local/sbin:/usr/local/bin:/usr/sbin:/usr/bin:/sbin:/bin:/usr/games:/usr/local/games:/snap/bin:/snap/bin', 'SESSION_MANAGER': 'local/jackfeels:@/tmp/.ICE-unix/2080,unix/jackfeels:/tmp/.ICE-unix/2080', 'XDG_MENU_PREFIX': 'gnome-', 'GNOME_TERMINAL_SCREEN': '/org/gnome/Terminal/screen/a9dbc2d1_c8c8_4e38_875a_9df3ed386733', 'GNOME_SETUP_DISPLAY': ':1', 'XDG_RUNTIME_DIR': '/run/user/1000', 'DISPLAY': ':0', 'LANG': 'en_US.UTF-8', 'XDG_CURRENT_DESKTOP': 'ubuntu:GNOME', 'XMODIFIERS': '@im=ibus', 'XDG_SESSION_DESKTOP': 'ubuntu', 'XAUTHORITY': '/run/user/1000/.mutter-Xwaylandauth.S7KGN3', 'LS_COLORS': 'rs=0:di=01;34:ln=01;36:mh=00:pi=40;33:so=01;35:do=01;35:bd=40;33;01:cd=40;33;01:or=40;31;01:mi=00:su=37;41:sg=30;43:ca=30;41:tw=30;42:ow=34;42:st=37;44:ex=01;32:*.tar=01;31:*.tgz=01;31:*.arc=01;31:*.arj=01;31:*.taz=01;31:*.lha=01;31:*.lz4=01;31:*.lzh=01;31:*.lzma=01;31:*.tlz=01;31:*.txz=01;31:*.tzo=01;31:*.t7z=01;31:*.zip=01;31:*.z=01;31:*.dz=01;31:*.gz=01;31:*.lrz=01;31:*.lz=01;31:*.lzo=01;31:*.xz=01;31:*.zst=01;31:*.tzst=01;31:*.bz2=01;31:*.bz=01;31:*.tbz=01;31:*.tbz2=01;31:*.tz=01;31:*.deb=01;31:*.rpm=01;31:*.jar=01;31:*.war=01;31:*.ear=01;31:*.sar=01;31:*.rar=01;31:*.alz=01;31:*.ace=01;31:*.zoo=01;31:*.cpio=01;31:*.7z=01;31:*.rz=01;31:*.cab=01;31:*.wim=01;31:*.swm=01;31:*.dwm=01;31:*.esd=01;31:*.jpg=01;35:*.jpeg=01;35:*.mjpg=01;35:*.mjpeg=01;35:*.gif=01;35:*.bmp=01;35:*.pbm=01;35:*.pgm=01;35:*.ppm=01;35:*.tga=01;35:*.xbm=01;35:*.xpm=01;35:*.tif=01;35:*.tiff=01;35:*.png=01;35:*.svg=01;35:*.svgz=01;35:*.mng=01;35:*.pcx=01;35:*.mov=01;35:*.mpg=01;35:*.mpeg=01;35:*.m2v=01;35:*.mkv=01;35:*.webm=01;35:*.webp=01;35:*.ogm=01;35:*.mp4=01;35:*.m4v=01;35:*.mp4v=01;35:*.vob=01;35:*.qt=01;35:*.nuv=01;35:*.wmv=01;35:*.asf=01;35:*.rm=01;35:*.rmvb=01;35:*.flc=01;35:*.avi=01;35:*.fli=01;35:*.flv=01;35:*.gl=01;35:*.dl=01;35:*.xcf=01;35:*.xwd=01;35:*.yuv=01;35:*.cgm=01;35:*.emf=01;35:*.ogv=01;35:*.ogx=01;35:*.aac=00;36:*.au=00;36:*.flac=00;36:*.m4a=00;36:*.mid=00;36:*.midi=00;36:*.mka=00;36:*.mp3=00;36:*.mpc=00;36:*.ogg=00;36:*.ra=00;36:*.wav=00;36:*.oga=00;36:*.opus=00;36:*.spx=00;36:*.xspf=00;36:', 'GNOME_TERMINAL_SERVICE': ':1.119', 'SSH_AGENT_LAUNCHER': 'gnome-keyring', 'SSH_AUTH_SOCK': '/run/user/1000/keyring/ssh', 'ROS_DOMAIN_ID': '30', 'AMENT_PREFIX_PATH': '/home/jackfeels/Documents/PROYECTO_TURTLEBOT/install/target_selector:/home/jackfeels/Documents/PROYECTO_TURTLEBOT/install/person_tracker:/home/jackfeels/Documents/PROYECTO_TURTLEBOT/install/follow_controller:/home/jackfeels/Documents/PROYECTO_TURTLEBOT/install/debug_visualizer:/home/jackfeels/Documents/PROYECTO_TURTLEBOT/install/tb3_bringup_custom:/home/jackfeels/Documents/PROYECTO_TURTLEBOT/install/gesture_detector:/home/jackfeels/turtlebot3_ws/install/turtlebot3:/home/jackfeels/turtlebot3_ws/install/turtlebot3_teleop:/home/jackfeels/turtlebot3_ws/install/turtlebot3_bringup:/home/jackfeels/turtlebot3_ws/install/turtlebot3_node:/home/jackfeels/turtlebot3_ws/install/turtlebot3_navigation2:/home/jackfeels/turtlebot3_ws/install/turtlebot3_example:/home/jackfeels/turtlebot3_ws/install/turtlebot3_msgs:/home/jackfeels/turtlebot3_ws/install/turtlebot3_description:/home/jackfeels/turtlebot3_ws/install/turtlebot3_cartographer:/home/jackfeels/turtlebot3_ws/install/dynamixel_sdk_examples:/home/jackfeels/turtlebot3_ws/install/dynamixel_sdk_custom_interfaces:/home/jackfeels/turtlebot3_ws/install/dynamixel_sdk:/opt/ros/humble', 'SHELL': '/bin/bash', 'QT_ACCESSIBILITY': '1', 'GDMSESSION': 'ubuntu', 'LESSCLOSE': '/usr/bin/lesspipe %s %s', 'QT_IM_MODULE': 'ibus', 'PWD': '/home/jackfeels/Documents/PROYECTO_TURTLEBOT/build/person_tracker', 'TURTLEBOT3_MODEL': 'burger', 'XDG_CONFIG_DIRS': '/etc/xdg/xdg-ubuntu:/etc/xdg', 'XDG_DATA_DIRS': '/usr/share/ubuntu:/usr/local/share/:/usr/share/:/var/lib/snapd/desktop', 'PYTHONPATH': '/home/jackfeels/Documents/PROYECTO_TURTLEBOT/build/person_tracker/prefix_override:/usr/lib/python3/dist-packages/colcon_core/task/python/colcon_distutils_commands:/home/jackfeels/Documents/PROYECTO_TURTLEBOT/install/person_tracker/lib/python3.10/site-packages:/home/jackfeels/Documents/PROYECTO_TURTLEBOT/install/tb3_interfaces/local/lib/python3.10/dist-packages:/home/jackfeels/Documents/PROYECTO_TURTLEBOT/install/target_selector/lib/python3.10/site-packages:/home/jackfeels/Documents/PROYECTO_TURTLEBOT/install/person_tracker/lib/python3.10/site-packages:/home/jackfeels/Documents/PROYECTO_TURTLEBOT/install/follow_controller/lib/python3.10/site-packages:/home/jackfeels/Documents/PROYECTO_TURTLEBOT/install/debug_visualizer/lib/python3.10/site-packages:/home/jackfeels/Documents/PROYECTO_TURTLEBOT/install/tb3_bringup_custom/lib/python3.10/site-packages:/home/jackfeels/Documents/PROYECTO_TURTLEBOT/install/gesture_detector/lib/python3.10/site-packages:/home/jackfeels/turtlebot3_ws/install/turtlebot3_teleop/lib/python3.10/site-packages:/home/jackfeels/turtlebot3_ws/install/turtlebot3_example/lib/python3.10/site-packages:/home/jackfeels/turtlebot3_ws/install/turtlebot3_msgs/local/lib/python3.10/dist-packages:/home/jackfeels/turtlebot3_ws/install/dynamixel_sdk_custom_interfaces/local/lib/python3.10/dist-packages:/home/jackfeels/turtlebot3_ws/install/dynamixel_sdk/local/lib/python3.10/dist-packages:/opt/ros/humble/lib/python3.10/site-packages:/opt/ros/humble/local/lib/python3.10/dist-packages', 'COLCON': '1', 'VTE_VERSION': '6800', 'CMAKE_PREFIX_PATH': '/home/jackfeels/Documents/PROYECTO_TURTLEBOT/install/tb3_interfaces:/home/jackfeels/turtlebot3_ws/install/turtlebot3:/home/jackfeels/turtlebot3_ws/install/turtlebot3_bringup:/home/jackfeels/turtlebot3_ws/install/turtlebot3_node:/home/jackfeels/turtlebot3_ws/install/turtlebot3_navigation2:/home/jackfeels/turtlebot3_ws/install/turtlebot3_msgs:/home/jackfeels/turtlebot3_ws/install/turtlebot3_description:/home/jackfeels/turtlebot3_ws/install/turtlebot3_cartographer:/home/jackfeels/turtlebot3_ws/install/dynamixel_sdk_examples:/home/jackfeels/turtlebot3_ws/install/dynamixel_sdk_custom_interfaces:/home/jackfeels/turtlebot3_ws/install/dynamixel_sdk'}, 'shell': False}
[1.301982] (-) TimerEvent: {}
[1.402253] (-) TimerEvent: {}
[1.431742] (person_tracker) StdoutLine: {'line': b'running egg_info\n'}
[1.440230] (person_tracker) StdoutLine: {'line': b'writing ../../build/person_tracker/person_tracker.egg-info/PKG-INFO\n'}
[1.440636] (person_tracker) StdoutLine: {'line': b'writing dependency_links to ../../build/person_tracker/person_tracker.egg-info/dependency_links.txt\n'}
[1.440849] (person_tracker) StdoutLine: {'line': b'writing entry points to ../../build/person_tracker/person_tracker.egg-info/entry_points.txt\n'}
[1.440923] (person_tracker) StdoutLine: {'line': b'writing requirements to ../../build/person_tracker/person_tracker.egg-info/requires.txt\n'}
[1.440955] (person_tracker) StdoutLine: {'line': b'writing top-level names to ../../build/person_tracker/person_tracker.egg-info/top_level.txt\n'}
[1.458169] (person_tracker) StdoutLine: {'line': b"reading manifest file '../../build/person_tracker/person_tracker.egg-info/SOURCES.txt'\n"}
[1.459133] (person_tracker) StdoutLine: {'line': b"writing manifest file '../../build/person_tracker/person_tracker.egg-info/SOURCES.txt'\n"}
[1.459348] (person_tracker) StdoutLine: {'line': b'running build\n'}
[1.459417] (person_tracker) StdoutLine: {'line': b'running build_py\n'}
[1.459481] (person_tracker) StdoutLine: {'line': b'copying person_tracker/__init__.py -> /home/jackfeels/Documents/PROYECTO_TURTLEBOT/build/person_tracker/build/lib/person_tracker\n'}
[1.459633] (person_tracker) StdoutLine: {'line': b'copying person_tracker/person_tracker_node.py -> /home/jackfeels/Documents/PROYECTO_TURTLEBOT/build/person_tracker/build/lib/person_tracker\n'}
[1.459850] (person_tracker) StdoutLine: {'line': b'running install\n'}
[1.462230] (person_tracker) StdoutLine: {'line': b'running install_lib\n'}
[1.470567] (person_tracker) StdoutLine: {'line': b'running install_data\n'}
[1.470731] (person_tracker) StdoutLine: {'line': b'copying resource/person_tracker -> /home/jackfeels/Documents/PROYECTO_TURTLEBOT/install/person_tracker/share/ament_index/resource_index/packages\n'}
[1.471396] (person_tracker) StdoutLine: {'line': b'copying package.xml -> /home/jackfeels/Documents/PROYECTO_TURTLEBOT/install/person_tracker/share/person_tracker\n'}
[1.471440] (person_tracker) StdoutLine: {'line': b'running install_egg_info\n'}
[1.479267] (person_tracker) StdoutLine: {'line': b"removing '/home/jackfeels/Documents/PROYECTO_TURTLEBOT/install/person_tracker/lib/python3.10/site-packages/person_tracker-0.0.1-py3.10.egg-info' (and everything under it)\n"}
[1.480440] (person_tracker) StdoutLine: {'line': b'Copying ../../build/person_tracker/person_tracker.egg-info to /home/jackfeels/Documents/PROYECTO_TURTLEBOT/install/person_tracker/lib/python3.10/site-packages/person_tracker-0.0.1-py3.10.egg-info\n'}
[1.480521] (person_tracker) StdoutLine: {'line': b'running install_scripts\n'}
[1.483941] (target_selector) Command: {'cmd': ['/usr/bin/python3', '-W', 'ignore:setup.py install is deprecated', '-W', 'ignore:easy_install command is deprecated', 'setup.py', 'egg_info', '--egg-base', '../../build/target_selector', 'build', '--build-base', '/home/jackfeels/Documents/PROYECTO_TURTLEBOT/build/target_selector/build', 'install', '--record', '/home/jackfeels/Documents/PROYECTO_TURTLEBOT/build/target_selector/install.log', '--single-version-externally-managed', 'install_data'], 'cwd': '/home/jackfeels/Documents/PROYECTO_TURTLEBOT/src/target_selector', 'env': {'LESSOPEN': '| /usr/bin/lesspipe %s', 'USER': 'jackfeels', 'ROS_PACKAGE_PATH': '/home/jackfeels/Documents/PROYECTO_TURTLEBOT/install/tb3_interfaces/share', 'XDG_SESSION_TYPE': 'wayland', 'SHLVL': '1', 'LD_LIBRARY_PATH': '/home/jackfeels/Documents/PROYECTO_TURTLEBOT/install/tb3_interfaces/lib:/home/jackfeels/turtlebot3_ws/install/turtlebot3_msgs/lib:/home/jackfeels/turtlebot3_ws/install/dynamixel_sdk_custom_interfaces/lib:/home/jackfeels/turtlebot3_ws/install/dynamixel_sdk/lib:/opt/ros/humble/opt/rviz_ogre_vendor/lib:/opt/ros/humble/lib/aarch64-linux-gnu:/opt/ros/humble/lib', 'HOME': '/home/jackfeels', 'OLDPWD': '/home/jackfeels', 'DESKTOP_SESSION': 'ubuntu', 'ROS_PYTHON_VERSION': '3', 'GNOME_SHELL_SESSION_MODE': 'ubuntu', 'GTK_MODULES': 'gail:atk-bridge', 'SYSTEMD_EXEC_PID': '2104', 'DBUS_SESSION_BUS_ADDRESS': 'unix:path=/run/user/1000/bus', 'COLORTERM': 'truecolor', 'IM_CONFIG_PHASE': '1', 'WAYLAND_DISPLAY': 'wayland-0', 'COLCON_PREFIX_PATH': '/home/jackfeels/Documents/PROYECTO_TURTLEBOT/install:/home/jackfeels/turtlebot3_ws/install', 'ROS_DISTRO': 'humble', 'LOGNAME': 'jackfeels', '_': '/usr/bin/colcon', 'ROS_VERSION': '2', 'PKG_CONFIG_PATH': '/home/jackfeels/Documents/PROYECTO_TURTLEBOT/install/tb3_interfaces/lib/aarch64-linux-gnu/pkgconfig:/home/jackfeels/Documents/PROYECTO_TURTLEBOT/install/tb3_interfaces/lib/pkgconfig', 'XDG_SESSION_CLASS': 'user', 'USERNAME': 'jackfeels', 'TERM': 'xterm-256color', 'GNOME_DESKTOP_SESSION_ID': 'this-is-deprecated', 'ROS_LOCALHOST_ONLY': '0', 'PATH': '/home/jackfeels/.local/bin:/home/jackfeels/.local/bin:/opt/ros/humble/bin:/home/jackfeels/.local/bin:/usr/local/sbin:/usr/local/bin:/usr/sbin:/usr/bin:/sbin:/bin:/usr/games:/usr/local/games:/snap/bin:/snap/bin', 'SESSION_MANAGER': 'local/jackfeels:@/tmp/.ICE-unix/2080,unix/jackfeels:/tmp/.ICE-unix/2080', 'XDG_MENU_PREFIX': 'gnome-', 'GNOME_TERMINAL_SCREEN': '/org/gnome/Terminal/screen/a9dbc2d1_c8c8_4e38_875a_9df3ed386733', 'GNOME_SETUP_DISPLAY': ':1', 'XDG_RUNTIME_DIR': '/run/user/1000', 'DISPLAY': ':0', 'LANG': 'en_US.UTF-8', 'XDG_CURRENT_DESKTOP': 'ubuntu:GNOME', 'XMODIFIERS': '@im=ibus', 'XDG_SESSION_DESKTOP': 'ubuntu', 'XAUTHORITY': '/run/user/1000/.mutter-Xwaylandauth.S7KGN3', 'LS_COLORS': 'rs=0:di=01;34:ln=01;36:mh=00:pi=40;33:so=01;35:do=01;35:bd=40;33;01:cd=40;33;01:or=40;31;01:mi=00:su=37;41:sg=30;43:ca=30;41:tw=30;42:ow=34;42:st=37;44:ex=01;32:*.tar=01;31:*.tgz=01;31:*.arc=01;31:*.arj=01;31:*.taz=01;31:*.lha=01;31:*.lz4=01;31:*.lzh=01;31:*.lzma=01;31:*.tlz=01;31:*.txz=01;31:*.tzo=01;31:*.t7z=01;31:*.zip=01;31:*.z=01;31:*.dz=01;31:*.gz=01;31:*.lrz=01;31:*.lz=01;31:*.lzo=01;31:*.xz=01;31:*.zst=01;31:*.tzst=01;31:*.bz2=01;31:*.bz=01;31:*.tbz=01;31:*.tbz2=01;31:*.tz=01;31:*.deb=01;31:*.rpm=01;31:*.jar=01;31:*.war=01;31:*.ear=01;31:*.sar=01;31:*.rar=01;31:*.alz=01;31:*.ace=01;31:*.zoo=01;31:*.cpio=01;31:*.7z=01;31:*.rz=01;31:*.cab=01;31:*.wim=01;31:*.swm=01;31:*.dwm=01;31:*.esd=01;31:*.jpg=01;35:*.jpeg=01;35:*.mjpg=01;35:*.mjpeg=01;35:*.gif=01;35:*.bmp=01;35:*.pbm=01;35:*.pgm=01;35:*.ppm=01;35:*.tga=01;35:*.xbm=01;35:*.xpm=01;35:*.tif=01;35:*.tiff=01;35:*.png=01;35:*.svg=01;35:*.svgz=01;35:*.mng=01;35:*.pcx=01;35:*.mov=01;35:*.mpg=01;35:*.mpeg=01;35:*.m2v=01;35:*.mkv=01;35:*.webm=01;35:*.webp=01;35:*.ogm=01;35:*.mp4=01;35:*.m4v=01;35:*.mp4v=01;35:*.vob=01;35:*.qt=01;35:*.nuv=01;35:*.wmv=01;35:*.asf=01;35:*.rm=01;35:*.rmvb=01;35:*.flc=01;35:*.avi=01;35:*.fli=01;35:*.flv=01;35:*.gl=01;35:*.dl=01;35:*.xcf=01;35:*.xwd=01;35:*.yuv=01;35:*.cgm=01;35:*.emf=01;35:*.ogv=01;35:*.ogx=01;35:*.aac=00;36:*.au=00;36:*.flac=00;36:*.m4a=00;36:*.mid=00;36:*.midi=00;36:*.mka=00;36:*.mp3=00;36:*.mpc=00;36:*.ogg=00;36:*.ra=00;36:*.wav=00;36:*.oga=00;36:*.opus=00;36:*.spx=00;36:*.xspf=00;36:', 'GNOME_TERMINAL_SERVICE': ':1.119', 'SSH_AGENT_LAUNCHER': 'gnome-keyring', 'SSH_AUTH_SOCK': '/run/user/1000/keyring/ssh', 'ROS_DOMAIN_ID': '30', 'AMENT_PREFIX_PATH': '/home/jackfeels/Documents/PROYECTO_TURTLEBOT/install/target_selector:/home/jackfeels/Documents/PROYECTO_TURTLEBOT/install/person_tracker:/home/jackfeels/Documents/PROYECTO_TURTLEBOT/install/follow_controller:/home/jackfeels/Documents/PROYECTO_TURTLEBOT/install/debug_visualizer:/home/jackfeels/Documents/PROYECTO_TURTLEBOT/install/tb3_bringup_custom:/home/jackfeels/Documents/PROYECTO_TURTLEBOT/install/gesture_detector:/home/jackfeels/turtlebot3_ws/install/turtlebot3:/home/jackfeels/turtlebot3_ws/install/turtlebot3_teleop:/home/jackfeels/turtlebot3_ws/install/turtlebot3_bringup:/home/jackfeels/turtlebot3_ws/install/turtlebot3_node:/home/jackfeels/turtlebot3_ws/install/turtlebot3_navigation2:/home/jackfeels/turtlebot3_ws/install/turtlebot3_example:/home/jackfeels/turtlebot3_ws/install/turtlebot3_msgs:/home/jackfeels/turtlebot3_ws/install/turtlebot3_description:/home/jackfeels/turtlebot3_ws/install/turtlebot3_cartographer:/home/jackfeels/turtlebot3_ws/install/dynamixel_sdk_examples:/home/jackfeels/turtlebot3_ws/install/dynamixel_sdk_custom_interfaces:/home/jackfeels/turtlebot3_ws/install/dynamixel_sdk:/opt/ros/humble', 'SHELL': '/bin/bash', 'QT_ACCESSIBILITY': '1', 'GDMSESSION': 'ubuntu', 'LESSCLOSE': '/usr/bin/lesspipe %s %s', 'QT_IM_MODULE': 'ibus', 'PWD': '/home/jackfeels/Documents/PROYECTO_TURTLEBOT/build/target_selector', 'TURTLEBOT3_MODEL': 'burger', 'XDG_CONFIG_DIRS': '/etc/xdg/xdg-ubuntu:/etc/xdg', 'XDG_DATA_DIRS': '/usr/share/ubuntu:/usr/local/share/:/usr/share/:/var/lib/snapd/desktop', 'PYTHONPATH': '/home/jackfeels/Documents/PROYECTO_TURTLEBOT/build/target_selector/prefix_override:/usr/lib/python3/dist-packages/colcon_core/task/python/colcon_distutils_commands:/home/jackfeels/Documents/PROYECTO_TURTLEBOT/install/target_selector/lib/python3.10/site-packages:/home/jackfeels/Documents/PROYECTO_TURTLEBOT/install/tb3_interfaces/local/lib/python3.10/dist-packages:/home/jackfeels/Documents/PROYECTO_TURTLEBOT/install/target_selector/lib/python3.10/site-packages:/home/jackfeels/Documents/PROYECTO_TURTLEBOT/install/person_tracker/lib/python3.10/site-packages:/home/jackfeels/Documents/PROYECTO_TURTLEBOT/install/follow_controller/lib/python3.10/site-packages:/home/jackfeels/Documents/PROYECTO_TURTLEBOT/install/debug_visualizer/lib/python3.10/site-packages:/home/jackfeels/Documents/PROYECTO_TURTLEBOT/install/tb3_bringup_custom/lib/python3.10/site-packages:/home/jackfeels/Documents/PROYECTO_TURTLEBOT/install/gesture_detector/lib/python3.10/site-packages:/home/jackfeels/turtlebot3_ws/install/turtlebot3_teleop/lib/python3.10/site-packages:/home/jackfeels/turtlebot3_ws/install/turtlebot3_example/lib/python3.10/site-packages:/home/jackfeels/turtlebot3_ws/install/turtlebot3_msgs/local/lib/python3.10/dist-packages:/home/jackfeels/turtlebot3_ws/install/dynamixel_sdk_custom_interfaces/local/lib/python3.10/dist-packages:/home/jackfeels/turtlebot3_ws/install/dynamixel_sdk/local/lib/python3.10/dist-packages:/opt/ros/humble/lib/python3.10/site-packages:/opt/ros/humble/local/lib/python3.10/dist-packages', 'COLCON': '1', 'VTE_VERSION': '6800', 'CMAKE_PREFIX_PATH': '/home/jackfeels/Documents/PROYECTO_TURTLEBOT/install/tb3_interfaces:/home/jackfeels/turtlebot3_ws/install/turtlebot3:/home/jackfeels/turtlebot3_ws/install/turtlebot3_bringup:/home/jackfeels/turtlebot3_ws/install/turtlebot3_node:/home/jackfeels/turtlebot3_ws/install/turtlebot3_navigation2:/home/jackfeels/turtlebot3_ws/install/turtlebot3_msgs:/home/jackfeels/turtlebot3_ws/install/turtlebot3_description:/home/jackfeels/turtlebot3_ws/install/turtlebot3_cartographer:/home/jackfeels/turtlebot3_ws/install/dynamixel_sdk_examples:/home/jackfeels/turtlebot3_ws/install/dynamixel_sdk_custom_interfaces:/home/jackfeels/turtlebot3_ws/install/dynamixel_sdk'}, 'shell': False}
[1.496643] (person_tracker) StdoutLine: {'line': b'Installing person_tracker_node script to /home/jackfeels/Documents/PROYECTO_TURTLEBOT/install/person_tracker/lib/person_tracker\n'}
[1.496814] (person_tracker) StdoutLine: {'line': b"writing list of installed files to '/home/jackfeels/Documents/PROYECTO_TURTLEBOT/build/person_tracker/install.log'\n"}
[1.502379] (-) TimerEvent: {}
[1.513690] (person_tracker) CommandEnded: {'returncode': 0}
[1.517525] (person_tracker) JobEnded: {'identifier': 'person_tracker', 'rc': 0}
[1.602514] (-) TimerEvent: {}
[1.625845] (target_selector) StdoutLine: {'line': b'running egg_info\n'}
[1.633747] (target_selector) StdoutLine: {'line': b'writing ../../build/target_selector/target_selector.egg-info/PKG-INFO\n'}
[1.634322] (target_selector) StdoutLine: {'line': b'writing dependency_links to ../../build/target_selector/target_selector.egg-info/dependency_links.txt\n'}
[1.634429] (target_selector) StdoutLine: {'line': b'writing entry points to ../../build/target_selector/target_selector.egg-info/entry_points.txt\n'}
[1.634587] (target_selector) StdoutLine: {'line': b'writing requirements to ../../build/target_selector/target_selector.egg-info/requires.txt\n'}
[1.634639] (target_selector) StdoutLine: {'line': b'writing top-level names to ../../build/target_selector/target_selector.egg-info/top_level.txt\n'}
[1.652970] (target_selector) StdoutLine: {'line': b"reading manifest file '../../build/target_selector/target_selector.egg-info/SOURCES.txt'\n"}
[1.654254] (target_selector) StdoutLine: {'line': b"writing manifest file '../../build/target_selector/target_selector.egg-info/SOURCES.txt'\n"}
[1.654453] (target_selector) StdoutLine: {'line': b'running build\n'}
[1.654526] (target_selector) StdoutLine: {'line': b'running build_py\n'}
[1.654619] (target_selector) StdoutLine: {'line': b'copying target_selector/target_selector_node.py -> /home/jackfeels/Documents/PROYECTO_TURTLEBOT/build/target_selector/build/lib/target_selector\n'}
[1.654799] (target_selector) StdoutLine: {'line': b'copying target_selector/__init__.py -> /home/jackfeels/Documents/PROYECTO_TURTLEBOT/build/target_selector/build/lib/target_selector\n'}
[1.654977] (target_selector) StdoutLine: {'line': b'running install\n'}
[1.657438] (target_selector) StdoutLine: {'line': b'running install_lib\n'}
[1.665192] (target_selector) StdoutLine: {'line': b'copying /home/jackfeels/Documents/PROYECTO_TURTLEBOT/build/target_selector/build/lib/target_selector/target_selector_node.py -> /home/jackfeels/Documents/PROYECTO_TURTLEBOT/install/target_selector/lib/python3.10/site-packages/target_selector\n'}
[1.665675] (target_selector) StdoutLine: {'line': b'byte-compiling /home/jackfeels/Documents/PROYECTO_TURTLEBOT/install/target_selector/lib/python3.10/site-packages/target_selector/target_selector_node.py to target_selector_node.cpython-310.pyc\n'}
[1.666538] (target_selector) StdoutLine: {'line': b'running install_data\n'}
[1.666708] (target_selector) StdoutLine: {'line': b'copying resource/target_selector -> /home/jackfeels/Documents/PROYECTO_TURTLEBOT/install/target_selector/share/ament_index/resource_index/packages\n'}
[1.666835] (target_selector) StdoutLine: {'line': b'copying package.xml -> /home/jackfeels/Documents/PROYECTO_TURTLEBOT/install/target_selector/share/target_selector\n'}
[1.666885] (target_selector) StdoutLine: {'line': b'running install_egg_info\n'}
[1.674817] (target_selector) StdoutLine: {'line': b"removing '/home/jackfeels/Documents/PROYECTO_TURTLEBOT/install/target_selector/lib/python3.10/site-packages/target_selector-0.0.1-py3.10.egg-info' (and everything under it)\n"}
[1.675025] (target_selector) StdoutLine: {'line': b'Copying ../../build/target_selector/target_selector.egg-info to /home/jackfeels/Documents/PROYECTO_TURTLEBOT/install/target_selector/lib/python3.10/site-packages/target_selector-0.0.1-py3.10.egg-info\n'}
[1.675474] (target_selector) StdoutLine: {'line': b'running install_scripts\n'}
[1.691047] (target_selector) StdoutLine: {'line': b'Installing target_selector_node script to /home/jackfeels/Documents/PROYECTO_TURTLEBOT/install/target_selector/lib/target_selector\n'}
[1.691505] (target_selector) StdoutLine: {'line': b"writing list of installed files to '/home/jackfeels/Documents/PROYECTO_TURTLEBOT/build/target_selector/install.log'\n"}
[1.703433] (-) TimerEvent: {}
[1.704867] (target_selector) CommandEnded: {'returncode': 0}
[1.708414] (target_selector) JobEnded: {'identifier': 'target_selector', 'rc': 0}
[1.708990] (-) EventReactorShutdown: {}
