[0.000000] (-) TimerEvent: {}
[0.000292] (gesture_detector) JobQueued: {'identifier': 'gesture_detector', 'dependencies': OrderedDict()}
[0.000377] (tb3_bringup_custom) JobQueued: {'identifier': 'tb3_bringup_custom', 'dependencies': OrderedDict()}
[0.000410] (tb3_interfaces) JobQueued: {'identifier': 'tb3_interfaces', 'dependencies': OrderedDict()}
[0.000422] (debug_visualizer) JobQueued: {'identifier': 'debug_visualizer', 'dependencies': OrderedDict([('tb3_interfaces', '/home/jackfeels/Documents/PROYECTO_TURTLEBOT/install/tb3_interfaces')])}
[0.000437] (follow_controller) JobQueued: {'identifier': 'follow_controller', 'dependencies': OrderedDict([('tb3_interfaces', '/home/jackfeels/Documents/PROYECTO_TURTLEBOT/install/tb3_interfaces')])}
[0.000462] (person_tracker) JobQueued: {'identifier': 'person_tracker', 'dependencies': OrderedDict([('tb3_interfaces', '/home/jackfeels/Documents/PROYECTO_TURTLEBOT/install/tb3_interfaces')])}
[0.000483] (target_selector) JobQueued: {'identifier': 'target_selector', 'dependencies': OrderedDict([('tb3_interfaces', '/home/jackfeels/Documents/PROYECTO_TURTLEBOT/install/tb3_interfaces')])}
[0.000511] (tb3_interfaces) JobStarted: {'identifier': 'tb3_interfaces'}
[0.005147] (gesture_detector) JobStarted: {'identifier': 'gesture_detector'}
[0.008717] (tb3_bringup_custom) JobStarted: {'identifier': 'tb3_bringup_custom'}
[0.013674] (tb3_interfaces) JobProgress: {'identifier': 'tb3_interfaces', 'progress': 'cmake'}
[0.015101] (tb3_interfaces) JobProgress: {'identifier': 'tb3_interfaces', 'progress': 'build'}
[0.015597] (tb3_interfaces) Command: {'cmd': ['/usr/bin/cmake', '--build', '/home/jackfeels/Documents/PROYECTO_TURTLEBOT/build/tb3_interfaces', '--', '-j4', '-l4'], 'cwd': '/home/jackfeels/Documents/PROYECTO_TURTLEBOT/build/tb3_interfaces', 'env': OrderedDict([('GJS_DEBUG_TOPICS', 'JS ERROR;JS LOG'), ('PYTHON_BASIC_REPL', '1'), ('LESSOPEN', '| /usr/bin/lesspipe %s'), ('USER', 'jackfeels'), ('XDG_SESSION_TYPE', 'wayland'), ('GIT_ASKPASS', '/usr/share/code/resources/app/extensions/git/dist/askpass.sh'), ('SHLVL', '1'), ('LD_LIBRARY_PATH', '/home/jackfeels/turtlebot3_ws/install/turtlebot3_msgs/lib:/home/jackfeels/turtlebot3_ws/install/dynamixel_sdk_custom_interfaces/lib:/home/jackfeels/turtlebot3_ws/install/dynamixel_sdk/lib:/opt/ros/humble/opt/rviz_ogre_vendor/lib:/opt/ros/humble/lib/aarch64-linux-gnu:/opt/ros/humble/lib'), ('HOME', '/home/jackfeels'), ('CHROME_DESKTOP', 'code.desktop'), ('OLDPWD', '/home/jackfeels/Documents/PROYECTO_TURTLEBOT'), ('TERM_PROGRAM_VERSION', '1.114.0'), ('DESKTOP_SESSION', 'ubuntu'), ('GIO_LAUNCHED_DESKTOP_FILE', '/usr/share/applications/code.desktop'), ('ROS_PYTHON_VERSION', '3'), ('GNOME_SHELL_SESSION_MODE', 'ubuntu'), ('GTK_MODULES', 'gail:atk-bridge'), ('VSCODE_GIT_ASKPASS_MAIN', '/usr/share/code/resources/app/extensions/git/dist/askpass-main.js'), ('VSCODE_GIT_ASKPASS_NODE', '/usr/share/code/code'), ('MANAGERPID', '1447'), ('PYDEVD_DISABLE_FILE_VALIDATION', '1'), ('SYSTEMD_EXEC_PID', '2048'), ('BUNDLED_DEBUGPY_PATH', '/home/jackfeels/.vscode/extensions/ms-python.debugpy-2025.18.0-linux-arm64/bundled/libs/debugpy'), ('IM_CONFIG_CHECK_ENV', '1'), ('VSCODE_PYTHON_AUTOACTIVATE_GUARD', '1'), ('DBUS_SESSION_BUS_ADDRESS', 'unix:path=/run/user/1000/bus'), ('COLORTERM', 'truecolor'), ('GIO_LAUNCHED_DESKTOP_FILE_PID', '31416'), ('IM_CONFIG_PHASE', '1'), ('WAYLAND_DISPLAY', 'wayland-0'), ('COLCON_PREFIX_PATH', '/home/jackfeels/turtlebot3_ws/install'), ('ROS_DISTRO', 'humble'), ('LOGNAME', 'jackfeels'), ('JOURNAL_STREAM', '8:27136'), ('_', '/usr/bin/colcon'), ('ROS_VERSION', '2'), ('CLAUDE_CODE_SSE_PORT', '37331'), ('XDG_SESSION_CLASS', 'user'), ('USERNAME', 'jackfeels'), ('TERM', 'xterm-256color'), ('GNOME_DESKTOP_SESSION_ID', 'this-is-deprecated'), ('FC_FONTATIONS', '1'), ('ROS_LOCALHOST_ONLY', '0'), ('PATH', '/home/jackfeels/.local/bin:/home/jackfeels/.local/bin:/home/jackfeels/.config/Code/User/globalStorage/github.copilot-chat/debugCommand:/home/jackfeels/.config/Code/User/globalStorage/github.copilot-chat/copilotCli:/home/jackfeels/.local/bin:/home/jackfeels/.local/bin:/home/jackfeels/.local/bin:/opt/ros/humble/bin:/home/jackfeels/.local/bin:/usr/local/sbin:/usr/local/bin:/usr/sbin:/usr/bin:/sbin:/bin:/usr/games:/usr/local/games:/snap/bin:/snap/bin:/home/jackfeels/.vscode/extensions/ms-python.debugpy-2025.18.0-linux-arm64/bundled/scripts/noConfigScripts'), ('SESSION_MANAGER', 'local/jackfeels:@/tmp/.ICE-unix/2024,unix/jackfeels:/tmp/.ICE-unix/2024'), ('INVOCATION_ID', '7072cee1c8cb4ac79fe0ad88f4dcb9f7'), ('XDG_MENU_PREFIX', 'gnome-'), ('GNOME_SETUP_DISPLAY', ':1'), ('XDG_RUNTIME_DIR', '/run/user/1000'), ('GDK_BACKEND', 'wayland'), ('DISPLAY', ':0'), ('VSCODE_DEBUGPY_ADAPTER_ENDPOINTS', '/home/jackfeels/.vscode/extensions/ms-python.debugpy-2025.18.0-linux-arm64/.noConfigDebugAdapterEndpoints/endpoint-185b3b7f67631b8b.txt'), ('LANG', 'en_US.UTF-8'), ('XDG_CURRENT_DESKTOP', 'ubuntu:GNOME'), ('PYTHONSTARTUP', '/home/jackfeels/.config/Code/User/workspaceStorage/46ee1a91a2843d3566ffcdb977c34744/ms-python.python/pythonrc.py'), ('XMODIFIERS', '@im=ibus'), ('XDG_SESSION_DESKTOP', 'ubuntu'), ('XAUTHORITY', '/run/user/1000/.mutter-Xwaylandauth.BCY4N3'), ('LS_COLORS', 'rs=0:di=01;34:ln=01;36:mh=00:pi=40;33:so=01;35:do=01;35:bd=40;33;01:cd=40;33;01:or=40;31;01:mi=00:su=37;41:sg=30;43:ca=30;41:tw=30;42:ow=34;42:st=37;44:ex=01;32:*.tar=01;31:*.tgz=01;31:*.arc=01;31:*.arj=01;31:*.taz=01;31:*.lha=01;31:*.lz4=01;31:*.lzh=01;31:*.lzma=01;31:*.tlz=01;31:*.txz=01;31:*.tzo=01;31:*.t7z=01;31:*.zip=01;31:*.z=01;31:*.dz=01;31:*.gz=01;31:*.lrz=01;31:*.lz=01;31:*.lzo=01;31:*.xz=01;31:*.zst=01;31:*.tzst=01;31:*.bz2=01;31:*.bz=01;31:*.tbz=01;31:*.tbz2=01;31:*.tz=01;31:*.deb=01;31:*.rpm=01;31:*.jar=01;31:*.war=01;31:*.ear=01;31:*.sar=01;31:*.rar=01;31:*.alz=01;31:*.ace=01;31:*.zoo=01;31:*.cpio=01;31:*.7z=01;31:*.rz=01;31:*.cab=01;31:*.wim=01;31:*.swm=01;31:*.dwm=01;31:*.esd=01;31:*.jpg=01;35:*.jpeg=01;35:*.mjpg=01;35:*.mjpeg=01;35:*.gif=01;35:*.bmp=01;35:*.pbm=01;35:*.pgm=01;35:*.ppm=01;35:*.tga=01;35:*.xbm=01;35:*.xpm=01;35:*.tif=01;35:*.tiff=01;35:*.png=01;35:*.svg=01;35:*.svgz=01;35:*.mng=01;35:*.pcx=01;35:*.mov=01;35:*.mpg=01;35:*.mpeg=01;35:*.m2v=01;35:*.mkv=01;35:*.webm=01;35:*.webp=01;35:*.ogm=01;35:*.mp4=01;35:*.m4v=01;35:*.mp4v=01;35:*.vob=01;35:*.qt=01;35:*.nuv=01;35:*.wmv=01;35:*.asf=01;35:*.rm=01;35:*.rmvb=01;35:*.flc=01;35:*.avi=01;35:*.fli=01;35:*.flv=01;35:*.gl=01;35:*.dl=01;35:*.xcf=01;35:*.xwd=01;35:*.yuv=01;35:*.cgm=01;35:*.emf=01;35:*.ogv=01;35:*.ogx=01;35:*.aac=00;36:*.au=00;36:*.flac=00;36:*.m4a=00;36:*.mid=00;36:*.midi=00;36:*.mka=00;36:*.mp3=00;36:*.mpc=00;36:*.ogg=00;36:*.ra=00;36:*.wav=00;36:*.oga=00;36:*.opus=00;36:*.spx=00;36:*.xspf=00;36:'), ('VSCODE_GIT_IPC_HANDLE', '/run/user/1000/vscode-git-3da86ad6c9.sock'), ('TERM_PROGRAM', 'vscode'), ('SSH_AGENT_LAUNCHER', 'gnome-keyring'), ('SSH_AUTH_SOCK', '/run/user/1000/keyring/ssh'), ('ROS_DOMAIN_ID', '30'), ('AMENT_PREFIX_PATH', '/home/jackfeels/turtlebot3_ws/install/turtlebot3:/home/jackfeels/turtlebot3_ws/install/turtlebot3_teleop:/home/jackfeels/turtlebot3_ws/install/turtlebot3_bringup:/home/jackfeels/turtlebot3_ws/install/turtlebot3_node:/home/jackfeels/turtlebot3_ws/install/turtlebot3_navigation2:/home/jackfeels/turtlebot3_ws/install/turtlebot3_example:/home/jackfeels/turtlebot3_ws/install/turtlebot3_msgs:/home/jackfeels/turtlebot3_ws/install/turtlebot3_description:/home/jackfeels/turtlebot3_ws/install/turtlebot3_cartographer:/home/jackfeels/turtlebot3_ws/install/dynamixel_sdk_examples:/home/jackfeels/turtlebot3_ws/install/dynamixel_sdk_custom_interfaces:/home/jackfeels/turtlebot3_ws/install/dynamixel_sdk:/opt/ros/humble'), ('SHELL', '/bin/bash'), ('QT_ACCESSIBILITY', '1'), ('GDMSESSION', 'ubuntu'), ('LESSCLOSE', '/usr/bin/lesspipe %s %s'), ('GJS_DEBUG_OUTPUT', 'stderr'), ('VSCODE_GIT_ASKPASS_EXTRA_ARGS', ''), ('QT_IM_MODULE', 'ibus'), ('PWD', '/home/jackfeels/Documents/PROYECTO_TURTLEBOT/build/tb3_interfaces'), ('TURTLEBOT3_MODEL', 'burger'), ('XDG_CONFIG_DIRS', '/etc/xdg/xdg-ubuntu:/etc/xdg'), ('XDG_DATA_DIRS', '/usr/share/ubuntu:/usr/local/share/:/usr/share/:/var/lib/snapd/desktop'), ('PYTHONPATH', '/home/jackfeels/turtlebot3_ws/install/turtlebot3_teleop/lib/python3.10/site-packages:/home/jackfeels/turtlebot3_ws/install/turtlebot3_example/lib/python3.10/site-packages:/home/jackfeels/turtlebot3_ws/install/turtlebot3_msgs/local/lib/python3.10/dist-packages:/home/jackfeels/turtlebot3_ws/install/dynamixel_sdk_custom_interfaces/local/lib/python3.10/dist-packages:/home/jackfeels/turtlebot3_ws/install/dynamixel_sdk/local/lib/python3.10/dist-packages:/opt/ros/humble/lib/python3.10/site-packages:/opt/ros/humble/local/lib/python3.10/dist-packages'), ('COLCON', '1'), ('CMAKE_PREFIX_PATH', '/home/jackfeels/turtlebot3_ws/install/turtlebot3:/home/jackfeels/turtlebot3_ws/install/turtlebot3_bringup:/home/jackfeels/turtlebot3_ws/install/turtlebot3_node:/home/jackfeels/turtlebot3_ws/install/turtlebot3_navigation2:/home/jackfeels/turtlebot3_ws/install/turtlebot3_msgs:/home/jackfeels/turtlebot3_ws/install/turtlebot3_description:/home/jackfeels/turtlebot3_ws/install/turtlebot3_cartographer:/home/jackfeels/turtlebot3_ws/install/dynamixel_sdk_examples:/home/jackfeels/turtlebot3_ws/install/dynamixel_sdk_custom_interfaces:/home/jackfeels/turtlebot3_ws/install/dynamixel_sdk')]), 'shell': False}
[0.099465] (-) TimerEvent: {}
[0.199757] (-) TimerEvent: {}
[0.299996] (-) TimerEvent: {}
[0.321953] (tb3_interfaces) StdoutLine: {'line': b'[  2%] Built target tb3_interfaces__rs\n'}
[0.322114] (tb3_interfaces) StdoutLine: {'line': b'[  4%] Built target tb3_interfaces__cpp\n'}
[0.322157] (tb3_interfaces) StdoutLine: {'line': b'[ 14%] Built target tb3_interfaces__rosidl_generator_c\n'}
[0.322192] (tb3_interfaces) StdoutLine: {'line': b'[ 14%] Built target ament_cmake_python_copy_tb3_interfaces\n'}
[0.322225] (tb3_interfaces) StdoutLine: {'line': b'[ 25%] Built target tb3_interfaces__rosidl_typesupport_c\n'}
[0.322256] (tb3_interfaces) StdoutLine: {'line': b'[ 35%] Built target tb3_interfaces__rosidl_typesupport_fastrtps_c\n'}
[0.322287] (tb3_interfaces) StdoutLine: {'line': b'[ 47%] Built target tb3_interfaces__rosidl_typesupport_fastrtps_cpp\n'}
[0.322317] (tb3_interfaces) StdoutLine: {'line': b'[ 56%] Built target tb3_interfaces__rosidl_typesupport_introspection_c\n'}
[0.322348] (tb3_interfaces) StdoutLine: {'line': b'[ 66%] Built target tb3_interfaces__rosidl_typesupport_introspection_cpp\n'}
[0.322378] (tb3_interfaces) StdoutLine: {'line': b'[ 77%] Built target tb3_interfaces__rosidl_typesupport_cpp\n'}
[0.322408] (tb3_interfaces) StdoutLine: {'line': b'[ 77%] Built target tb3_interfaces\n'}
[0.322438] (tb3_interfaces) StdoutLine: {'line': b'[ 79%] Built target tb3_interfaces__py\n'}
[0.322480] (tb3_interfaces) StdoutLine: {'line': b'[ 87%] Built target tb3_interfaces__rosidl_generator_py\n'}
[0.322513] (tb3_interfaces) StdoutLine: {'line': b'[ 91%] Built target tb3_interfaces__rosidl_typesupport_introspection_c__pyext\n'}
[0.322544] (tb3_interfaces) StdoutLine: {'line': b'[ 95%] Built target tb3_interfaces__rosidl_typesupport_fastrtps_c__pyext\n'}
[0.322573] (tb3_interfaces) StdoutLine: {'line': b'[100%] Built target tb3_interfaces__rosidl_typesupport_c__pyext\n'}
[0.322604] (tb3_interfaces) StdoutLine: {'line': b'running egg_info\n'}
[0.322634] (tb3_interfaces) StdoutLine: {'line': b'writing tb3_interfaces.egg-info/PKG-INFO\n'}
[0.322665] (tb3_interfaces) StdoutLine: {'line': b'writing dependency_links to tb3_interfaces.egg-info/dependency_links.txt\n'}
[0.322703] (tb3_interfaces) StdoutLine: {'line': b'writing top-level names to tb3_interfaces.egg-info/top_level.txt\n'}
[0.331761] (tb3_interfaces) StdoutLine: {'line': b"reading manifest file 'tb3_interfaces.egg-info/SOURCES.txt'\n"}
[0.332462] (tb3_interfaces) StdoutLine: {'line': b"writing manifest file 'tb3_interfaces.egg-info/SOURCES.txt'\n"}
[0.362489] (tb3_interfaces) StdoutLine: {'line': b'[100%] Built target ament_cmake_python_build_tb3_interfaces_egg\n'}
[0.381188] (tb3_interfaces) CommandEnded: {'returncode': 0}
[0.390289] (tb3_interfaces) JobProgress: {'identifier': 'tb3_interfaces', 'progress': 'install'}
[0.395252] (tb3_interfaces) Command: {'cmd': ['/usr/bin/cmake', '--install', '/home/jackfeels/Documents/PROYECTO_TURTLEBOT/build/tb3_interfaces'], 'cwd': '/home/jackfeels/Documents/PROYECTO_TURTLEBOT/build/tb3_interfaces', 'env': OrderedDict([('GJS_DEBUG_TOPICS', 'JS ERROR;JS LOG'), ('PYTHON_BASIC_REPL', '1'), ('LESSOPEN', '| /usr/bin/lesspipe %s'), ('USER', 'jackfeels'), ('XDG_SESSION_TYPE', 'wayland'), ('GIT_ASKPASS', '/usr/share/code/resources/app/extensions/git/dist/askpass.sh'), ('SHLVL', '1'), ('LD_LIBRARY_PATH', '/home/jackfeels/turtlebot3_ws/install/turtlebot3_msgs/lib:/home/jackfeels/turtlebot3_ws/install/dynamixel_sdk_custom_interfaces/lib:/home/jackfeels/turtlebot3_ws/install/dynamixel_sdk/lib:/opt/ros/humble/opt/rviz_ogre_vendor/lib:/opt/ros/humble/lib/aarch64-linux-gnu:/opt/ros/humble/lib'), ('HOME', '/home/jackfeels'), ('CHROME_DESKTOP', 'code.desktop'), ('OLDPWD', '/home/jackfeels/Documents/PROYECTO_TURTLEBOT'), ('TERM_PROGRAM_VERSION', '1.114.0'), ('DESKTOP_SESSION', 'ubuntu'), ('GIO_LAUNCHED_DESKTOP_FILE', '/usr/share/applications/code.desktop'), ('ROS_PYTHON_VERSION', '3'), ('GNOME_SHELL_SESSION_MODE', 'ubuntu'), ('GTK_MODULES', 'gail:atk-bridge'), ('VSCODE_GIT_ASKPASS_MAIN', '/usr/share/code/resources/app/extensions/git/dist/askpass-main.js'), ('VSCODE_GIT_ASKPASS_NODE', '/usr/share/code/code'), ('MANAGERPID', '1447'), ('PYDEVD_DISABLE_FILE_VALIDATION', '1'), ('SYSTEMD_EXEC_PID', '2048'), ('BUNDLED_DEBUGPY_PATH', '/home/jackfeels/.vscode/extensions/ms-python.debugpy-2025.18.0-linux-arm64/bundled/libs/debugpy'), ('IM_CONFIG_CHECK_ENV', '1'), ('VSCODE_PYTHON_AUTOACTIVATE_GUARD', '1'), ('DBUS_SESSION_BUS_ADDRESS', 'unix:path=/run/user/1000/bus'), ('COLORTERM', 'truecolor'), ('GIO_LAUNCHED_DESKTOP_FILE_PID', '31416'), ('IM_CONFIG_PHASE', '1'), ('WAYLAND_DISPLAY', 'wayland-0'), ('COLCON_PREFIX_PATH', '/home/jackfeels/turtlebot3_ws/install'), ('ROS_DISTRO', 'humble'), ('LOGNAME', 'jackfeels'), ('JOURNAL_STREAM', '8:27136'), ('_', '/usr/bin/colcon'), ('ROS_VERSION', '2'), ('CLAUDE_CODE_SSE_PORT', '37331'), ('XDG_SESSION_CLASS', 'user'), ('USERNAME', 'jackfeels'), ('TERM', 'xterm-256color'), ('GNOME_DESKTOP_SESSION_ID', 'this-is-deprecated'), ('FC_FONTATIONS', '1'), ('ROS_LOCALHOST_ONLY', '0'), ('PATH', '/home/jackfeels/.local/bin:/home/jackfeels/.local/bin:/home/jackfeels/.config/Code/User/globalStorage/github.copilot-chat/debugCommand:/home/jackfeels/.config/Code/User/globalStorage/github.copilot-chat/copilotCli:/home/jackfeels/.local/bin:/home/jackfeels/.local/bin:/home/jackfeels/.local/bin:/opt/ros/humble/bin:/home/jackfeels/.local/bin:/usr/local/sbin:/usr/local/bin:/usr/sbin:/usr/bin:/sbin:/bin:/usr/games:/usr/local/games:/snap/bin:/snap/bin:/home/jackfeels/.vscode/extensions/ms-python.debugpy-2025.18.0-linux-arm64/bundled/scripts/noConfigScripts'), ('SESSION_MANAGER', 'local/jackfeels:@/tmp/.ICE-unix/2024,unix/jackfeels:/tmp/.ICE-unix/2024'), ('INVOCATION_ID', '7072cee1c8cb4ac79fe0ad88f4dcb9f7'), ('XDG_MENU_PREFIX', 'gnome-'), ('GNOME_SETUP_DISPLAY', ':1'), ('XDG_RUNTIME_DIR', '/run/user/1000'), ('GDK_BACKEND', 'wayland'), ('DISPLAY', ':0'), ('VSCODE_DEBUGPY_ADAPTER_ENDPOINTS', '/home/jackfeels/.vscode/extensions/ms-python.debugpy-2025.18.0-linux-arm64/.noConfigDebugAdapterEndpoints/endpoint-185b3b7f67631b8b.txt'), ('LANG', 'en_US.UTF-8'), ('XDG_CURRENT_DESKTOP', 'ubuntu:GNOME'), ('PYTHONSTARTUP', '/home/jackfeels/.config/Code/User/workspaceStorage/46ee1a91a2843d3566ffcdb977c34744/ms-python.python/pythonrc.py'), ('XMODIFIERS', '@im=ibus'), ('XDG_SESSION_DESKTOP', 'ubuntu'), ('XAUTHORITY', '/run/user/1000/.mutter-Xwaylandauth.BCY4N3'), ('LS_COLORS', 'rs=0:di=01;34:ln=01;36:mh=00:pi=40;33:so=01;35:do=01;35:bd=40;33;01:cd=40;33;01:or=40;31;01:mi=00:su=37;41:sg=30;43:ca=30;41:tw=30;42:ow=34;42:st=37;44:ex=01;32:*.tar=01;31:*.tgz=01;31:*.arc=01;31:*.arj=01;31:*.taz=01;31:*.lha=01;31:*.lz4=01;31:*.lzh=01;31:*.lzma=01;31:*.tlz=01;31:*.txz=01;31:*.tzo=01;31:*.t7z=01;31:*.zip=01;31:*.z=01;31:*.dz=01;31:*.gz=01;31:*.lrz=01;31:*.lz=01;31:*.lzo=01;31:*.xz=01;31:*.zst=01;31:*.tzst=01;31:*.bz2=01;31:*.bz=01;31:*.tbz=01;31:*.tbz2=01;31:*.tz=01;31:*.deb=01;31:*.rpm=01;31:*.jar=01;31:*.war=01;31:*.ear=01;31:*.sar=01;31:*.rar=01;31:*.alz=01;31:*.ace=01;31:*.zoo=01;31:*.cpio=01;31:*.7z=01;31:*.rz=01;31:*.cab=01;31:*.wim=01;31:*.swm=01;31:*.dwm=01;31:*.esd=01;31:*.jpg=01;35:*.jpeg=01;35:*.mjpg=01;35:*.mjpeg=01;35:*.gif=01;35:*.bmp=01;35:*.pbm=01;35:*.pgm=01;35:*.ppm=01;35:*.tga=01;35:*.xbm=01;35:*.xpm=01;35:*.tif=01;35:*.tiff=01;35:*.png=01;35:*.svg=01;35:*.svgz=01;35:*.mng=01;35:*.pcx=01;35:*.mov=01;35:*.mpg=01;35:*.mpeg=01;35:*.m2v=01;35:*.mkv=01;35:*.webm=01;35:*.webp=01;35:*.ogm=01;35:*.mp4=01;35:*.m4v=01;35:*.mp4v=01;35:*.vob=01;35:*.qt=01;35:*.nuv=01;35:*.wmv=01;35:*.asf=01;35:*.rm=01;35:*.rmvb=01;35:*.flc=01;35:*.avi=01;35:*.fli=01;35:*.flv=01;35:*.gl=01;35:*.dl=01;35:*.xcf=01;35:*.xwd=01;35:*.yuv=01;35:*.cgm=01;35:*.emf=01;35:*.ogv=01;35:*.ogx=01;35:*.aac=00;36:*.au=00;36:*.flac=00;36:*.m4a=00;36:*.mid=00;36:*.midi=00;36:*.mka=00;36:*.mp3=00;36:*.mpc=00;36:*.ogg=00;36:*.ra=00;36:*.wav=00;36:*.oga=00;36:*.opus=00;36:*.spx=00;36:*.xspf=00;36:'), ('VSCODE_GIT_IPC_HANDLE', '/run/user/1000/vscode-git-3da86ad6c9.sock'), ('TERM_PROGRAM', 'vscode'), ('SSH_AGENT_LAUNCHER', 'gnome-keyring'), ('SSH_AUTH_SOCK', '/run/user/1000/keyring/ssh'), ('ROS_DOMAIN_ID', '30'), ('AMENT_PREFIX_PATH', '/home/jackfeels/turtlebot3_ws/install/turtlebot3:/home/jackfeels/turtlebot3_ws/install/turtlebot3_teleop:/home/jackfeels/turtlebot3_ws/install/turtlebot3_bringup:/home/jackfeels/turtlebot3_ws/install/turtlebot3_node:/home/jackfeels/turtlebot3_ws/install/turtlebot3_navigation2:/home/jackfeels/turtlebot3_ws/install/turtlebot3_example:/home/jackfeels/turtlebot3_ws/install/turtlebot3_msgs:/home/jackfeels/turtlebot3_ws/install/turtlebot3_description:/home/jackfeels/turtlebot3_ws/install/turtlebot3_cartographer:/home/jackfeels/turtlebot3_ws/install/dynamixel_sdk_examples:/home/jackfeels/turtlebot3_ws/install/dynamixel_sdk_custom_interfaces:/home/jackfeels/turtlebot3_ws/install/dynamixel_sdk:/opt/ros/humble'), ('SHELL', '/bin/bash'), ('QT_ACCESSIBILITY', '1'), ('GDMSESSION', 'ubuntu'), ('LESSCLOSE', '/usr/bin/lesspipe %s %s'), ('GJS_DEBUG_OUTPUT', 'stderr'), ('VSCODE_GIT_ASKPASS_EXTRA_ARGS', ''), ('QT_IM_MODULE', 'ibus'), ('PWD', '/home/jackfeels/Documents/PROYECTO_TURTLEBOT/build/tb3_interfaces'), ('TURTLEBOT3_MODEL', 'burger'), ('XDG_CONFIG_DIRS', '/etc/xdg/xdg-ubuntu:/etc/xdg'), ('XDG_DATA_DIRS', '/usr/share/ubuntu:/usr/local/share/:/usr/share/:/var/lib/snapd/desktop'), ('PYTHONPATH', '/home/jackfeels/turtlebot3_ws/install/turtlebot3_teleop/lib/python3.10/site-packages:/home/jackfeels/turtlebot3_ws/install/turtlebot3_example/lib/python3.10/site-packages:/home/jackfeels/turtlebot3_ws/install/turtlebot3_msgs/local/lib/python3.10/dist-packages:/home/jackfeels/turtlebot3_ws/install/dynamixel_sdk_custom_interfaces/local/lib/python3.10/dist-packages:/home/jackfeels/turtlebot3_ws/install/dynamixel_sdk/local/lib/python3.10/dist-packages:/opt/ros/humble/lib/python3.10/site-packages:/opt/ros/humble/local/lib/python3.10/dist-packages'), ('COLCON', '1'), ('CMAKE_PREFIX_PATH', '/home/jackfeels/turtlebot3_ws/install/turtlebot3:/home/jackfeels/turtlebot3_ws/install/turtlebot3_bringup:/home/jackfeels/turtlebot3_ws/install/turtlebot3_node:/home/jackfeels/turtlebot3_ws/install/turtlebot3_navigation2:/home/jackfeels/turtlebot3_ws/install/turtlebot3_msgs:/home/jackfeels/turtlebot3_ws/install/turtlebot3_description:/home/jackfeels/turtlebot3_ws/install/turtlebot3_cartographer:/home/jackfeels/turtlebot3_ws/install/dynamixel_sdk_examples:/home/jackfeels/turtlebot3_ws/install/dynamixel_sdk_custom_interfaces:/home/jackfeels/turtlebot3_ws/install/dynamixel_sdk')]), 'shell': False}
[0.400105] (-) TimerEvent: {}
[0.405919] (tb3_interfaces) StdoutLine: {'line': b'-- Install configuration: ""\n'}
[0.406031] (tb3_interfaces) StdoutLine: {'line': b'-- Up-to-date: /home/jackfeels/Documents/PROYECTO_TURTLEBOT/install/tb3_interfaces/share/ament_index/resource_index/rosidl_interfaces/tb3_interfaces\n'}
[0.406082] (tb3_interfaces) StdoutLine: {'line': b'-- Up-to-date: /home/jackfeels/Documents/PROYECTO_TURTLEBOT/install/tb3_interfaces/include/tb3_interfaces/tb3_interfaces\n'}
[0.406129] (tb3_interfaces) StdoutLine: {'line': b'-- Up-to-date: /home/jackfeels/Documents/PROYECTO_TURTLEBOT/install/tb3_interfaces/include/tb3_interfaces/tb3_interfaces/msg\n'}
[0.406179] (tb3_interfaces) StdoutLine: {'line': b'-- Up-to-date: /home/jackfeels/Documents/PROYECTO_TURTLEBOT/install/tb3_interfaces/include/tb3_interfaces/tb3_interfaces/msg/rosidl_generator_c__visibility_control.h\n'}
[0.406211] (tb3_interfaces) StdoutLine: {'line': b'-- Up-to-date: /home/jackfeels/Documents/PROYECTO_TURTLEBOT/install/tb3_interfaces/include/tb3_interfaces/tb3_interfaces/msg/tracked_person_array.h\n'}
[0.406241] (tb3_interfaces) StdoutLine: {'line': b'-- Up-to-date: /home/jackfeels/Documents/PROYECTO_TURTLEBOT/install/tb3_interfaces/include/tb3_interfaces/tb3_interfaces/msg/tracked_person.h\n'}
[0.406269] (tb3_interfaces) StdoutLine: {'line': b'-- Up-to-date: /home/jackfeels/Documents/PROYECTO_TURTLEBOT/install/tb3_interfaces/include/tb3_interfaces/tb3_interfaces/msg/detail\n'}
[0.406299] (tb3_interfaces) StdoutLine: {'line': b'-- Up-to-date: /home/jackfeels/Documents/PROYECTO_TURTLEBOT/install/tb3_interfaces/include/tb3_interfaces/tb3_interfaces/msg/detail/tracked_person_array__functions.h\n'}
[0.406327] (tb3_interfaces) StdoutLine: {'line': b'-- Up-to-date: /home/jackfeels/Documents/PROYECTO_TURTLEBOT/install/tb3_interfaces/include/tb3_interfaces/tb3_interfaces/msg/detail/target_info__functions.c\n'}
[0.406368] (tb3_interfaces) StdoutLine: {'line': b'-- Up-to-date: /home/jackfeels/Documents/PROYECTO_TURTLEBOT/install/tb3_interfaces/include/tb3_interfaces/tb3_interfaces/msg/detail/tracked_person_array__functions.c\n'}
[0.406414] (tb3_interfaces) StdoutLine: {'line': b'-- Up-to-date: /home/jackfeels/Documents/PROYECTO_TURTLEBOT/install/tb3_interfaces/include/tb3_interfaces/tb3_interfaces/msg/detail/tracked_person__functions.h\n'}
[0.406445] (tb3_interfaces) StdoutLine: {'line': b'-- Up-to-date: /home/jackfeels/Documents/PROYECTO_TURTLEBOT/install/tb3_interfaces/include/tb3_interfaces/tb3_interfaces/msg/detail/target_info__functions.h\n'}
[0.406474] (tb3_interfaces) StdoutLine: {'line': b'-- Up-to-date: /home/jackfeels/Documents/PROYECTO_TURTLEBOT/install/tb3_interfaces/include/tb3_interfaces/tb3_interfaces/msg/detail/tracked_person__struct.h\n'}
[0.406507] (tb3_interfaces) StdoutLine: {'line': b'-- Up-to-date: /home/jackfeels/Documents/PROYECTO_TURTLEBOT/install/tb3_interfaces/include/tb3_interfaces/tb3_interfaces/msg/detail/tracked_person__functions.c\n'}
[0.406536] (tb3_interfaces) StdoutLine: {'line': b'-- Up-to-date: /home/jackfeels/Documents/PROYECTO_TURTLEBOT/install/tb3_interfaces/include/tb3_interfaces/tb3_interfaces/msg/detail/tracked_person_array__type_support.h\n'}
[0.406565] (tb3_interfaces) StdoutLine: {'line': b'-- Up-to-date: /home/jackfeels/Documents/PROYECTO_TURTLEBOT/install/tb3_interfaces/include/tb3_interfaces/tb3_interfaces/msg/detail/tracked_person_array__struct.h\n'}
[0.406594] (tb3_interfaces) StdoutLine: {'line': b'-- Up-to-date: /home/jackfeels/Documents/PROYECTO_TURTLEBOT/install/tb3_interfaces/include/tb3_interfaces/tb3_interfaces/msg/detail/target_info__type_support.h\n'}
[0.406622] (tb3_interfaces) StdoutLine: {'line': b'-- Up-to-date: /home/jackfeels/Documents/PROYECTO_TURTLEBOT/install/tb3_interfaces/include/tb3_interfaces/tb3_interfaces/msg/detail/target_info__struct.h\n'}
[0.406651] (tb3_interfaces) StdoutLine: {'line': b'-- Up-to-date: /home/jackfeels/Documents/PROYECTO_TURTLEBOT/install/tb3_interfaces/include/tb3_interfaces/tb3_interfaces/msg/detail/tracked_person__type_support.h\n'}
[0.406779] (tb3_interfaces) StdoutLine: {'line': b'-- Up-to-date: /home/jackfeels/Documents/PROYECTO_TURTLEBOT/install/tb3_interfaces/include/tb3_interfaces/tb3_interfaces/msg/target_info.h\n'}
[0.406809] (tb3_interfaces) StdoutLine: {'line': b'-- Up-to-date: /home/jackfeels/Documents/PROYECTO_TURTLEBOT/install/tb3_interfaces/share/tb3_interfaces/environment/library_path.sh\n'}
[0.406840] (tb3_interfaces) StdoutLine: {'line': b'-- Up-to-date: /home/jackfeels/Documents/PROYECTO_TURTLEBOT/install/tb3_interfaces/share/tb3_interfaces/environment/library_path.dsv\n'}
[0.406872] (tb3_interfaces) StdoutLine: {'line': b'-- Up-to-date: /home/jackfeels/Documents/PROYECTO_TURTLEBOT/install/tb3_interfaces/lib/libtb3_interfaces__rosidl_generator_c.so\n'}
[0.406901] (tb3_interfaces) StdoutLine: {'line': b'-- Up-to-date: /home/jackfeels/Documents/PROYECTO_TURTLEBOT/install/tb3_interfaces/include/tb3_interfaces/tb3_interfaces\n'}
[0.406931] (tb3_interfaces) StdoutLine: {'line': b'-- Up-to-date: /home/jackfeels/Documents/PROYECTO_TURTLEBOT/install/tb3_interfaces/include/tb3_interfaces/tb3_interfaces/msg\n'}
[0.406961] (tb3_interfaces) StdoutLine: {'line': b'-- Up-to-date: /home/jackfeels/Documents/PROYECTO_TURTLEBOT/install/tb3_interfaces/include/tb3_interfaces/tb3_interfaces/msg/rosidl_typesupport_fastrtps_c__visibility_control.h\n'}
[0.406990] (tb3_interfaces) StdoutLine: {'line': b'-- Up-to-date: /home/jackfeels/Documents/PROYECTO_TURTLEBOT/install/tb3_interfaces/include/tb3_interfaces/tb3_interfaces/msg/detail\n'}
[0.407020] (tb3_interfaces) StdoutLine: {'line': b'-- Up-to-date: /home/jackfeels/Documents/PROYECTO_TURTLEBOT/install/tb3_interfaces/include/tb3_interfaces/tb3_interfaces/msg/detail/tracked_person__rosidl_typesupport_fastrtps_c.h\n'}
[0.407057] (tb3_interfaces) StdoutLine: {'line': b'-- Up-to-date: /home/jackfeels/Documents/PROYECTO_TURTLEBOT/install/tb3_interfaces/include/tb3_interfaces/tb3_interfaces/msg/detail/target_info__rosidl_typesupport_fastrtps_c.h\n'}
[0.407089] (tb3_interfaces) StdoutLine: {'line': b'-- Up-to-date: /home/jackfeels/Documents/PROYECTO_TURTLEBOT/install/tb3_interfaces/include/tb3_interfaces/tb3_interfaces/msg/detail/tracked_person_array__rosidl_typesupport_fastrtps_c.h\n'}
[0.407118] (tb3_interfaces) StdoutLine: {'line': b'-- Up-to-date: /home/jackfeels/Documents/PROYECTO_TURTLEBOT/install/tb3_interfaces/lib/libtb3_interfaces__rosidl_typesupport_fastrtps_c.so\n'}
[0.407148] (tb3_interfaces) StdoutLine: {'line': b'-- Up-to-date: /home/jackfeels/Documents/PROYECTO_TURTLEBOT/install/tb3_interfaces/include/tb3_interfaces/tb3_interfaces\n'}
[0.407177] (tb3_interfaces) StdoutLine: {'line': b'-- Up-to-date: /home/jackfeels/Documents/PROYECTO_TURTLEBOT/install/tb3_interfaces/include/tb3_interfaces/tb3_interfaces/msg\n'}
[0.407207] (tb3_interfaces) StdoutLine: {'line': b'-- Up-to-date: /home/jackfeels/Documents/PROYECTO_TURTLEBOT/install/tb3_interfaces/include/tb3_interfaces/tb3_interfaces/msg/detail\n'}
[0.407237] (tb3_interfaces) StdoutLine: {'line': b'-- Up-to-date: /home/jackfeels/Documents/PROYECTO_TURTLEBOT/install/tb3_interfaces/include/tb3_interfaces/tb3_interfaces/msg/detail/tracked_person__rosidl_typesupport_introspection_c.h\n'}
[0.407266] (tb3_interfaces) StdoutLine: {'line': b'-- Up-to-date: /home/jackfeels/Documents/PROYECTO_TURTLEBOT/install/tb3_interfaces/include/tb3_interfaces/tb3_interfaces/msg/detail/tracked_person_array__type_support.c\n'}
[0.407296] (tb3_interfaces) StdoutLine: {'line': b'-- Up-to-date: /home/jackfeels/Documents/PROYECTO_TURTLEBOT/install/tb3_interfaces/include/tb3_interfaces/tb3_interfaces/msg/detail/target_info__rosidl_typesupport_introspection_c.h\n'}
[0.407326] (tb3_interfaces) StdoutLine: {'line': b'-- Up-to-date: /home/jackfeels/Documents/PROYECTO_TURTLEBOT/install/tb3_interfaces/include/tb3_interfaces/tb3_interfaces/msg/detail/tracked_person__type_support.c\n'}
[0.407358] (tb3_interfaces) StdoutLine: {'line': b'-- Up-to-date: /home/jackfeels/Documents/PROYECTO_TURTLEBOT/install/tb3_interfaces/include/tb3_interfaces/tb3_interfaces/msg/detail/target_info__type_support.c\n'}
[0.407387] (tb3_interfaces) StdoutLine: {'line': b'-- Up-to-date: /home/jackfeels/Documents/PROYECTO_TURTLEBOT/install/tb3_interfaces/include/tb3_interfaces/tb3_interfaces/msg/detail/tracked_person_array__rosidl_typesupport_introspection_c.h\n'}
[0.407417] (tb3_interfaces) StdoutLine: {'line': b'-- Up-to-date: /home/jackfeels/Documents/PROYECTO_TURTLEBOT/install/tb3_interfaces/include/tb3_interfaces/tb3_interfaces/msg/rosidl_typesupport_introspection_c__visibility_control.h\n'}
[0.407447] (tb3_interfaces) StdoutLine: {'line': b'-- Up-to-date: /home/jackfeels/Documents/PROYECTO_TURTLEBOT/install/tb3_interfaces/lib/libtb3_interfaces__rosidl_typesupport_introspection_c.so\n'}
[0.407479] (tb3_interfaces) StdoutLine: {'line': b'-- Up-to-date: /home/jackfeels/Documents/PROYECTO_TURTLEBOT/install/tb3_interfaces/lib/libtb3_interfaces__rosidl_typesupport_c.so\n'}
[0.407508] (tb3_interfaces) StdoutLine: {'line': b'-- Up-to-date: /home/jackfeels/Documents/PROYECTO_TURTLEBOT/install/tb3_interfaces/include/tb3_interfaces/tb3_interfaces\n'}
[0.407539] (tb3_interfaces) StdoutLine: {'line': b'-- Up-to-date: /home/jackfeels/Documents/PROYECTO_TURTLEBOT/install/tb3_interfaces/include/tb3_interfaces/tb3_interfaces/msg\n'}
[0.407569] (tb3_interfaces) StdoutLine: {'line': b'-- Up-to-date: /home/jackfeels/Documents/PROYECTO_TURTLEBOT/install/tb3_interfaces/include/tb3_interfaces/tb3_interfaces/msg/tracked_person.hpp\n'}
[0.407602] (tb3_interfaces) StdoutLine: {'line': b'-- Up-to-date: /home/jackfeels/Documents/PROYECTO_TURTLEBOT/install/tb3_interfaces/include/tb3_interfaces/tb3_interfaces/msg/rosidl_generator_cpp__visibility_control.hpp\n'}
[0.407632] (tb3_interfaces) StdoutLine: {'line': b'-- Up-to-date: /home/jackfeels/Documents/PROYECTO_TURTLEBOT/install/tb3_interfaces/include/tb3_interfaces/tb3_interfaces/msg/target_info.hpp\n'}
[0.407661] (tb3_interfaces) StdoutLine: {'line': b'-- Up-to-date: /home/jackfeels/Documents/PROYECTO_TURTLEBOT/install/tb3_interfaces/include/tb3_interfaces/tb3_interfaces/msg/detail\n'}
[0.407690] (tb3_interfaces) StdoutLine: {'line': b'-- Up-to-date: /home/jackfeels/Documents/PROYECTO_TURTLEBOT/install/tb3_interfaces/include/tb3_interfaces/tb3_interfaces/msg/detail/target_info__struct.hpp\n'}
[0.407720] (tb3_interfaces) StdoutLine: {'line': b'-- Up-to-date: /home/jackfeels/Documents/PROYECTO_TURTLEBOT/install/tb3_interfaces/include/tb3_interfaces/tb3_interfaces/msg/detail/tracked_person__builder.hpp\n'}
[0.407780] (tb3_interfaces) StdoutLine: {'line': b'-- Up-to-date: /home/jackfeels/Documents/PROYECTO_TURTLEBOT/install/tb3_interfaces/include/tb3_interfaces/tb3_interfaces/msg/detail/target_info__type_support.hpp\n'}
[0.407813] (tb3_interfaces) StdoutLine: {'line': b'-- Up-to-date: /home/jackfeels/Documents/PROYECTO_TURTLEBOT/install/tb3_interfaces/include/tb3_interfaces/tb3_interfaces/msg/detail/tracked_person_array__type_support.hpp\n'}
[0.407842] (tb3_interfaces) StdoutLine: {'line': b'-- Up-to-date: /home/jackfeels/Documents/PROYECTO_TURTLEBOT/install/tb3_interfaces/include/tb3_interfaces/tb3_interfaces/msg/detail/tracked_person__type_support.hpp\n'}
[0.407870] (tb3_interfaces) StdoutLine: {'line': b'-- Up-to-date: /home/jackfeels/Documents/PROYECTO_TURTLEBOT/install/tb3_interfaces/include/tb3_interfaces/tb3_interfaces/msg/detail/tracked_person__struct.hpp\n'}
[0.407900] (tb3_interfaces) StdoutLine: {'line': b'-- Up-to-date: /home/jackfeels/Documents/PROYECTO_TURTLEBOT/install/tb3_interfaces/include/tb3_interfaces/tb3_interfaces/msg/detail/tracked_person_array__struct.hpp\n'}
[0.407929] (tb3_interfaces) StdoutLine: {'line': b'-- Up-to-date: /home/jackfeels/Documents/PROYECTO_TURTLEBOT/install/tb3_interfaces/include/tb3_interfaces/tb3_interfaces/msg/detail/tracked_person__traits.hpp\n'}
[0.407959] (tb3_interfaces) StdoutLine: {'line': b'-- Up-to-date: /home/jackfeels/Documents/PROYECTO_TURTLEBOT/install/tb3_interfaces/include/tb3_interfaces/tb3_interfaces/msg/detail/target_info__builder.hpp\n'}
[0.407988] (tb3_interfaces) StdoutLine: {'line': b'-- Up-to-date: /home/jackfeels/Documents/PROYECTO_TURTLEBOT/install/tb3_interfaces/include/tb3_interfaces/tb3_interfaces/msg/detail/tracked_person_array__builder.hpp\n'}
[0.408018] (tb3_interfaces) StdoutLine: {'line': b'-- Up-to-date: /home/jackfeels/Documents/PROYECTO_TURTLEBOT/install/tb3_interfaces/include/tb3_interfaces/tb3_interfaces/msg/detail/target_info__traits.hpp\n'}
[0.408047] (tb3_interfaces) StdoutLine: {'line': b'-- Up-to-date: /home/jackfeels/Documents/PROYECTO_TURTLEBOT/install/tb3_interfaces/include/tb3_interfaces/tb3_interfaces/msg/detail/tracked_person_array__traits.hpp\n'}
[0.408077] (tb3_interfaces) StdoutLine: {'line': b'-- Up-to-date: /home/jackfeels/Documents/PROYECTO_TURTLEBOT/install/tb3_interfaces/include/tb3_interfaces/tb3_interfaces/msg/tracked_person_array.hpp\n'}
[0.408109] (tb3_interfaces) StdoutLine: {'line': b'-- Up-to-date: /home/jackfeels/Documents/PROYECTO_TURTLEBOT/install/tb3_interfaces/include/tb3_interfaces/tb3_interfaces\n'}
[0.408141] (tb3_interfaces) StdoutLine: {'line': b'-- Up-to-date: /home/jackfeels/Documents/PROYECTO_TURTLEBOT/install/tb3_interfaces/include/tb3_interfaces/tb3_interfaces/msg\n'}
[0.408172] (tb3_interfaces) StdoutLine: {'line': b'-- Up-to-date: /home/jackfeels/Documents/PROYECTO_TURTLEBOT/install/tb3_interfaces/include/tb3_interfaces/tb3_interfaces/msg/detail\n'}
[0.408202] (tb3_interfaces) StdoutLine: {'line': b'-- Up-to-date: /home/jackfeels/Documents/PROYECTO_TURTLEBOT/install/tb3_interfaces/include/tb3_interfaces/tb3_interfaces/msg/detail/dds_fastrtps\n'}
[0.408231] (tb3_interfaces) StdoutLine: {'line': b'-- Up-to-date: /home/jackfeels/Documents/PROYECTO_TURTLEBOT/install/tb3_interfaces/include/tb3_interfaces/tb3_interfaces/msg/detail/target_info__rosidl_typesupport_fastrtps_cpp.hpp\n'}
[0.408272] (tb3_interfaces) StdoutLine: {'line': b'-- Up-to-date: /home/jackfeels/Documents/PROYECTO_TURTLEBOT/install/tb3_interfaces/include/tb3_interfaces/tb3_interfaces/msg/detail/tracked_person_array__rosidl_typesupport_fastrtps_cpp.hpp\n'}
[0.408306] (tb3_interfaces) StdoutLine: {'line': b'-- Up-to-date: /home/jackfeels/Documents/PROYECTO_TURTLEBOT/install/tb3_interfaces/include/tb3_interfaces/tb3_interfaces/msg/detail/tracked_person__rosidl_typesupport_fastrtps_cpp.hpp\n'}
[0.408335] (tb3_interfaces) StdoutLine: {'line': b'-- Up-to-date: /home/jackfeels/Documents/PROYECTO_TURTLEBOT/install/tb3_interfaces/include/tb3_interfaces/tb3_interfaces/msg/rosidl_typesupport_fastrtps_cpp__visibility_control.h\n'}
[0.408364] (tb3_interfaces) StdoutLine: {'line': b'-- Up-to-date: /home/jackfeels/Documents/PROYECTO_TURTLEBOT/install/tb3_interfaces/lib/libtb3_interfaces__rosidl_typesupport_fastrtps_cpp.so\n'}
[0.408394] (tb3_interfaces) StdoutLine: {'line': b'-- Up-to-date: /home/jackfeels/Documents/PROYECTO_TURTLEBOT/install/tb3_interfaces/include/tb3_interfaces/tb3_interfaces\n'}
[0.408428] (tb3_interfaces) StdoutLine: {'line': b'-- Up-to-date: /home/jackfeels/Documents/PROYECTO_TURTLEBOT/install/tb3_interfaces/include/tb3_interfaces/tb3_interfaces/msg\n'}
[0.408458] (tb3_interfaces) StdoutLine: {'line': b'-- Up-to-date: /home/jackfeels/Documents/PROYECTO_TURTLEBOT/install/tb3_interfaces/include/tb3_interfaces/tb3_interfaces/msg/detail\n'}
[0.408487] (tb3_interfaces) StdoutLine: {'line': b'-- Up-to-date: /home/jackfeels/Documents/PROYECTO_TURTLEBOT/install/tb3_interfaces/include/tb3_interfaces/tb3_interfaces/msg/detail/tracked_person__rosidl_typesupport_introspection_cpp.hpp\n'}
[0.408516] (tb3_interfaces) StdoutLine: {'line': b'-- Up-to-date: /home/jackfeels/Documents/PROYECTO_TURTLEBOT/install/tb3_interfaces/include/tb3_interfaces/tb3_interfaces/msg/detail/tracked_person__type_support.cpp\n'}
[0.408545] (tb3_interfaces) StdoutLine: {'line': b'-- Up-to-date: /home/jackfeels/Documents/PROYECTO_TURTLEBOT/install/tb3_interfaces/include/tb3_interfaces/tb3_interfaces/msg/detail/target_info__rosidl_typesupport_introspection_cpp.hpp\n'}
[0.408611] (tb3_interfaces) StdoutLine: {'line': b'-- Up-to-date: /home/jackfeels/Documents/PROYECTO_TURTLEBOT/install/tb3_interfaces/include/tb3_interfaces/tb3_interfaces/msg/detail/target_info__type_support.cpp\n'}
[0.408643] (tb3_interfaces) StdoutLine: {'line': b'-- Up-to-date: /home/jackfeels/Documents/PROYECTO_TURTLEBOT/install/tb3_interfaces/include/tb3_interfaces/tb3_interfaces/msg/detail/tracked_person_array__type_support.cpp\n'}
[0.408673] (tb3_interfaces) StdoutLine: {'line': b'-- Up-to-date: /home/jackfeels/Documents/PROYECTO_TURTLEBOT/install/tb3_interfaces/include/tb3_interfaces/tb3_interfaces/msg/detail/tracked_person_array__rosidl_typesupport_introspection_cpp.hpp\n'}
[0.408702] (tb3_interfaces) StdoutLine: {'line': b'-- Up-to-date: /home/jackfeels/Documents/PROYECTO_TURTLEBOT/install/tb3_interfaces/lib/libtb3_interfaces__rosidl_typesupport_introspection_cpp.so\n'}
[0.408734] (tb3_interfaces) StdoutLine: {'line': b'-- Up-to-date: /home/jackfeels/Documents/PROYECTO_TURTLEBOT/install/tb3_interfaces/lib/libtb3_interfaces__rosidl_typesupport_cpp.so\n'}
[0.408763] (tb3_interfaces) StdoutLine: {'line': b'-- Up-to-date: /home/jackfeels/Documents/PROYECTO_TURTLEBOT/install/tb3_interfaces/share/tb3_interfaces/environment/pythonpath.sh\n'}
[0.408792] (tb3_interfaces) StdoutLine: {'line': b'-- Up-to-date: /home/jackfeels/Documents/PROYECTO_TURTLEBOT/install/tb3_interfaces/share/tb3_interfaces/environment/pythonpath.dsv\n'}
[0.408827] (tb3_interfaces) StdoutLine: {'line': b'-- Up-to-date: /home/jackfeels/Documents/PROYECTO_TURTLEBOT/install/tb3_interfaces/local/lib/python3.10/dist-packages/tb3_interfaces-0.0.1-py3.10.egg-info\n'}
[0.408858] (tb3_interfaces) StdoutLine: {'line': b'-- Installing: /home/jackfeels/Documents/PROYECTO_TURTLEBOT/install/tb3_interfaces/local/lib/python3.10/dist-packages/tb3_interfaces-0.0.1-py3.10.egg-info/dependency_links.txt\n'}
[0.408888] (tb3_interfaces) StdoutLine: {'line': b'-- Installing: /home/jackfeels/Documents/PROYECTO_TURTLEBOT/install/tb3_interfaces/local/lib/python3.10/dist-packages/tb3_interfaces-0.0.1-py3.10.egg-info/top_level.txt\n'}
[0.408917] (tb3_interfaces) StdoutLine: {'line': b'-- Installing: /home/jackfeels/Documents/PROYECTO_TURTLEBOT/install/tb3_interfaces/local/lib/python3.10/dist-packages/tb3_interfaces-0.0.1-py3.10.egg-info/PKG-INFO\n'}
[0.408948] (tb3_interfaces) StdoutLine: {'line': b'-- Installing: /home/jackfeels/Documents/PROYECTO_TURTLEBOT/install/tb3_interfaces/local/lib/python3.10/dist-packages/tb3_interfaces-0.0.1-py3.10.egg-info/SOURCES.txt\n'}
[0.408977] (tb3_interfaces) StdoutLine: {'line': b'-- Up-to-date: /home/jackfeels/Documents/PROYECTO_TURTLEBOT/install/tb3_interfaces/local/lib/python3.10/dist-packages/tb3_interfaces\n'}
[0.409006] (tb3_interfaces) StdoutLine: {'line': b'-- Up-to-date: /home/jackfeels/Documents/PROYECTO_TURTLEBOT/install/tb3_interfaces/local/lib/python3.10/dist-packages/tb3_interfaces/msg\n'}
[0.409036] (tb3_interfaces) StdoutLine: {'line': b'-- Up-to-date: /home/jackfeels/Documents/PROYECTO_TURTLEBOT/install/tb3_interfaces/local/lib/python3.10/dist-packages/tb3_interfaces/msg/_target_info_s.c\n'}
[0.409065] (tb3_interfaces) StdoutLine: {'line': b'-- Up-to-date: /home/jackfeels/Documents/PROYECTO_TURTLEBOT/install/tb3_interfaces/local/lib/python3.10/dist-packages/tb3_interfaces/msg/_target_info.py\n'}
[0.409094] (tb3_interfaces) StdoutLine: {'line': b'-- Up-to-date: /home/jackfeels/Documents/PROYECTO_TURTLEBOT/install/tb3_interfaces/local/lib/python3.10/dist-packages/tb3_interfaces/msg/_tracked_person_array_s.c\n'}
[0.409123] (tb3_interfaces) StdoutLine: {'line': b'-- Up-to-date: /home/jackfeels/Documents/PROYECTO_TURTLEBOT/install/tb3_interfaces/local/lib/python3.10/dist-packages/tb3_interfaces/msg/_tracked_person_array.py\n'}
[0.409152] (tb3_interfaces) StdoutLine: {'line': b'-- Up-to-date: /home/jackfeels/Documents/PROYECTO_TURTLEBOT/install/tb3_interfaces/local/lib/python3.10/dist-packages/tb3_interfaces/msg/__init__.py\n'}
[0.409181] (tb3_interfaces) StdoutLine: {'line': b'-- Up-to-date: /home/jackfeels/Documents/PROYECTO_TURTLEBOT/install/tb3_interfaces/local/lib/python3.10/dist-packages/tb3_interfaces/msg/_tracked_person_s.c\n'}
[0.409211] (tb3_interfaces) StdoutLine: {'line': b'-- Up-to-date: /home/jackfeels/Documents/PROYECTO_TURTLEBOT/install/tb3_interfaces/local/lib/python3.10/dist-packages/tb3_interfaces/msg/_tracked_person.py\n'}
[0.409244] (tb3_interfaces) StdoutLine: {'line': b'-- Up-to-date: /home/jackfeels/Documents/PROYECTO_TURTLEBOT/install/tb3_interfaces/local/lib/python3.10/dist-packages/tb3_interfaces/_tb3_interfaces_s.ep.rosidl_typesupport_fastrtps_c.c\n'}
[0.409273] (tb3_interfaces) StdoutLine: {'line': b'-- Up-to-date: /home/jackfeels/Documents/PROYECTO_TURTLEBOT/install/tb3_interfaces/local/lib/python3.10/dist-packages/tb3_interfaces/libtb3_interfaces__rosidl_generator_py.so\n'}
[0.409304] (tb3_interfaces) StdoutLine: {'line': b'-- Up-to-date: /home/jackfeels/Documents/PROYECTO_TURTLEBOT/install/tb3_interfaces/local/lib/python3.10/dist-packages/tb3_interfaces/_tb3_interfaces_s.ep.rosidl_typesupport_introspection_c.c\n'}
[0.409333] (tb3_interfaces) StdoutLine: {'line': b'-- Up-to-date: /home/jackfeels/Documents/PROYECTO_TURTLEBOT/install/tb3_interfaces/local/lib/python3.10/dist-packages/tb3_interfaces/tb3_interfaces_s__rosidl_typesupport_c.cpython-310-aarch64-linux-gnu.so\n'}
[0.409363] (tb3_interfaces) StdoutLine: {'line': b'-- Up-to-date: /home/jackfeels/Documents/PROYECTO_TURTLEBOT/install/tb3_interfaces/local/lib/python3.10/dist-packages/tb3_interfaces/tb3_interfaces_s__rosidl_typesupport_fastrtps_c.cpython-310-aarch64-linux-gnu.so\n'}
[0.409393] (tb3_interfaces) StdoutLine: {'line': b'-- Up-to-date: /home/jackfeels/Documents/PROYECTO_TURTLEBOT/install/tb3_interfaces/local/lib/python3.10/dist-packages/tb3_interfaces/__init__.py\n'}
[0.409422] (tb3_interfaces) StdoutLine: {'line': b'-- Up-to-date: /home/jackfeels/Documents/PROYECTO_TURTLEBOT/install/tb3_interfaces/local/lib/python3.10/dist-packages/tb3_interfaces/tb3_interfaces_s__rosidl_typesupport_introspection_c.cpython-310-aarch64-linux-gnu.so\n'}
[0.409452] (tb3_interfaces) StdoutLine: {'line': b'-- Up-to-date: /home/jackfeels/Documents/PROYECTO_TURTLEBOT/install/tb3_interfaces/local/lib/python3.10/dist-packages/tb3_interfaces/_tb3_interfaces_s.ep.rosidl_typesupport_c.c\n'}
[0.443667] (tb3_interfaces) StdoutLine: {'line': b"Listing '/home/jackfeels/Documents/PROYECTO_TURTLEBOT/install/tb3_interfaces/local/lib/python3.10/dist-packages/tb3_interfaces'...\n"}
[0.443801] (tb3_interfaces) StdoutLine: {'line': b"Listing '/home/jackfeels/Documents/PROYECTO_TURTLEBOT/install/tb3_interfaces/local/lib/python3.10/dist-packages/tb3_interfaces/msg'...\n"}
[0.451820] (tb3_interfaces) StdoutLine: {'line': b'-- Up-to-date: /home/jackfeels/Documents/PROYECTO_TURTLEBOT/install/tb3_interfaces/local/lib/python3.10/dist-packages/tb3_interfaces/tb3_interfaces_s__rosidl_typesupport_fastrtps_c.cpython-310-aarch64-linux-gnu.so\n'}
[0.452431] (tb3_interfaces) StdoutLine: {'line': b'-- Up-to-date: /home/jackfeels/Documents/PROYECTO_TURTLEBOT/install/tb3_interfaces/local/lib/python3.10/dist-packages/tb3_interfaces/tb3_interfaces_s__rosidl_typesupport_introspection_c.cpython-310-aarch64-linux-gnu.so\n'}
[0.452482] (tb3_interfaces) StdoutLine: {'line': b'-- Up-to-date: /home/jackfeels/Documents/PROYECTO_TURTLEBOT/install/tb3_interfaces/local/lib/python3.10/dist-packages/tb3_interfaces/tb3_interfaces_s__rosidl_typesupport_c.cpython-310-aarch64-linux-gnu.so\n'}
[0.452521] (tb3_interfaces) StdoutLine: {'line': b'-- Up-to-date: /home/jackfeels/Documents/PROYECTO_TURTLEBOT/install/tb3_interfaces/lib/libtb3_interfaces__rosidl_generator_py.so\n'}
[0.452553] (tb3_interfaces) StdoutLine: {'line': b'-- Up-to-date: /home/jackfeels/Documents/PROYECTO_TURTLEBOT/install/tb3_interfaces/share/ament_index/resource_index/rust_packages/tb3_interfaces\n'}
[0.452584] (tb3_interfaces) StdoutLine: {'line': b'-- Up-to-date: /home/jackfeels/Documents/PROYECTO_TURTLEBOT/install/tb3_interfaces/share/tb3_interfaces/rust\n'}
[0.452613] (tb3_interfaces) StdoutLine: {'line': b'-- Up-to-date: /home/jackfeels/Documents/PROYECTO_TURTLEBOT/install/tb3_interfaces/share/tb3_interfaces/rust/Cargo.toml\n'}
[0.452642] (tb3_interfaces) StdoutLine: {'line': b'-- Up-to-date: /home/jackfeels/Documents/PROYECTO_TURTLEBOT/install/tb3_interfaces/share/tb3_interfaces/rust/build.rs\n'}
[0.452670] (tb3_interfaces) StdoutLine: {'line': b'-- Up-to-date: /home/jackfeels/Documents/PROYECTO_TURTLEBOT/install/tb3_interfaces/share/tb3_interfaces/rust/src\n'}
[0.452699] (tb3_interfaces) StdoutLine: {'line': b'-- Up-to-date: /home/jackfeels/Documents/PROYECTO_TURTLEBOT/install/tb3_interfaces/share/tb3_interfaces/rust/src/msg\n'}
[0.452728] (tb3_interfaces) StdoutLine: {'line': b'-- Up-to-date: /home/jackfeels/Documents/PROYECTO_TURTLEBOT/install/tb3_interfaces/share/tb3_interfaces/rust/src/msg/rmw.rs\n'}
[0.452772] (tb3_interfaces) StdoutLine: {'line': b'-- Up-to-date: /home/jackfeels/Documents/PROYECTO_TURTLEBOT/install/tb3_interfaces/share/tb3_interfaces/rust/src/lib.rs\n'}
[0.452804] (tb3_interfaces) StdoutLine: {'line': b'-- Up-to-date: /home/jackfeels/Documents/PROYECTO_TURTLEBOT/install/tb3_interfaces/share/tb3_interfaces/rust/src/msg.rs\n'}
[0.452840] (tb3_interfaces) StdoutLine: {'line': b'-- Up-to-date: /home/jackfeels/Documents/PROYECTO_TURTLEBOT/install/tb3_interfaces/share/tb3_interfaces/msg/TrackedPerson.idl\n'}
[0.452879] (tb3_interfaces) StdoutLine: {'line': b'-- Up-to-date: /home/jackfeels/Documents/PROYECTO_TURTLEBOT/install/tb3_interfaces/share/tb3_interfaces/msg/TrackedPersonArray.idl\n'}
[0.452909] (tb3_interfaces) StdoutLine: {'line': b'-- Up-to-date: /home/jackfeels/Documents/PROYECTO_TURTLEBOT/install/tb3_interfaces/share/tb3_interfaces/msg/TargetInfo.idl\n'}
[0.452938] (tb3_interfaces) StdoutLine: {'line': b'-- Up-to-date: /home/jackfeels/Documents/PROYECTO_TURTLEBOT/install/tb3_interfaces/share/tb3_interfaces/msg/TrackedPerson.msg\n'}
[0.452970] (tb3_interfaces) StdoutLine: {'line': b'-- Up-to-date: /home/jackfeels/Documents/PROYECTO_TURTLEBOT/install/tb3_interfaces/share/tb3_interfaces/msg/TrackedPersonArray.msg\n'}
[0.452999] (tb3_interfaces) StdoutLine: {'line': b'-- Up-to-date: /home/jackfeels/Documents/PROYECTO_TURTLEBOT/install/tb3_interfaces/share/tb3_interfaces/msg/TargetInfo.msg\n'}
[0.453028] (tb3_interfaces) StdoutLine: {'line': b'-- Up-to-date: /home/jackfeels/Documents/PROYECTO_TURTLEBOT/install/tb3_interfaces/share/ament_index/resource_index/package_run_dependencies/tb3_interfaces\n'}
[0.453058] (tb3_interfaces) StdoutLine: {'line': b'-- Up-to-date: /home/jackfeels/Documents/PROYECTO_TURTLEBOT/install/tb3_interfaces/share/ament_index/resource_index/parent_prefix_path/tb3_interfaces\n'}
[0.453088] (tb3_interfaces) StdoutLine: {'line': b'-- Up-to-date: /home/jackfeels/Documents/PROYECTO_TURTLEBOT/install/tb3_interfaces/share/tb3_interfaces/environment/ament_prefix_path.sh\n'}
[0.453116] (tb3_interfaces) StdoutLine: {'line': b'-- Up-to-date: /home/jackfeels/Documents/PROYECTO_TURTLEBOT/install/tb3_interfaces/share/tb3_interfaces/environment/ament_prefix_path.dsv\n'}
[0.453144] (tb3_interfaces) StdoutLine: {'line': b'-- Up-to-date: /home/jackfeels/Documents/PROYECTO_TURTLEBOT/install/tb3_interfaces/share/tb3_interfaces/environment/path.sh\n'}
[0.453174] (tb3_interfaces) StdoutLine: {'line': b'-- Up-to-date: /home/jackfeels/Documents/PROYECTO_TURTLEBOT/install/tb3_interfaces/share/tb3_interfaces/environment/path.dsv\n'}
[0.453202] (tb3_interfaces) StdoutLine: {'line': b'-- Up-to-date: /home/jackfeels/Documents/PROYECTO_TURTLEBOT/install/tb3_interfaces/share/tb3_interfaces/local_setup.bash\n'}
[0.453231] (tb3_interfaces) StdoutLine: {'line': b'-- Up-to-date: /home/jackfeels/Documents/PROYECTO_TURTLEBOT/install/tb3_interfaces/share/tb3_interfaces/local_setup.sh\n'}
[0.453259] (tb3_interfaces) StdoutLine: {'line': b'-- Up-to-date: /home/jackfeels/Documents/PROYECTO_TURTLEBOT/install/tb3_interfaces/share/tb3_interfaces/local_setup.zsh\n'}
[0.453288] (tb3_interfaces) StdoutLine: {'line': b'-- Up-to-date: /home/jackfeels/Documents/PROYECTO_TURTLEBOT/install/tb3_interfaces/share/tb3_interfaces/local_setup.dsv\n'}
[0.453316] (tb3_interfaces) StdoutLine: {'line': b'-- Installing: /home/jackfeels/Documents/PROYECTO_TURTLEBOT/install/tb3_interfaces/share/tb3_interfaces/package.dsv\n'}
[0.453344] (tb3_interfaces) StdoutLine: {'line': b'-- Up-to-date: /home/jackfeels/Documents/PROYECTO_TURTLEBOT/install/tb3_interfaces/share/ament_index/resource_index/packages/tb3_interfaces\n'}
[0.453374] (tb3_interfaces) StdoutLine: {'line': b'-- Up-to-date: /home/jackfeels/Documents/PROYECTO_TURTLEBOT/install/tb3_interfaces/share/tb3_interfaces/cmake/export_tb3_interfaces__rosidl_generator_cExport.cmake\n'}
[0.453404] (tb3_interfaces) StdoutLine: {'line': b'-- Up-to-date: /home/jackfeels/Documents/PROYECTO_TURTLEBOT/install/tb3_interfaces/share/tb3_interfaces/cmake/export_tb3_interfaces__rosidl_generator_cExport-noconfig.cmake\n'}
[0.453435] (tb3_interfaces) StdoutLine: {'line': b'-- Up-to-date: /home/jackfeels/Documents/PROYECTO_TURTLEBOT/install/tb3_interfaces/share/tb3_interfaces/cmake/export_tb3_interfaces__rosidl_typesupport_fastrtps_cExport.cmake\n'}
[0.453475] (tb3_interfaces) StdoutLine: {'line': b'-- Up-to-date: /home/jackfeels/Documents/PROYECTO_TURTLEBOT/install/tb3_interfaces/share/tb3_interfaces/cmake/export_tb3_interfaces__rosidl_typesupport_fastrtps_cExport-noconfig.cmake\n'}
[0.453511] (tb3_interfaces) StdoutLine: {'line': b'-- Up-to-date: /home/jackfeels/Documents/PROYECTO_TURTLEBOT/install/tb3_interfaces/share/tb3_interfaces/cmake/tb3_interfaces__rosidl_typesupport_introspection_cExport.cmake\n'}
[0.453540] (tb3_interfaces) StdoutLine: {'line': b'-- Up-to-date: /home/jackfeels/Documents/PROYECTO_TURTLEBOT/install/tb3_interfaces/share/tb3_interfaces/cmake/tb3_interfaces__rosidl_typesupport_introspection_cExport-noconfig.cmake\n'}
[0.453591] (tb3_interfaces) StdoutLine: {'line': b'-- Up-to-date: /home/jackfeels/Documents/PROYECTO_TURTLEBOT/install/tb3_interfaces/share/tb3_interfaces/cmake/tb3_interfaces__rosidl_typesupport_cExport.cmake\n'}
[0.453620] (tb3_interfaces) StdoutLine: {'line': b'-- Up-to-date: /home/jackfeels/Documents/PROYECTO_TURTLEBOT/install/tb3_interfaces/share/tb3_interfaces/cmake/tb3_interfaces__rosidl_typesupport_cExport-noconfig.cmake\n'}
[0.453649] (tb3_interfaces) StdoutLine: {'line': b'-- Up-to-date: /home/jackfeels/Documents/PROYECTO_TURTLEBOT/install/tb3_interfaces/share/tb3_interfaces/cmake/export_tb3_interfaces__rosidl_generator_cppExport.cmake\n'}
[0.453678] (tb3_interfaces) StdoutLine: {'line': b'-- Up-to-date: /home/jackfeels/Documents/PROYECTO_TURTLEBOT/install/tb3_interfaces/share/tb3_interfaces/cmake/export_tb3_interfaces__rosidl_typesupport_fastrtps_cppExport.cmake\n'}
[0.453707] (tb3_interfaces) StdoutLine: {'line': b'-- Up-to-date: /home/jackfeels/Documents/PROYECTO_TURTLEBOT/install/tb3_interfaces/share/tb3_interfaces/cmake/export_tb3_interfaces__rosidl_typesupport_fastrtps_cppExport-noconfig.cmake\n'}
[0.453736] (tb3_interfaces) StdoutLine: {'line': b'-- Up-to-date: /home/jackfeels/Documents/PROYECTO_TURTLEBOT/install/tb3_interfaces/share/tb3_interfaces/cmake/tb3_interfaces__rosidl_typesupport_introspection_cppExport.cmake\n'}
[0.453764] (tb3_interfaces) StdoutLine: {'line': b'-- Up-to-date: /home/jackfeels/Documents/PROYECTO_TURTLEBOT/install/tb3_interfaces/share/tb3_interfaces/cmake/tb3_interfaces__rosidl_typesupport_introspection_cppExport-noconfig.cmake\n'}
[0.453796] (tb3_interfaces) StdoutLine: {'line': b'-- Up-to-date: /home/jackfeels/Documents/PROYECTO_TURTLEBOT/install/tb3_interfaces/share/tb3_interfaces/cmake/tb3_interfaces__rosidl_typesupport_cppExport.cmake\n'}
[0.453825] (tb3_interfaces) StdoutLine: {'line': b'-- Up-to-date: /home/jackfeels/Documents/PROYECTO_TURTLEBOT/install/tb3_interfaces/share/tb3_interfaces/cmake/tb3_interfaces__rosidl_typesupport_cppExport-noconfig.cmake\n'}
[0.453853] (tb3_interfaces) StdoutLine: {'line': b'-- Up-to-date: /home/jackfeels/Documents/PROYECTO_TURTLEBOT/install/tb3_interfaces/share/tb3_interfaces/cmake/export_tb3_interfaces__rosidl_generator_pyExport.cmake\n'}
[0.453882] (tb3_interfaces) StdoutLine: {'line': b'-- Up-to-date: /home/jackfeels/Documents/PROYECTO_TURTLEBOT/install/tb3_interfaces/share/tb3_interfaces/cmake/export_tb3_interfaces__rosidl_generator_pyExport-noconfig.cmake\n'}
[0.453910] (tb3_interfaces) StdoutLine: {'line': b'-- Up-to-date: /home/jackfeels/Documents/PROYECTO_TURTLEBOT/install/tb3_interfaces/share/tb3_interfaces/cmake/rosidl_cmake-extras.cmake\n'}
[0.453939] (tb3_interfaces) StdoutLine: {'line': b'-- Up-to-date: /home/jackfeels/Documents/PROYECTO_TURTLEBOT/install/tb3_interfaces/share/tb3_interfaces/cmake/ament_cmake_export_include_directories-extras.cmake\n'}
[0.453968] (tb3_interfaces) StdoutLine: {'line': b'-- Up-to-date: /home/jackfeels/Documents/PROYECTO_TURTLEBOT/install/tb3_interfaces/share/tb3_interfaces/cmake/ament_cmake_export_libraries-extras.cmake\n'}
[0.453997] (tb3_interfaces) StdoutLine: {'line': b'-- Up-to-date: /home/jackfeels/Documents/PROYECTO_TURTLEBOT/install/tb3_interfaces/share/tb3_interfaces/cmake/ament_cmake_export_targets-extras.cmake\n'}
[0.454027] (tb3_interfaces) StdoutLine: {'line': b'-- Up-to-date: /home/jackfeels/Documents/PROYECTO_TURTLEBOT/install/tb3_interfaces/share/tb3_interfaces/cmake/rosidl_cmake_export_typesupport_targets-extras.cmake\n'}
[0.454055] (tb3_interfaces) StdoutLine: {'line': b'-- Up-to-date: /home/jackfeels/Documents/PROYECTO_TURTLEBOT/install/tb3_interfaces/share/tb3_interfaces/cmake/ament_cmake_export_dependencies-extras.cmake\n'}
[0.454102] (tb3_interfaces) StdoutLine: {'line': b'-- Up-to-date: /home/jackfeels/Documents/PROYECTO_TURTLEBOT/install/tb3_interfaces/share/tb3_interfaces/cmake/rosidl_cmake_export_typesupport_libraries-extras.cmake\n'}
[0.454133] (tb3_interfaces) StdoutLine: {'line': b'-- Up-to-date: /home/jackfeels/Documents/PROYECTO_TURTLEBOT/install/tb3_interfaces/share/tb3_interfaces/cmake/tb3_interfacesConfig.cmake\n'}
[0.454164] (tb3_interfaces) StdoutLine: {'line': b'-- Up-to-date: /home/jackfeels/Documents/PROYECTO_TURTLEBOT/install/tb3_interfaces/share/tb3_interfaces/cmake/tb3_interfacesConfig-version.cmake\n'}
[0.454193] (tb3_interfaces) StdoutLine: {'line': b'-- Up-to-date: /home/jackfeels/Documents/PROYECTO_TURTLEBOT/install/tb3_interfaces/share/tb3_interfaces/package.xml\n'}
[0.459435] (tb3_interfaces) CommandEnded: {'returncode': 0}
[0.470685] (tb3_interfaces) JobEnded: {'identifier': 'tb3_interfaces', 'rc': 0}
[0.471117] (debug_visualizer) JobStarted: {'identifier': 'debug_visualizer'}
[0.479381] (follow_controller) JobStarted: {'identifier': 'follow_controller'}
[0.500209] (-) TimerEvent: {}
[0.600543] (-) TimerEvent: {}
[0.700859] (-) TimerEvent: {}
[0.764229] (gesture_detector) Command: {'cmd': ['/usr/bin/python3', '-W', 'ignore:setup.py install is deprecated', '-W', 'ignore:easy_install command is deprecated', 'setup.py', 'egg_info', '--egg-base', '../../build/gesture_detector', 'build', '--build-base', '/home/jackfeels/Documents/PROYECTO_TURTLEBOT/build/gesture_detector/build', 'install', '--record', '/home/jackfeels/Documents/PROYECTO_TURTLEBOT/build/gesture_detector/install.log', '--single-version-externally-managed', 'install_data'], 'cwd': '/home/jackfeels/Documents/PROYECTO_TURTLEBOT/src/gesture_detector', 'env': {'GJS_DEBUG_TOPICS': 'JS ERROR;JS LOG', 'PYTHON_BASIC_REPL': '1', 'LESSOPEN': '| /usr/bin/lesspipe %s', 'USER': 'jackfeels', 'XDG_SESSION_TYPE': 'wayland', 'GIT_ASKPASS': '/usr/share/code/resources/app/extensions/git/dist/askpass.sh', 'SHLVL': '1', 'LD_LIBRARY_PATH': '/home/jackfeels/turtlebot3_ws/install/turtlebot3_msgs/lib:/home/jackfeels/turtlebot3_ws/install/dynamixel_sdk_custom_interfaces/lib:/home/jackfeels/turtlebot3_ws/install/dynamixel_sdk/lib:/opt/ros/humble/opt/rviz_ogre_vendor/lib:/opt/ros/humble/lib/aarch64-linux-gnu:/opt/ros/humble/lib', 'HOME': '/home/jackfeels', 'CHROME_DESKTOP': 'code.desktop', 'OLDPWD': '/home/jackfeels/Documents/PROYECTO_TURTLEBOT', 'TERM_PROGRAM_VERSION': '1.114.0', 'DESKTOP_SESSION': 'ubuntu', 'GIO_LAUNCHED_DESKTOP_FILE': '/usr/share/applications/code.desktop', 'ROS_PYTHON_VERSION': '3', 'GNOME_SHELL_SESSION_MODE': 'ubuntu', 'GTK_MODULES': 'gail:atk-bridge', 'VSCODE_GIT_ASKPASS_MAIN': '/usr/share/code/resources/app/extensions/git/dist/askpass-main.js', 'VSCODE_GIT_ASKPASS_NODE': '/usr/share/code/code', 'MANAGERPID': '1447', 'PYDEVD_DISABLE_FILE_VALIDATION': '1', 'SYSTEMD_EXEC_PID': '2048', 'BUNDLED_DEBUGPY_PATH': '/home/jackfeels/.vscode/extensions/ms-python.debugpy-2025.18.0-linux-arm64/bundled/libs/debugpy', 'IM_CONFIG_CHECK_ENV': '1', 'VSCODE_PYTHON_AUTOACTIVATE_GUARD': '1', 'DBUS_SESSION_BUS_ADDRESS': 'unix:path=/run/user/1000/bus', 'COLORTERM': 'truecolor', 'GIO_LAUNCHED_DESKTOP_FILE_PID': '31416', 'IM_CONFIG_PHASE': '1', 'WAYLAND_DISPLAY': 'wayland-0', 'COLCON_PREFIX_PATH': '/home/jackfeels/turtlebot3_ws/install', 'ROS_DISTRO': 'humble', 'LOGNAME': 'jackfeels', 'JOURNAL_STREAM': '8:27136', '_': '/usr/bin/colcon', 'ROS_VERSION': '2', 'CLAUDE_CODE_SSE_PORT': '37331', 'XDG_SESSION_CLASS': 'user', 'USERNAME': 'jackfeels', 'TERM': 'xterm-256color', 'GNOME_DESKTOP_SESSION_ID': 'this-is-deprecated', 'FC_FONTATIONS': '1', 'ROS_LOCALHOST_ONLY': '0', 'PATH': '/home/jackfeels/.local/bin:/home/jackfeels/.local/bin:/home/jackfeels/.config/Code/User/globalStorage/github.copilot-chat/debugCommand:/home/jackfeels/.config/Code/User/globalStorage/github.copilot-chat/copilotCli:/home/jackfeels/.local/bin:/home/jackfeels/.local/bin:/home/jackfeels/.local/bin:/opt/ros/humble/bin:/home/jackfeels/.local/bin:/usr/local/sbin:/usr/local/bin:/usr/sbin:/usr/bin:/sbin:/bin:/usr/games:/usr/local/games:/snap/bin:/snap/bin:/home/jackfeels/.vscode/extensions/ms-python.debugpy-2025.18.0-linux-arm64/bundled/scripts/noConfigScripts', 'SESSION_MANAGER': 'local/jackfeels:@/tmp/.ICE-unix/2024,unix/jackfeels:/tmp/.ICE-unix/2024', 'INVOCATION_ID': '7072cee1c8cb4ac79fe0ad88f4dcb9f7', 'XDG_MENU_PREFIX': 'gnome-', 'GNOME_SETUP_DISPLAY': ':1', 'XDG_RUNTIME_DIR': '/run/user/1000', 'GDK_BACKEND': 'wayland', 'DISPLAY': ':0', 'VSCODE_DEBUGPY_ADAPTER_ENDPOINTS': '/home/jackfeels/.vscode/extensions/ms-python.debugpy-2025.18.0-linux-arm64/.noConfigDebugAdapterEndpoints/endpoint-185b3b7f67631b8b.txt', 'LANG': 'en_US.UTF-8', 'XDG_CURRENT_DESKTOP': 'ubuntu:GNOME', 'PYTHONSTARTUP': '/home/jackfeels/.config/Code/User/workspaceStorage/46ee1a91a2843d3566ffcdb977c34744/ms-python.python/pythonrc.py', 'XMODIFIERS': '@im=ibus', 'XDG_SESSION_DESKTOP': 'ubuntu', 'XAUTHORITY': '/run/user/1000/.mutter-Xwaylandauth.BCY4N3', 'LS_COLORS': 'rs=0:di=01;34:ln=01;36:mh=00:pi=40;33:so=01;35:do=01;35:bd=40;33;01:cd=40;33;01:or=40;31;01:mi=00:su=37;41:sg=30;43:ca=30;41:tw=30;42:ow=34;42:st=37;44:ex=01;32:*.tar=01;31:*.tgz=01;31:*.arc=01;31:*.arj=01;31:*.taz=01;31:*.lha=01;31:*.lz4=01;31:*.lzh=01;31:*.lzma=01;31:*.tlz=01;31:*.txz=01;31:*.tzo=01;31:*.t7z=01;31:*.zip=01;31:*.z=01;31:*.dz=01;31:*.gz=01;31:*.lrz=01;31:*.lz=01;31:*.lzo=01;31:*.xz=01;31:*.zst=01;31:*.tzst=01;31:*.bz2=01;31:*.bz=01;31:*.tbz=01;31:*.tbz2=01;31:*.tz=01;31:*.deb=01;31:*.rpm=01;31:*.jar=01;31:*.war=01;31:*.ear=01;31:*.sar=01;31:*.rar=01;31:*.alz=01;31:*.ace=01;31:*.zoo=01;31:*.cpio=01;31:*.7z=01;31:*.rz=01;31:*.cab=01;31:*.wim=01;31:*.swm=01;31:*.dwm=01;31:*.esd=01;31:*.jpg=01;35:*.jpeg=01;35:*.mjpg=01;35:*.mjpeg=01;35:*.gif=01;35:*.bmp=01;35:*.pbm=01;35:*.pgm=01;35:*.ppm=01;35:*.tga=01;35:*.xbm=01;35:*.xpm=01;35:*.tif=01;35:*.tiff=01;35:*.png=01;35:*.svg=01;35:*.svgz=01;35:*.mng=01;35:*.pcx=01;35:*.mov=01;35:*.mpg=01;35:*.mpeg=01;35:*.m2v=01;35:*.mkv=01;35:*.webm=01;35:*.webp=01;35:*.ogm=01;35:*.mp4=01;35:*.m4v=01;35:*.mp4v=01;35:*.vob=01;35:*.qt=01;35:*.nuv=01;35:*.wmv=01;35:*.asf=01;35:*.rm=01;35:*.rmvb=01;35:*.flc=01;35:*.avi=01;35:*.fli=01;35:*.flv=01;35:*.gl=01;35:*.dl=01;35:*.xcf=01;35:*.xwd=01;35:*.yuv=01;35:*.cgm=01;35:*.emf=01;35:*.ogv=01;35:*.ogx=01;35:*.aac=00;36:*.au=00;36:*.flac=00;36:*.m4a=00;36:*.mid=00;36:*.midi=00;36:*.mka=00;36:*.mp3=00;36:*.mpc=00;36:*.ogg=00;36:*.ra=00;36:*.wav=00;36:*.oga=00;36:*.opus=00;36:*.spx=00;36:*.xspf=00;36:', 'VSCODE_GIT_IPC_HANDLE': '/run/user/1000/vscode-git-3da86ad6c9.sock', 'TERM_PROGRAM': 'vscode', 'SSH_AGENT_LAUNCHER': 'gnome-keyring', 'SSH_AUTH_SOCK': '/run/user/1000/keyring/ssh', 'ROS_DOMAIN_ID': '30', 'AMENT_PREFIX_PATH': '/home/jackfeels/turtlebot3_ws/install/turtlebot3:/home/jackfeels/turtlebot3_ws/install/turtlebot3_teleop:/home/jackfeels/turtlebot3_ws/install/turtlebot3_bringup:/home/jackfeels/turtlebot3_ws/install/turtlebot3_node:/home/jackfeels/turtlebot3_ws/install/turtlebot3_navigation2:/home/jackfeels/turtlebot3_ws/install/turtlebot3_example:/home/jackfeels/turtlebot3_ws/install/turtlebot3_msgs:/home/jackfeels/turtlebot3_ws/install/turtlebot3_description:/home/jackfeels/turtlebot3_ws/install/turtlebot3_cartographer:/home/jackfeels/turtlebot3_ws/install/dynamixel_sdk_examples:/home/jackfeels/turtlebot3_ws/install/dynamixel_sdk_custom_interfaces:/home/jackfeels/turtlebot3_ws/install/dynamixel_sdk:/opt/ros/humble', 'SHELL': '/bin/bash', 'QT_ACCESSIBILITY': '1', 'GDMSESSION': 'ubuntu', 'LESSCLOSE': '/usr/bin/lesspipe %s %s', 'GJS_DEBUG_OUTPUT': 'stderr', 'VSCODE_GIT_ASKPASS_EXTRA_ARGS': '', 'QT_IM_MODULE': 'ibus', 'PWD': '/home/jackfeels/Documents/PROYECTO_TURTLEBOT/build/gesture_detector', 'TURTLEBOT3_MODEL': 'burger', 'XDG_CONFIG_DIRS': '/etc/xdg/xdg-ubuntu:/etc/xdg', 'XDG_DATA_DIRS': '/usr/share/ubuntu:/usr/local/share/:/usr/share/:/var/lib/snapd/desktop', 'PYTHONPATH': '/home/jackfeels/Documents/PROYECTO_TURTLEBOT/build/gesture_detector/prefix_override:/usr/lib/python3/dist-packages/colcon_core/task/python/colcon_distutils_commands:/home/jackfeels/Documents/PROYECTO_TURTLEBOT/install/gesture_detector/lib/python3.10/site-packages:/home/jackfeels/turtlebot3_ws/install/turtlebot3_teleop/lib/python3.10/site-packages:/home/jackfeels/turtlebot3_ws/install/turtlebot3_example/lib/python3.10/site-packages:/home/jackfeels/turtlebot3_ws/install/turtlebot3_msgs/local/lib/python3.10/dist-packages:/home/jackfeels/turtlebot3_ws/install/dynamixel_sdk_custom_interfaces/local/lib/python3.10/dist-packages:/home/jackfeels/turtlebot3_ws/install/dynamixel_sdk/local/lib/python3.10/dist-packages:/opt/ros/humble/lib/python3.10/site-packages:/opt/ros/humble/local/lib/python3.10/dist-packages', 'COLCON': '1', 'CMAKE_PREFIX_PATH': '/home/jackfeels/turtlebot3_ws/install/turtlebot3:/home/jackfeels/turtlebot3_ws/install/turtlebot3_bringup:/home/jackfeels/turtlebot3_ws/install/turtlebot3_node:/home/jackfeels/turtlebot3_ws/install/turtlebot3_navigation2:/home/jackfeels/turtlebot3_ws/install/turtlebot3_msgs:/home/jackfeels/turtlebot3_ws/install/turtlebot3_description:/home/jackfeels/turtlebot3_ws/install/turtlebot3_cartographer:/home/jackfeels/turtlebot3_ws/install/dynamixel_sdk_examples:/home/jackfeels/turtlebot3_ws/install/dynamixel_sdk_custom_interfaces:/home/jackfeels/turtlebot3_ws/install/dynamixel_sdk'}, 'shell': False}
[0.765965] (tb3_bringup_custom) Command: {'cmd': ['/usr/bin/python3', '-W', 'ignore:setup.py install is deprecated', '-W', 'ignore:easy_install command is deprecated', 'setup.py', 'egg_info', '--egg-base', '../../build/tb3_bringup_custom', 'build', '--build-base', '/home/jackfeels/Documents/PROYECTO_TURTLEBOT/build/tb3_bringup_custom/build', 'install', '--record', '/home/jackfeels/Documents/PROYECTO_TURTLEBOT/build/tb3_bringup_custom/install.log', '--single-version-externally-managed', 'install_data'], 'cwd': '/home/jackfeels/Documents/PROYECTO_TURTLEBOT/src/tb3_bringup_custom', 'env': {'GJS_DEBUG_TOPICS': 'JS ERROR;JS LOG', 'PYTHON_BASIC_REPL': '1', 'LESSOPEN': '| /usr/bin/lesspipe %s', 'USER': 'jackfeels', 'XDG_SESSION_TYPE': 'wayland', 'GIT_ASKPASS': '/usr/share/code/resources/app/extensions/git/dist/askpass.sh', 'SHLVL': '1', 'LD_LIBRARY_PATH': '/home/jackfeels/turtlebot3_ws/install/turtlebot3_msgs/lib:/home/jackfeels/turtlebot3_ws/install/dynamixel_sdk_custom_interfaces/lib:/home/jackfeels/turtlebot3_ws/install/dynamixel_sdk/lib:/opt/ros/humble/opt/rviz_ogre_vendor/lib:/opt/ros/humble/lib/aarch64-linux-gnu:/opt/ros/humble/lib', 'HOME': '/home/jackfeels', 'CHROME_DESKTOP': 'code.desktop', 'OLDPWD': '/home/jackfeels/Documents/PROYECTO_TURTLEBOT', 'TERM_PROGRAM_VERSION': '1.114.0', 'DESKTOP_SESSION': 'ubuntu', 'GIO_LAUNCHED_DESKTOP_FILE': '/usr/share/applications/code.desktop', 'ROS_PYTHON_VERSION': '3', 'GNOME_SHELL_SESSION_MODE': 'ubuntu', 'GTK_MODULES': 'gail:atk-bridge', 'VSCODE_GIT_ASKPASS_MAIN': '/usr/share/code/resources/app/extensions/git/dist/askpass-main.js', 'VSCODE_GIT_ASKPASS_NODE': '/usr/share/code/code', 'MANAGERPID': '1447', 'PYDEVD_DISABLE_FILE_VALIDATION': '1', 'SYSTEMD_EXEC_PID': '2048', 'BUNDLED_DEBUGPY_PATH': '/home/jackfeels/.vscode/extensions/ms-python.debugpy-2025.18.0-linux-arm64/bundled/libs/debugpy', 'IM_CONFIG_CHECK_ENV': '1', 'VSCODE_PYTHON_AUTOACTIVATE_GUARD': '1', 'DBUS_SESSION_BUS_ADDRESS': 'unix:path=/run/user/1000/bus', 'COLORTERM': 'truecolor', 'GIO_LAUNCHED_DESKTOP_FILE_PID': '31416', 'IM_CONFIG_PHASE': '1', 'WAYLAND_DISPLAY': 'wayland-0', 'COLCON_PREFIX_PATH': '/home/jackfeels/turtlebot3_ws/install', 'ROS_DISTRO': 'humble', 'LOGNAME': 'jackfeels', 'JOURNAL_STREAM': '8:27136', '_': '/usr/bin/colcon', 'ROS_VERSION': '2', 'CLAUDE_CODE_SSE_PORT': '37331', 'XDG_SESSION_CLASS': 'user', 'USERNAME': 'jackfeels', 'TERM': 'xterm-256color', 'GNOME_DESKTOP_SESSION_ID': 'this-is-deprecated', 'FC_FONTATIONS': '1', 'ROS_LOCALHOST_ONLY': '0', 'PATH': '/home/jackfeels/.local/bin:/home/jackfeels/.local/bin:/home/jackfeels/.config/Code/User/globalStorage/github.copilot-chat/debugCommand:/home/jackfeels/.config/Code/User/globalStorage/github.copilot-chat/copilotCli:/home/jackfeels/.local/bin:/home/jackfeels/.local/bin:/home/jackfeels/.local/bin:/opt/ros/humble/bin:/home/jackfeels/.local/bin:/usr/local/sbin:/usr/local/bin:/usr/sbin:/usr/bin:/sbin:/bin:/usr/games:/usr/local/games:/snap/bin:/snap/bin:/home/jackfeels/.vscode/extensions/ms-python.debugpy-2025.18.0-linux-arm64/bundled/scripts/noConfigScripts', 'SESSION_MANAGER': 'local/jackfeels:@/tmp/.ICE-unix/2024,unix/jackfeels:/tmp/.ICE-unix/2024', 'INVOCATION_ID': '7072cee1c8cb4ac79fe0ad88f4dcb9f7', 'XDG_MENU_PREFIX': 'gnome-', 'GNOME_SETUP_DISPLAY': ':1', 'XDG_RUNTIME_DIR': '/run/user/1000', 'GDK_BACKEND': 'wayland', 'DISPLAY': ':0', 'VSCODE_DEBUGPY_ADAPTER_ENDPOINTS': '/home/jackfeels/.vscode/extensions/ms-python.debugpy-2025.18.0-linux-arm64/.noConfigDebugAdapterEndpoints/endpoint-185b3b7f67631b8b.txt', 'LANG': 'en_US.UTF-8', 'XDG_CURRENT_DESKTOP': 'ubuntu:GNOME', 'PYTHONSTARTUP': '/home/jackfeels/.config/Code/User/workspaceStorage/46ee1a91a2843d3566ffcdb977c34744/ms-python.python/pythonrc.py', 'XMODIFIERS': '@im=ibus', 'XDG_SESSION_DESKTOP': 'ubuntu', 'XAUTHORITY': '/run/user/1000/.mutter-Xwaylandauth.BCY4N3', 'LS_COLORS': 'rs=0:di=01;34:ln=01;36:mh=00:pi=40;33:so=01;35:do=01;35:bd=40;33;01:cd=40;33;01:or=40;31;01:mi=00:su=37;41:sg=30;43:ca=30;41:tw=30;42:ow=34;42:st=37;44:ex=01;32:*.tar=01;31:*.tgz=01;31:*.arc=01;31:*.arj=01;31:*.taz=01;31:*.lha=01;31:*.lz4=01;31:*.lzh=01;31:*.lzma=01;31:*.tlz=01;31:*.txz=01;31:*.tzo=01;31:*.t7z=01;31:*.zip=01;31:*.z=01;31:*.dz=01;31:*.gz=01;31:*.lrz=01;31:*.lz=01;31:*.lzo=01;31:*.xz=01;31:*.zst=01;31:*.tzst=01;31:*.bz2=01;31:*.bz=01;31:*.tbz=01;31:*.tbz2=01;31:*.tz=01;31:*.deb=01;31:*.rpm=01;31:*.jar=01;31:*.war=01;31:*.ear=01;31:*.sar=01;31:*.rar=01;31:*.alz=01;31:*.ace=01;31:*.zoo=01;31:*.cpio=01;31:*.7z=01;31:*.rz=01;31:*.cab=01;31:*.wim=01;31:*.swm=01;31:*.dwm=01;31:*.esd=01;31:*.jpg=01;35:*.jpeg=01;35:*.mjpg=01;35:*.mjpeg=01;35:*.gif=01;35:*.bmp=01;35:*.pbm=01;35:*.pgm=01;35:*.ppm=01;35:*.tga=01;35:*.xbm=01;35:*.xpm=01;35:*.tif=01;35:*.tiff=01;35:*.png=01;35:*.svg=01;35:*.svgz=01;35:*.mng=01;35:*.pcx=01;35:*.mov=01;35:*.mpg=01;35:*.mpeg=01;35:*.m2v=01;35:*.mkv=01;35:*.webm=01;35:*.webp=01;35:*.ogm=01;35:*.mp4=01;35:*.m4v=01;35:*.mp4v=01;35:*.vob=01;35:*.qt=01;35:*.nuv=01;35:*.wmv=01;35:*.asf=01;35:*.rm=01;35:*.rmvb=01;35:*.flc=01;35:*.avi=01;35:*.fli=01;35:*.flv=01;35:*.gl=01;35:*.dl=01;35:*.xcf=01;35:*.xwd=01;35:*.yuv=01;35:*.cgm=01;35:*.emf=01;35:*.ogv=01;35:*.ogx=01;35:*.aac=00;36:*.au=00;36:*.flac=00;36:*.m4a=00;36:*.mid=00;36:*.midi=00;36:*.mka=00;36:*.mp3=00;36:*.mpc=00;36:*.ogg=00;36:*.ra=00;36:*.wav=00;36:*.oga=00;36:*.opus=00;36:*.spx=00;36:*.xspf=00;36:', 'VSCODE_GIT_IPC_HANDLE': '/run/user/1000/vscode-git-3da86ad6c9.sock', 'TERM_PROGRAM': 'vscode', 'SSH_AGENT_LAUNCHER': 'gnome-keyring', 'SSH_AUTH_SOCK': '/run/user/1000/keyring/ssh', 'ROS_DOMAIN_ID': '30', 'AMENT_PREFIX_PATH': '/home/jackfeels/turtlebot3_ws/install/turtlebot3:/home/jackfeels/turtlebot3_ws/install/turtlebot3_teleop:/home/jackfeels/turtlebot3_ws/install/turtlebot3_bringup:/home/jackfeels/turtlebot3_ws/install/turtlebot3_node:/home/jackfeels/turtlebot3_ws/install/turtlebot3_navigation2:/home/jackfeels/turtlebot3_ws/install/turtlebot3_example:/home/jackfeels/turtlebot3_ws/install/turtlebot3_msgs:/home/jackfeels/turtlebot3_ws/install/turtlebot3_description:/home/jackfeels/turtlebot3_ws/install/turtlebot3_cartographer:/home/jackfeels/turtlebot3_ws/install/dynamixel_sdk_examples:/home/jackfeels/turtlebot3_ws/install/dynamixel_sdk_custom_interfaces:/home/jackfeels/turtlebot3_ws/install/dynamixel_sdk:/opt/ros/humble', 'SHELL': '/bin/bash', 'QT_ACCESSIBILITY': '1', 'GDMSESSION': 'ubuntu', 'LESSCLOSE': '/usr/bin/lesspipe %s %s', 'GJS_DEBUG_OUTPUT': 'stderr', 'VSCODE_GIT_ASKPASS_EXTRA_ARGS': '', 'QT_IM_MODULE': 'ibus', 'PWD': '/home/jackfeels/Documents/PROYECTO_TURTLEBOT/build/tb3_bringup_custom', 'TURTLEBOT3_MODEL': 'burger', 'XDG_CONFIG_DIRS': '/etc/xdg/xdg-ubuntu:/etc/xdg', 'XDG_DATA_DIRS': '/usr/share/ubuntu:/usr/local/share/:/usr/share/:/var/lib/snapd/desktop', 'PYTHONPATH': '/home/jackfeels/Documents/PROYECTO_TURTLEBOT/build/tb3_bringup_custom/prefix_override:/usr/lib/python3/dist-packages/colcon_core/task/python/colcon_distutils_commands:/home/jackfeels/Documents/PROYECTO_TURTLEBOT/install/tb3_bringup_custom/lib/python3.10/site-packages:/home/jackfeels/turtlebot3_ws/install/turtlebot3_teleop/lib/python3.10/site-packages:/home/jackfeels/turtlebot3_ws/install/turtlebot3_example/lib/python3.10/site-packages:/home/jackfeels/turtlebot3_ws/install/turtlebot3_msgs/local/lib/python3.10/dist-packages:/home/jackfeels/turtlebot3_ws/install/dynamixel_sdk_custom_interfaces/local/lib/python3.10/dist-packages:/home/jackfeels/turtlebot3_ws/install/dynamixel_sdk/local/lib/python3.10/dist-packages:/opt/ros/humble/lib/python3.10/site-packages:/opt/ros/humble/local/lib/python3.10/dist-packages', 'COLCON': '1', 'CMAKE_PREFIX_PATH': '/home/jackfeels/turtlebot3_ws/install/turtlebot3:/home/jackfeels/turtlebot3_ws/install/turtlebot3_bringup:/home/jackfeels/turtlebot3_ws/install/turtlebot3_node:/home/jackfeels/turtlebot3_ws/install/turtlebot3_navigation2:/home/jackfeels/turtlebot3_ws/install/turtlebot3_msgs:/home/jackfeels/turtlebot3_ws/install/turtlebot3_description:/home/jackfeels/turtlebot3_ws/install/turtlebot3_cartographer:/home/jackfeels/turtlebot3_ws/install/dynamixel_sdk_examples:/home/jackfeels/turtlebot3_ws/install/dynamixel_sdk_custom_interfaces:/home/jackfeels/turtlebot3_ws/install/dynamixel_sdk'}, 'shell': False}
[0.801799] (-) TimerEvent: {}
[0.902016] (-) TimerEvent: {}
[0.908519] (gesture_detector) StdoutLine: {'line': b'running egg_info\n'}
[0.909214] (tb3_bringup_custom) StdoutLine: {'line': b'running egg_info\n'}
[0.916496] (gesture_detector) StdoutLine: {'line': b'writing ../../build/gesture_detector/gesture_detector.egg-info/PKG-INFO\n'}
[0.916914] (gesture_detector) StdoutLine: {'line': b'writing dependency_links to ../../build/gesture_detector/gesture_detector.egg-info/dependency_links.txt\n'}
[0.917011] (gesture_detector) StdoutLine: {'line': b'writing entry points to ../../build/gesture_detector/gesture_detector.egg-info/entry_points.txt\n'}
[0.917102] (gesture_detector) StdoutLine: {'line': b'writing requirements to ../../build/gesture_detector/gesture_detector.egg-info/requires.txt\n'}
[0.917168] (gesture_detector) StdoutLine: {'line': b'writing top-level names to ../../build/gesture_detector/gesture_detector.egg-info/top_level.txt\n'}
[0.918594] (tb3_bringup_custom) StdoutLine: {'line': b'writing ../../build/tb3_bringup_custom/tb3_bringup_custom.egg-info/PKG-INFO\n'}
[0.918974] (tb3_bringup_custom) StdoutLine: {'line': b'writing dependency_links to ../../build/tb3_bringup_custom/tb3_bringup_custom.egg-info/dependency_links.txt\n'}
[0.919305] (tb3_bringup_custom) StdoutLine: {'line': b'writing requirements to ../../build/tb3_bringup_custom/tb3_bringup_custom.egg-info/requires.txt\n'}
[0.919436] (tb3_bringup_custom) StdoutLine: {'line': b'writing top-level names to ../../build/tb3_bringup_custom/tb3_bringup_custom.egg-info/top_level.txt\n'}
[0.934831] (gesture_detector) StdoutLine: {'line': b"reading manifest file '../../build/gesture_detector/gesture_detector.egg-info/SOURCES.txt'\n"}
[0.936211] (gesture_detector) StdoutLine: {'line': b"writing manifest file '../../build/gesture_detector/gesture_detector.egg-info/SOURCES.txt'\n"}
[0.936325] (gesture_detector) StdoutLine: {'line': b'running build\n'}
[0.936377] (gesture_detector) StdoutLine: {'line': b'running build_py\n'}
[0.936521] (gesture_detector) StdoutLine: {'line': b'copying gesture_detector/__init__.py -> /home/jackfeels/Documents/PROYECTO_TURTLEBOT/build/gesture_detector/build/lib/gesture_detector\n'}
[0.936712] (gesture_detector) StdoutLine: {'line': b'running install\n'}
[0.939159] (tb3_bringup_custom) StdoutLine: {'line': b"reading manifest file '../../build/tb3_bringup_custom/tb3_bringup_custom.egg-info/SOURCES.txt'\n"}
[0.939302] (gesture_detector) StdoutLine: {'line': b'running install_lib\n'}
[0.940169] (tb3_bringup_custom) StdoutLine: {'line': b"writing manifest file '../../build/tb3_bringup_custom/tb3_bringup_custom.egg-info/SOURCES.txt'\n"}
[0.940304] (tb3_bringup_custom) StdoutLine: {'line': b'running build\n'}
[0.940407] (tb3_bringup_custom) StdoutLine: {'line': b'running build_py\n'}
[0.940456] (tb3_bringup_custom) StdoutLine: {'line': b'copying tb3_bringup_custom/__init__.py -> /home/jackfeels/Documents/PROYECTO_TURTLEBOT/build/tb3_bringup_custom/build/lib/tb3_bringup_custom\n'}
[0.940687] (tb3_bringup_custom) StdoutLine: {'line': b'running install\n'}
[0.943766] (tb3_bringup_custom) StdoutLine: {'line': b'running install_lib\n'}
[0.948512] (gesture_detector) StdoutLine: {'line': b'running install_data\n'}
[0.948628] (gesture_detector) StdoutLine: {'line': b'copying resource/gesture_detector -> /home/jackfeels/Documents/PROYECTO_TURTLEBOT/install/gesture_detector/share/ament_index/resource_index/packages\n'}
[0.948775] (gesture_detector) StdoutLine: {'line': b'copying package.xml -> /home/jackfeels/Documents/PROYECTO_TURTLEBOT/install/gesture_detector/share/gesture_detector\n'}
[0.948887] (gesture_detector) StdoutLine: {'line': b'running install_egg_info\n'}
[0.951823] (tb3_bringup_custom) StdoutLine: {'line': b'running install_data\n'}
[0.951948] (tb3_bringup_custom) StdoutLine: {'line': b'copying resource/tb3_bringup_custom -> /home/jackfeels/Documents/PROYECTO_TURTLEBOT/install/tb3_bringup_custom/share/ament_index/resource_index/packages\n'}
[0.952049] (tb3_bringup_custom) StdoutLine: {'line': b'copying package.xml -> /home/jackfeels/Documents/PROYECTO_TURTLEBOT/install/tb3_bringup_custom/share/tb3_bringup_custom\n'}
[0.952221] (tb3_bringup_custom) StdoutLine: {'line': b'copying launch/follow_demo.launch.py -> /home/jackfeels/Documents/PROYECTO_TURTLEBOT/install/tb3_bringup_custom/share/tb3_bringup_custom/launch\n'}
[0.952327] (tb3_bringup_custom) StdoutLine: {'line': b'running install_egg_info\n'}
[0.957208] (gesture_detector) StdoutLine: {'line': b"removing '/home/jackfeels/Documents/PROYECTO_TURTLEBOT/install/gesture_detector/lib/python3.10/site-packages/gesture_detector-0.0.1-py3.10.egg-info' (and everything under it)\n"}
[0.957514] (gesture_detector) StdoutLine: {'line': b'Copying ../../build/gesture_detector/gesture_detector.egg-info to /home/jackfeels/Documents/PROYECTO_TURTLEBOT/install/gesture_detector/lib/python3.10/site-packages/gesture_detector-0.0.1-py3.10.egg-info\n'}
[0.958049] (gesture_detector) StdoutLine: {'line': b'running install_scripts\n'}
[0.960974] (tb3_bringup_custom) StdoutLine: {'line': b"removing '/home/jackfeels/Documents/PROYECTO_TURTLEBOT/install/tb3_bringup_custom/lib/python3.10/site-packages/tb3_bringup_custom-0.0.1-py3.10.egg-info' (and everything under it)\n"}
[0.973889] (tb3_bringup_custom) StdoutLine: {'line': b'Copying ../../build/tb3_bringup_custom/tb3_bringup_custom.egg-info to /home/jackfeels/Documents/PROYECTO_TURTLEBOT/install/tb3_bringup_custom/lib/python3.10/site-packages/tb3_bringup_custom-0.0.1-py3.10.egg-info\n'}
[0.974308] (tb3_bringup_custom) StdoutLine: {'line': b'running install_scripts\n'}
[0.974479] (gesture_detector) StdoutLine: {'line': b'Installing gesture_detector_node script to /home/jackfeels/Documents/PROYECTO_TURTLEBOT/install/gesture_detector/lib/gesture_detector\n'}
[0.974957] (gesture_detector) StdoutLine: {'line': b"writing list of installed files to '/home/jackfeels/Documents/PROYECTO_TURTLEBOT/build/gesture_detector/install.log'\n"}
[1.001900] (gesture_detector) CommandEnded: {'returncode': 0}
[1.002227] (-) TimerEvent: {}
[1.002310] (gesture_detector) JobEnded: {'identifier': 'gesture_detector', 'rc': 0}
[1.002634] (person_tracker) JobStarted: {'identifier': 'person_tracker'}
[1.002668] (tb3_bringup_custom) StdoutLine: {'line': b"writing list of installed files to '/home/jackfeels/Documents/PROYECTO_TURTLEBOT/build/tb3_bringup_custom/install.log'\n"}
[1.102327] (-) TimerEvent: {}
[1.140744] (tb3_bringup_custom) CommandEnded: {'returncode': 0}
[1.146079] (tb3_bringup_custom) JobEnded: {'identifier': 'tb3_bringup_custom', 'rc': 0}
[1.147329] (target_selector) JobStarted: {'identifier': 'target_selector'}
[1.151110] (debug_visualizer) Command: {'cmd': ['/usr/bin/python3', '-W', 'ignore:setup.py install is deprecated', '-W', 'ignore:easy_install command is deprecated', 'setup.py', 'egg_info', '--egg-base', '../../build/debug_visualizer', 'build', '--build-base', '/home/jackfeels/Documents/PROYECTO_TURTLEBOT/build/debug_visualizer/build', 'install', '--record', '/home/jackfeels/Documents/PROYECTO_TURTLEBOT/build/debug_visualizer/install.log', '--single-version-externally-managed', 'install_data'], 'cwd': '/home/jackfeels/Documents/PROYECTO_TURTLEBOT/src/debug_visualizer', 'env': {'GJS_DEBUG_TOPICS': 'JS ERROR;JS LOG', 'PYTHON_BASIC_REPL': '1', 'LESSOPEN': '| /usr/bin/lesspipe %s', 'USER': 'jackfeels', 'XDG_SESSION_TYPE': 'wayland', 'GIT_ASKPASS': '/usr/share/code/resources/app/extensions/git/dist/askpass.sh', 'ROS_PACKAGE_PATH': '/home/jackfeels/Documents/PROYECTO_TURTLEBOT/install/tb3_interfaces/share', 'SHLVL': '1', 'LD_LIBRARY_PATH': '/home/jackfeels/Documents/PROYECTO_TURTLEBOT/install/tb3_interfaces/lib:/home/jackfeels/turtlebot3_ws/install/turtlebot3_msgs/lib:/home/jackfeels/turtlebot3_ws/install/dynamixel_sdk_custom_interfaces/lib:/home/jackfeels/turtlebot3_ws/install/dynamixel_sdk/lib:/opt/ros/humble/opt/rviz_ogre_vendor/lib:/opt/ros/humble/lib/aarch64-linux-gnu:/opt/ros/humble/lib', 'HOME': '/home/jackfeels', 'CHROME_DESKTOP': 'code.desktop', 'OLDPWD': '/home/jackfeels/Documents/PROYECTO_TURTLEBOT', 'TERM_PROGRAM_VERSION': '1.114.0', 'DESKTOP_SESSION': 'ubuntu', 'GIO_LAUNCHED_DESKTOP_FILE': '/usr/share/applications/code.desktop', 'ROS_PYTHON_VERSION': '3', 'GNOME_SHELL_SESSION_MODE': 'ubuntu', 'GTK_MODULES': 'gail:atk-bridge', 'VSCODE_GIT_ASKPASS_MAIN': '/usr/share/code/resources/app/extensions/git/dist/askpass-main.js', 'VSCODE_GIT_ASKPASS_NODE': '/usr/share/code/code', 'MANAGERPID': '1447', 'PYDEVD_DISABLE_FILE_VALIDATION': '1', 'SYSTEMD_EXEC_PID': '2048', 'BUNDLED_DEBUGPY_PATH': '/home/jackfeels/.vscode/extensions/ms-python.debugpy-2025.18.0-linux-arm64/bundled/libs/debugpy', 'IM_CONFIG_CHECK_ENV': '1', 'VSCODE_PYTHON_AUTOACTIVATE_GUARD': '1', 'DBUS_SESSION_BUS_ADDRESS': 'unix:path=/run/user/1000/bus', 'COLORTERM': 'truecolor', 'GIO_LAUNCHED_DESKTOP_FILE_PID': '31416', 'IM_CONFIG_PHASE': '1', 'WAYLAND_DISPLAY': 'wayland-0', 'COLCON_PREFIX_PATH': '/home/jackfeels/turtlebot3_ws/install', 'ROS_DISTRO': 'humble', 'LOGNAME': 'jackfeels', 'JOURNAL_STREAM': '8:27136', '_': '/usr/bin/colcon', 'ROS_VERSION': '2', 'CLAUDE_CODE_SSE_PORT': '37331', 'XDG_SESSION_CLASS': 'user', 'PKG_CONFIG_PATH': '/home/jackfeels/Documents/PROYECTO_TURTLEBOT/install/tb3_interfaces/lib/aarch64-linux-gnu/pkgconfig:/home/jackfeels/Documents/PROYECTO_TURTLEBOT/install/tb3_interfaces/lib/pkgconfig', 'USERNAME': 'jackfeels', 'TERM': 'xterm-256color', 'GNOME_DESKTOP_SESSION_ID': 'this-is-deprecated', 'FC_FONTATIONS': '1', 'ROS_LOCALHOST_ONLY': '0', 'PATH': '/home/jackfeels/.local/bin:/home/jackfeels/.local/bin:/home/jackfeels/.config/Code/User/globalStorage/github.copilot-chat/debugCommand:/home/jackfeels/.config/Code/User/globalStorage/github.copilot-chat/copilotCli:/home/jackfeels/.local/bin:/home/jackfeels/.local/bin:/home/jackfeels/.local/bin:/opt/ros/humble/bin:/home/jackfeels/.local/bin:/usr/local/sbin:/usr/local/bin:/usr/sbin:/usr/bin:/sbin:/bin:/usr/games:/usr/local/games:/snap/bin:/snap/bin:/home/jackfeels/.vscode/extensions/ms-python.debugpy-2025.18.0-linux-arm64/bundled/scripts/noConfigScripts', 'SESSION_MANAGER': 'local/jackfeels:@/tmp/.ICE-unix/2024,unix/jackfeels:/tmp/.ICE-unix/2024', 'INVOCATION_ID': '7072cee1c8cb4ac79fe0ad88f4dcb9f7', 'XDG_MENU_PREFIX': 'gnome-', 'GNOME_SETUP_DISPLAY': ':1', 'XDG_RUNTIME_DIR': '/run/user/1000', 'GDK_BACKEND': 'wayland', 'DISPLAY': ':0', 'VSCODE_DEBUGPY_ADAPTER_ENDPOINTS': '/home/jackfeels/.vscode/extensions/ms-python.debugpy-2025.18.0-linux-arm64/.noConfigDebugAdapterEndpoints/endpoint-185b3b7f67631b8b.txt', 'LANG': 'en_US.UTF-8', 'XDG_CURRENT_DESKTOP': 'ubuntu:GNOME', 'PYTHONSTARTUP': '/home/jackfeels/.config/Code/User/workspaceStorage/46ee1a91a2843d3566ffcdb977c34744/ms-python.python/pythonrc.py', 'XMODIFIERS': '@im=ibus', 'XDG_SESSION_DESKTOP': 'ubuntu', 'XAUTHORITY': '/run/user/1000/.mutter-Xwaylandauth.BCY4N3', 'LS_COLORS': 'rs=0:di=01;34:ln=01;36:mh=00:pi=40;33:so=01;35:do=01;35:bd=40;33;01:cd=40;33;01:or=40;31;01:mi=00:su=37;41:sg=30;43:ca=30;41:tw=30;42:ow=34;42:st=37;44:ex=01;32:*.tar=01;31:*.tgz=01;31:*.arc=01;31:*.arj=01;31:*.taz=01;31:*.lha=01;31:*.lz4=01;31:*.lzh=01;31:*.lzma=01;31:*.tlz=01;31:*.txz=01;31:*.tzo=01;31:*.t7z=01;31:*.zip=01;31:*.z=01;31:*.dz=01;31:*.gz=01;31:*.lrz=01;31:*.lz=01;31:*.lzo=01;31:*.xz=01;31:*.zst=01;31:*.tzst=01;31:*.bz2=01;31:*.bz=01;31:*.tbz=01;31:*.tbz2=01;31:*.tz=01;31:*.deb=01;31:*.rpm=01;31:*.jar=01;31:*.war=01;31:*.ear=01;31:*.sar=01;31:*.rar=01;31:*.alz=01;31:*.ace=01;31:*.zoo=01;31:*.cpio=01;31:*.7z=01;31:*.rz=01;31:*.cab=01;31:*.wim=01;31:*.swm=01;31:*.dwm=01;31:*.esd=01;31:*.jpg=01;35:*.jpeg=01;35:*.mjpg=01;35:*.mjpeg=01;35:*.gif=01;35:*.bmp=01;35:*.pbm=01;35:*.pgm=01;35:*.ppm=01;35:*.tga=01;35:*.xbm=01;35:*.xpm=01;35:*.tif=01;35:*.tiff=01;35:*.png=01;35:*.svg=01;35:*.svgz=01;35:*.mng=01;35:*.pcx=01;35:*.mov=01;35:*.mpg=01;35:*.mpeg=01;35:*.m2v=01;35:*.mkv=01;35:*.webm=01;35:*.webp=01;35:*.ogm=01;35:*.mp4=01;35:*.m4v=01;35:*.mp4v=01;35:*.vob=01;35:*.qt=01;35:*.nuv=01;35:*.wmv=01;35:*.asf=01;35:*.rm=01;35:*.rmvb=01;35:*.flc=01;35:*.avi=01;35:*.fli=01;35:*.flv=01;35:*.gl=01;35:*.dl=01;35:*.xcf=01;35:*.xwd=01;35:*.yuv=01;35:*.cgm=01;35:*.emf=01;35:*.ogv=01;35:*.ogx=01;35:*.aac=00;36:*.au=00;36:*.flac=00;36:*.m4a=00;36:*.mid=00;36:*.midi=00;36:*.mka=00;36:*.mp3=00;36:*.mpc=00;36:*.ogg=00;36:*.ra=00;36:*.wav=00;36:*.oga=00;36:*.opus=00;36:*.spx=00;36:*.xspf=00;36:', 'VSCODE_GIT_IPC_HANDLE': '/run/user/1000/vscode-git-3da86ad6c9.sock', 'TERM_PROGRAM': 'vscode', 'SSH_AGENT_LAUNCHER': 'gnome-keyring', 'SSH_AUTH_SOCK': '/run/user/1000/keyring/ssh', 'ROS_DOMAIN_ID': '30', 'AMENT_PREFIX_PATH': '/home/jackfeels/turtlebot3_ws/install/turtlebot3:/home/jackfeels/turtlebot3_ws/install/turtlebot3_teleop:/home/jackfeels/turtlebot3_ws/install/turtlebot3_bringup:/home/jackfeels/turtlebot3_ws/install/turtlebot3_node:/home/jackfeels/turtlebot3_ws/install/turtlebot3_navigation2:/home/jackfeels/turtlebot3_ws/install/turtlebot3_example:/home/jackfeels/turtlebot3_ws/install/turtlebot3_msgs:/home/jackfeels/turtlebot3_ws/install/turtlebot3_description:/home/jackfeels/turtlebot3_ws/install/turtlebot3_cartographer:/home/jackfeels/turtlebot3_ws/install/dynamixel_sdk_examples:/home/jackfeels/turtlebot3_ws/install/dynamixel_sdk_custom_interfaces:/home/jackfeels/turtlebot3_ws/install/dynamixel_sdk:/opt/ros/humble', 'SHELL': '/bin/bash', 'QT_ACCESSIBILITY': '1', 'GDMSESSION': 'ubuntu', 'LESSCLOSE': '/usr/bin/lesspipe %s %s', 'GJS_DEBUG_OUTPUT': 'stderr', 'VSCODE_GIT_ASKPASS_EXTRA_ARGS': '', 'QT_IM_MODULE': 'ibus', 'PWD': '/home/jackfeels/Documents/PROYECTO_TURTLEBOT/build/debug_visualizer', 'TURTLEBOT3_MODEL': 'burger', 'XDG_CONFIG_DIRS': '/etc/xdg/xdg-ubuntu:/etc/xdg', 'XDG_DATA_DIRS': '/usr/share/ubuntu:/usr/local/share/:/usr/share/:/var/lib/snapd/desktop', 'PYTHONPATH': '/home/jackfeels/Documents/PROYECTO_TURTLEBOT/build/debug_visualizer/prefix_override:/usr/lib/python3/dist-packages/colcon_core/task/python/colcon_distutils_commands:/home/jackfeels/Documents/PROYECTO_TURTLEBOT/install/debug_visualizer/lib/python3.10/site-packages:/home/jackfeels/Documents/PROYECTO_TURTLEBOT/install/tb3_interfaces/local/lib/python3.10/dist-packages:/home/jackfeels/turtlebot3_ws/install/turtlebot3_teleop/lib/python3.10/site-packages:/home/jackfeels/turtlebot3_ws/install/turtlebot3_example/lib/python3.10/site-packages:/home/jackfeels/turtlebot3_ws/install/turtlebot3_msgs/local/lib/python3.10/dist-packages:/home/jackfeels/turtlebot3_ws/install/dynamixel_sdk_custom_interfaces/local/lib/python3.10/dist-packages:/home/jackfeels/turtlebot3_ws/install/dynamixel_sdk/local/lib/python3.10/dist-packages:/opt/ros/humble/lib/python3.10/site-packages:/opt/ros/humble/local/lib/python3.10/dist-packages', 'COLCON': '1', 'CMAKE_PREFIX_PATH': '/home/jackfeels/Documents/PROYECTO_TURTLEBOT/install/tb3_interfaces:/home/jackfeels/turtlebot3_ws/install/turtlebot3:/home/jackfeels/turtlebot3_ws/install/turtlebot3_bringup:/home/jackfeels/turtlebot3_ws/install/turtlebot3_node:/home/jackfeels/turtlebot3_ws/install/turtlebot3_navigation2:/home/jackfeels/turtlebot3_ws/install/turtlebot3_msgs:/home/jackfeels/turtlebot3_ws/install/turtlebot3_description:/home/jackfeels/turtlebot3_ws/install/turtlebot3_cartographer:/home/jackfeels/turtlebot3_ws/install/dynamixel_sdk_examples:/home/jackfeels/turtlebot3_ws/install/dynamixel_sdk_custom_interfaces:/home/jackfeels/turtlebot3_ws/install/dynamixel_sdk'}, 'shell': False}
[1.152448] (follow_controller) Command: {'cmd': ['/usr/bin/python3', '-W', 'ignore:setup.py install is deprecated', '-W', 'ignore:easy_install command is deprecated', 'setup.py', 'egg_info', '--egg-base', '../../build/follow_controller', 'build', '--build-base', '/home/jackfeels/Documents/PROYECTO_TURTLEBOT/build/follow_controller/build', 'install', '--record', '/home/jackfeels/Documents/PROYECTO_TURTLEBOT/build/follow_controller/install.log', '--single-version-externally-managed', 'install_data'], 'cwd': '/home/jackfeels/Documents/PROYECTO_TURTLEBOT/src/follow_controller', 'env': {'GJS_DEBUG_TOPICS': 'JS ERROR;JS LOG', 'PYTHON_BASIC_REPL': '1', 'LESSOPEN': '| /usr/bin/lesspipe %s', 'USER': 'jackfeels', 'XDG_SESSION_TYPE': 'wayland', 'GIT_ASKPASS': '/usr/share/code/resources/app/extensions/git/dist/askpass.sh', 'ROS_PACKAGE_PATH': '/home/jackfeels/Documents/PROYECTO_TURTLEBOT/install/tb3_interfaces/share', 'SHLVL': '1', 'LD_LIBRARY_PATH': '/home/jackfeels/Documents/PROYECTO_TURTLEBOT/install/tb3_interfaces/lib:/home/jackfeels/turtlebot3_ws/install/turtlebot3_msgs/lib:/home/jackfeels/turtlebot3_ws/install/dynamixel_sdk_custom_interfaces/lib:/home/jackfeels/turtlebot3_ws/install/dynamixel_sdk/lib:/opt/ros/humble/opt/rviz_ogre_vendor/lib:/opt/ros/humble/lib/aarch64-linux-gnu:/opt/ros/humble/lib', 'HOME': '/home/jackfeels', 'CHROME_DESKTOP': 'code.desktop', 'OLDPWD': '/home/jackfeels/Documents/PROYECTO_TURTLEBOT', 'TERM_PROGRAM_VERSION': '1.114.0', 'DESKTOP_SESSION': 'ubuntu', 'GIO_LAUNCHED_DESKTOP_FILE': '/usr/share/applications/code.desktop', 'ROS_PYTHON_VERSION': '3', 'GNOME_SHELL_SESSION_MODE': 'ubuntu', 'GTK_MODULES': 'gail:atk-bridge', 'VSCODE_GIT_ASKPASS_MAIN': '/usr/share/code/resources/app/extensions/git/dist/askpass-main.js', 'VSCODE_GIT_ASKPASS_NODE': '/usr/share/code/code', 'MANAGERPID': '1447', 'PYDEVD_DISABLE_FILE_VALIDATION': '1', 'SYSTEMD_EXEC_PID': '2048', 'BUNDLED_DEBUGPY_PATH': '/home/jackfeels/.vscode/extensions/ms-python.debugpy-2025.18.0-linux-arm64/bundled/libs/debugpy', 'IM_CONFIG_CHECK_ENV': '1', 'VSCODE_PYTHON_AUTOACTIVATE_GUARD': '1', 'DBUS_SESSION_BUS_ADDRESS': 'unix:path=/run/user/1000/bus', 'COLORTERM': 'truecolor', 'GIO_LAUNCHED_DESKTOP_FILE_PID': '31416', 'IM_CONFIG_PHASE': '1', 'WAYLAND_DISPLAY': 'wayland-0', 'COLCON_PREFIX_PATH': '/home/jackfeels/turtlebot3_ws/install', 'ROS_DISTRO': 'humble', 'LOGNAME': 'jackfeels', 'JOURNAL_STREAM': '8:27136', '_': '/usr/bin/colcon', 'ROS_VERSION': '2', 'CLAUDE_CODE_SSE_PORT': '37331', 'XDG_SESSION_CLASS': 'user', 'PKG_CONFIG_PATH': '/home/jackfeels/Documents/PROYECTO_TURTLEBOT/install/tb3_interfaces/lib/aarch64-linux-gnu/pkgconfig:/home/jackfeels/Documents/PROYECTO_TURTLEBOT/install/tb3_interfaces/lib/pkgconfig', 'USERNAME': 'jackfeels', 'TERM': 'xterm-256color', 'GNOME_DESKTOP_SESSION_ID': 'this-is-deprecated', 'FC_FONTATIONS': '1', 'ROS_LOCALHOST_ONLY': '0', 'PATH': '/home/jackfeels/.local/bin:/home/jackfeels/.local/bin:/home/jackfeels/.config/Code/User/globalStorage/github.copilot-chat/debugCommand:/home/jackfeels/.config/Code/User/globalStorage/github.copilot-chat/copilotCli:/home/jackfeels/.local/bin:/home/jackfeels/.local/bin:/home/jackfeels/.local/bin:/opt/ros/humble/bin:/home/jackfeels/.local/bin:/usr/local/sbin:/usr/local/bin:/usr/sbin:/usr/bin:/sbin:/bin:/usr/games:/usr/local/games:/snap/bin:/snap/bin:/home/jackfeels/.vscode/extensions/ms-python.debugpy-2025.18.0-linux-arm64/bundled/scripts/noConfigScripts', 'SESSION_MANAGER': 'local/jackfeels:@/tmp/.ICE-unix/2024,unix/jackfeels:/tmp/.ICE-unix/2024', 'INVOCATION_ID': '7072cee1c8cb4ac79fe0ad88f4dcb9f7', 'XDG_MENU_PREFIX': 'gnome-', 'GNOME_SETUP_DISPLAY': ':1', 'XDG_RUNTIME_DIR': '/run/user/1000', 'GDK_BACKEND': 'wayland', 'DISPLAY': ':0', 'VSCODE_DEBUGPY_ADAPTER_ENDPOINTS': '/home/jackfeels/.vscode/extensions/ms-python.debugpy-2025.18.0-linux-arm64/.noConfigDebugAdapterEndpoints/endpoint-185b3b7f67631b8b.txt', 'LANG': 'en_US.UTF-8', 'XDG_CURRENT_DESKTOP': 'ubuntu:GNOME', 'PYTHONSTARTUP': '/home/jackfeels/.config/Code/User/workspaceStorage/46ee1a91a2843d3566ffcdb977c34744/ms-python.python/pythonrc.py', 'XMODIFIERS': '@im=ibus', 'XDG_SESSION_DESKTOP': 'ubuntu', 'XAUTHORITY': '/run/user/1000/.mutter-Xwaylandauth.BCY4N3', 'LS_COLORS': 'rs=0:di=01;34:ln=01;36:mh=00:pi=40;33:so=01;35:do=01;35:bd=40;33;01:cd=40;33;01:or=40;31;01:mi=00:su=37;41:sg=30;43:ca=30;41:tw=30;42:ow=34;42:st=37;44:ex=01;32:*.tar=01;31:*.tgz=01;31:*.arc=01;31:*.arj=01;31:*.taz=01;31:*.lha=01;31:*.lz4=01;31:*.lzh=01;31:*.lzma=01;31:*.tlz=01;31:*.txz=01;31:*.tzo=01;31:*.t7z=01;31:*.zip=01;31:*.z=01;31:*.dz=01;31:*.gz=01;31:*.lrz=01;31:*.lz=01;31:*.lzo=01;31:*.xz=01;31:*.zst=01;31:*.tzst=01;31:*.bz2=01;31:*.bz=01;31:*.tbz=01;31:*.tbz2=01;31:*.tz=01;31:*.deb=01;31:*.rpm=01;31:*.jar=01;31:*.war=01;31:*.ear=01;31:*.sar=01;31:*.rar=01;31:*.alz=01;31:*.ace=01;31:*.zoo=01;31:*.cpio=01;31:*.7z=01;31:*.rz=01;31:*.cab=01;31:*.wim=01;31:*.swm=01;31:*.dwm=01;31:*.esd=01;31:*.jpg=01;35:*.jpeg=01;35:*.mjpg=01;35:*.mjpeg=01;35:*.gif=01;35:*.bmp=01;35:*.pbm=01;35:*.pgm=01;35:*.ppm=01;35:*.tga=01;35:*.xbm=01;35:*.xpm=01;35:*.tif=01;35:*.tiff=01;35:*.png=01;35:*.svg=01;35:*.svgz=01;35:*.mng=01;35:*.pcx=01;35:*.mov=01;35:*.mpg=01;35:*.mpeg=01;35:*.m2v=01;35:*.mkv=01;35:*.webm=01;35:*.webp=01;35:*.ogm=01;35:*.mp4=01;35:*.m4v=01;35:*.mp4v=01;35:*.vob=01;35:*.qt=01;35:*.nuv=01;35:*.wmv=01;35:*.asf=01;35:*.rm=01;35:*.rmvb=01;35:*.flc=01;35:*.avi=01;35:*.fli=01;35:*.flv=01;35:*.gl=01;35:*.dl=01;35:*.xcf=01;35:*.xwd=01;35:*.yuv=01;35:*.cgm=01;35:*.emf=01;35:*.ogv=01;35:*.ogx=01;35:*.aac=00;36:*.au=00;36:*.flac=00;36:*.m4a=00;36:*.mid=00;36:*.midi=00;36:*.mka=00;36:*.mp3=00;36:*.mpc=00;36:*.ogg=00;36:*.ra=00;36:*.wav=00;36:*.oga=00;36:*.opus=00;36:*.spx=00;36:*.xspf=00;36:', 'VSCODE_GIT_IPC_HANDLE': '/run/user/1000/vscode-git-3da86ad6c9.sock', 'TERM_PROGRAM': 'vscode', 'SSH_AGENT_LAUNCHER': 'gnome-keyring', 'SSH_AUTH_SOCK': '/run/user/1000/keyring/ssh', 'ROS_DOMAIN_ID': '30', 'AMENT_PREFIX_PATH': '/home/jackfeels/turtlebot3_ws/install/turtlebot3:/home/jackfeels/turtlebot3_ws/install/turtlebot3_teleop:/home/jackfeels/turtlebot3_ws/install/turtlebot3_bringup:/home/jackfeels/turtlebot3_ws/install/turtlebot3_node:/home/jackfeels/turtlebot3_ws/install/turtlebot3_navigation2:/home/jackfeels/turtlebot3_ws/install/turtlebot3_example:/home/jackfeels/turtlebot3_ws/install/turtlebot3_msgs:/home/jackfeels/turtlebot3_ws/install/turtlebot3_description:/home/jackfeels/turtlebot3_ws/install/turtlebot3_cartographer:/home/jackfeels/turtlebot3_ws/install/dynamixel_sdk_examples:/home/jackfeels/turtlebot3_ws/install/dynamixel_sdk_custom_interfaces:/home/jackfeels/turtlebot3_ws/install/dynamixel_sdk:/opt/ros/humble', 'SHELL': '/bin/bash', 'QT_ACCESSIBILITY': '1', 'GDMSESSION': 'ubuntu', 'LESSCLOSE': '/usr/bin/lesspipe %s %s', 'GJS_DEBUG_OUTPUT': 'stderr', 'VSCODE_GIT_ASKPASS_EXTRA_ARGS': '', 'QT_IM_MODULE': 'ibus', 'PWD': '/home/jackfeels/Documents/PROYECTO_TURTLEBOT/build/follow_controller', 'TURTLEBOT3_MODEL': 'burger', 'XDG_CONFIG_DIRS': '/etc/xdg/xdg-ubuntu:/etc/xdg', 'XDG_DATA_DIRS': '/usr/share/ubuntu:/usr/local/share/:/usr/share/:/var/lib/snapd/desktop', 'PYTHONPATH': '/home/jackfeels/Documents/PROYECTO_TURTLEBOT/build/follow_controller/prefix_override:/usr/lib/python3/dist-packages/colcon_core/task/python/colcon_distutils_commands:/home/jackfeels/Documents/PROYECTO_TURTLEBOT/install/follow_controller/lib/python3.10/site-packages:/home/jackfeels/Documents/PROYECTO_TURTLEBOT/install/tb3_interfaces/local/lib/python3.10/dist-packages:/home/jackfeels/turtlebot3_ws/install/turtlebot3_teleop/lib/python3.10/site-packages:/home/jackfeels/turtlebot3_ws/install/turtlebot3_example/lib/python3.10/site-packages:/home/jackfeels/turtlebot3_ws/install/turtlebot3_msgs/local/lib/python3.10/dist-packages:/home/jackfeels/turtlebot3_ws/install/dynamixel_sdk_custom_interfaces/local/lib/python3.10/dist-packages:/home/jackfeels/turtlebot3_ws/install/dynamixel_sdk/local/lib/python3.10/dist-packages:/opt/ros/humble/lib/python3.10/site-packages:/opt/ros/humble/local/lib/python3.10/dist-packages', 'COLCON': '1', 'CMAKE_PREFIX_PATH': '/home/jackfeels/Documents/PROYECTO_TURTLEBOT/install/tb3_interfaces:/home/jackfeels/turtlebot3_ws/install/turtlebot3:/home/jackfeels/turtlebot3_ws/install/turtlebot3_bringup:/home/jackfeels/turtlebot3_ws/install/turtlebot3_node:/home/jackfeels/turtlebot3_ws/install/turtlebot3_navigation2:/home/jackfeels/turtlebot3_ws/install/turtlebot3_msgs:/home/jackfeels/turtlebot3_ws/install/turtlebot3_description:/home/jackfeels/turtlebot3_ws/install/turtlebot3_cartographer:/home/jackfeels/turtlebot3_ws/install/dynamixel_sdk_examples:/home/jackfeels/turtlebot3_ws/install/dynamixel_sdk_custom_interfaces:/home/jackfeels/turtlebot3_ws/install/dynamixel_sdk'}, 'shell': False}
[1.202434] (-) TimerEvent: {}
[1.295478] (follow_controller) StdoutLine: {'line': b'running egg_info\n'}
[1.296797] (debug_visualizer) StdoutLine: {'line': b'running egg_info\n'}
[1.300464] (follow_controller) StdoutLine: {'line': b'writing ../../build/follow_controller/follow_controller.egg-info/PKG-INFO\n'}
[1.301093] (follow_controller) StdoutLine: {'line': b'writing dependency_links to ../../build/follow_controller/follow_controller.egg-info/dependency_links.txt\n'}
[1.301139] (follow_controller) StdoutLine: {'line': b'writing entry points to ../../build/follow_controller/follow_controller.egg-info/entry_points.txt\n'}
[1.301171] (follow_controller) StdoutLine: {'line': b'writing requirements to ../../build/follow_controller/follow_controller.egg-info/requires.txt\n'}
[1.301213] (follow_controller) StdoutLine: {'line': b'writing top-level names to ../../build/follow_controller/follow_controller.egg-info/top_level.txt\n'}
[1.302493] (-) TimerEvent: {}
[1.305204] (debug_visualizer) StdoutLine: {'line': b'writing ../../build/debug_visualizer/debug_visualizer.egg-info/PKG-INFO\n'}
[1.305522] (debug_visualizer) StdoutLine: {'line': b'writing dependency_links to ../../build/debug_visualizer/debug_visualizer.egg-info/dependency_links.txt\n'}
[1.305658] (debug_visualizer) StdoutLine: {'line': b'writing entry points to ../../build/debug_visualizer/debug_visualizer.egg-info/entry_points.txt\n'}
[1.305757] (debug_visualizer) StdoutLine: {'line': b'writing requirements to ../../build/debug_visualizer/debug_visualizer.egg-info/requires.txt\n'}
[1.305862] (debug_visualizer) StdoutLine: {'line': b'writing top-level names to ../../build/debug_visualizer/debug_visualizer.egg-info/top_level.txt\n'}
[1.319578] (follow_controller) StdoutLine: {'line': b"reading manifest file '../../build/follow_controller/follow_controller.egg-info/SOURCES.txt'\n"}
[1.320514] (follow_controller) StdoutLine: {'line': b"writing manifest file '../../build/follow_controller/follow_controller.egg-info/SOURCES.txt'\n"}
[1.320644] (follow_controller) StdoutLine: {'line': b'running build\n'}
[1.320694] (follow_controller) StdoutLine: {'line': b'running build_py\n'}
[1.320826] (follow_controller) StdoutLine: {'line': b'copying follow_controller/follow_controller_node.py -> /home/jackfeels/Documents/PROYECTO_TURTLEBOT/build/follow_controller/build/lib/follow_controller\n'}
[1.320956] (follow_controller) StdoutLine: {'line': b'copying follow_controller/__init__.py -> /home/jackfeels/Documents/PROYECTO_TURTLEBOT/build/follow_controller/build/lib/follow_controller\n'}
[1.321126] (follow_controller) StdoutLine: {'line': b'running install\n'}
[1.324320] (follow_controller) StdoutLine: {'line': b'running install_lib\n'}
[1.325650] (debug_visualizer) StdoutLine: {'line': b"reading manifest file '../../build/debug_visualizer/debug_visualizer.egg-info/SOURCES.txt'\n"}
[1.326631] (debug_visualizer) StdoutLine: {'line': b"writing manifest file '../../build/debug_visualizer/debug_visualizer.egg-info/SOURCES.txt'\n"}
[1.326808] (debug_visualizer) StdoutLine: {'line': b'running build\n'}
[1.326848] (debug_visualizer) StdoutLine: {'line': b'running build_py\n'}
[1.327047] (debug_visualizer) StdoutLine: {'line': b'copying debug_visualizer/debug_visualizer_node.py -> /home/jackfeels/Documents/PROYECTO_TURTLEBOT/build/debug_visualizer/build/lib/debug_visualizer\n'}
[1.327084] (debug_visualizer) StdoutLine: {'line': b'copying debug_visualizer/__init__.py -> /home/jackfeels/Documents/PROYECTO_TURTLEBOT/build/debug_visualizer/build/lib/debug_visualizer\n'}
[1.327212] (debug_visualizer) StdoutLine: {'line': b'running install\n'}
[1.329815] (debug_visualizer) StdoutLine: {'line': b'running install_lib\n'}
[1.333816] (follow_controller) StdoutLine: {'line': b'copying /home/jackfeels/Documents/PROYECTO_TURTLEBOT/build/follow_controller/build/lib/follow_controller/follow_controller_node.py -> /home/jackfeels/Documents/PROYECTO_TURTLEBOT/install/follow_controller/lib/python3.10/site-packages/follow_controller\n'}
[1.334871] (follow_controller) StdoutLine: {'line': b'byte-compiling /home/jackfeels/Documents/PROYECTO_TURTLEBOT/install/follow_controller/lib/python3.10/site-packages/follow_controller/follow_controller_node.py to follow_controller_node.cpython-310.pyc\n'}
[1.335661] (follow_controller) StdoutLine: {'line': b'running install_data\n'}
[1.335810] (follow_controller) StdoutLine: {'line': b'copying resource/follow_controller -> /home/jackfeels/Documents/PROYECTO_TURTLEBOT/install/follow_controller/share/ament_index/resource_index/packages\n'}
[1.335929] (follow_controller) StdoutLine: {'line': b'copying package.xml -> /home/jackfeels/Documents/PROYECTO_TURTLEBOT/install/follow_controller/share/follow_controller\n'}
[1.336033] (follow_controller) StdoutLine: {'line': b'running install_egg_info\n'}
[1.339939] (debug_visualizer) StdoutLine: {'line': b'running install_data\n'}
[1.340254] (debug_visualizer) StdoutLine: {'line': b'copying resource/debug_visualizer -> /home/jackfeels/Documents/PROYECTO_TURTLEBOT/install/debug_visualizer/share/ament_index/resource_index/packages\n'}
[1.340311] (debug_visualizer) StdoutLine: {'line': b'copying package.xml -> /home/jackfeels/Documents/PROYECTO_TURTLEBOT/install/debug_visualizer/share/debug_visualizer\n'}
[1.340912] (debug_visualizer) StdoutLine: {'line': b'running install_egg_info\n'}
[1.344928] (follow_controller) StdoutLine: {'line': b"removing '/home/jackfeels/Documents/PROYECTO_TURTLEBOT/install/follow_controller/lib/python3.10/site-packages/follow_controller-0.0.1-py3.10.egg-info' (and everything under it)\n"}
[1.346295] (follow_controller) StdoutLine: {'line': b'Copying ../../build/follow_controller/follow_controller.egg-info to /home/jackfeels/Documents/PROYECTO_TURTLEBOT/install/follow_controller/lib/python3.10/site-packages/follow_controller-0.0.1-py3.10.egg-info\n'}
[1.348903] (debug_visualizer) StdoutLine: {'line': b"removing '/home/jackfeels/Documents/PROYECTO_TURTLEBOT/install/debug_visualizer/lib/python3.10/site-packages/debug_visualizer-0.0.1-py3.10.egg-info' (and everything under it)\n"}
[1.349225] (debug_visualizer) StdoutLine: {'line': b'Copying ../../build/debug_visualizer/debug_visualizer.egg-info to /home/jackfeels/Documents/PROYECTO_TURTLEBOT/install/debug_visualizer/lib/python3.10/site-packages/debug_visualizer-0.0.1-py3.10.egg-info\n'}
[1.349795] (debug_visualizer) StdoutLine: {'line': b'running install_scripts\n'}
[1.350560] (follow_controller) StdoutLine: {'line': b'running install_scripts\n'}
[1.365810] (debug_visualizer) StdoutLine: {'line': b'Installing debug_visualizer_node script to /home/jackfeels/Documents/PROYECTO_TURTLEBOT/install/debug_visualizer/lib/debug_visualizer\n'}
[1.366143] (debug_visualizer) StdoutLine: {'line': b"writing list of installed files to '/home/jackfeels/Documents/PROYECTO_TURTLEBOT/build/debug_visualizer/install.log'\n"}
[1.368584] (follow_controller) StdoutLine: {'line': b'Installing follow_controller_node script to /home/jackfeels/Documents/PROYECTO_TURTLEBOT/install/follow_controller/lib/follow_controller\n'}
[1.369126] (follow_controller) StdoutLine: {'line': b"writing list of installed files to '/home/jackfeels/Documents/PROYECTO_TURTLEBOT/build/follow_controller/install.log'\n"}
[1.381153] (debug_visualizer) CommandEnded: {'returncode': 0}
[1.386951] (debug_visualizer) JobEnded: {'identifier': 'debug_visualizer', 'rc': 0}
[1.395630] (follow_controller) CommandEnded: {'returncode': 0}
[1.402668] (follow_controller) JobEnded: {'identifier': 'follow_controller', 'rc': 0}
[1.403089] (-) TimerEvent: {}
[1.425490] (person_tracker) Command: {'cmd': ['/usr/bin/python3', '-W', 'ignore:setup.py install is deprecated', '-W', 'ignore:easy_install command is deprecated', 'setup.py', 'egg_info', '--egg-base', '../../build/person_tracker', 'build', '--build-base', '/home/jackfeels/Documents/PROYECTO_TURTLEBOT/build/person_tracker/build', 'install', '--record', '/home/jackfeels/Documents/PROYECTO_TURTLEBOT/build/person_tracker/install.log', '--single-version-externally-managed', 'install_data'], 'cwd': '/home/jackfeels/Documents/PROYECTO_TURTLEBOT/src/person_tracker', 'env': {'GJS_DEBUG_TOPICS': 'JS ERROR;JS LOG', 'PYTHON_BASIC_REPL': '1', 'LESSOPEN': '| /usr/bin/lesspipe %s', 'USER': 'jackfeels', 'XDG_SESSION_TYPE': 'wayland', 'GIT_ASKPASS': '/usr/share/code/resources/app/extensions/git/dist/askpass.sh', 'ROS_PACKAGE_PATH': '/home/jackfeels/Documents/PROYECTO_TURTLEBOT/install/tb3_interfaces/share', 'SHLVL': '1', 'LD_LIBRARY_PATH': '/home/jackfeels/Documents/PROYECTO_TURTLEBOT/install/tb3_interfaces/lib:/home/jackfeels/turtlebot3_ws/install/turtlebot3_msgs/lib:/home/jackfeels/turtlebot3_ws/install/dynamixel_sdk_custom_interfaces/lib:/home/jackfeels/turtlebot3_ws/install/dynamixel_sdk/lib:/opt/ros/humble/opt/rviz_ogre_vendor/lib:/opt/ros/humble/lib/aarch64-linux-gnu:/opt/ros/humble/lib', 'HOME': '/home/jackfeels', 'CHROME_DESKTOP': 'code.desktop', 'OLDPWD': '/home/jackfeels/Documents/PROYECTO_TURTLEBOT', 'TERM_PROGRAM_VERSION': '1.114.0', 'DESKTOP_SESSION': 'ubuntu', 'GIO_LAUNCHED_DESKTOP_FILE': '/usr/share/applications/code.desktop', 'ROS_PYTHON_VERSION': '3', 'GNOME_SHELL_SESSION_MODE': 'ubuntu', 'GTK_MODULES': 'gail:atk-bridge', 'VSCODE_GIT_ASKPASS_MAIN': '/usr/share/code/resources/app/extensions/git/dist/askpass-main.js', 'VSCODE_GIT_ASKPASS_NODE': '/usr/share/code/code', 'MANAGERPID': '1447', 'PYDEVD_DISABLE_FILE_VALIDATION': '1', 'SYSTEMD_EXEC_PID': '2048', 'BUNDLED_DEBUGPY_PATH': '/home/jackfeels/.vscode/extensions/ms-python.debugpy-2025.18.0-linux-arm64/bundled/libs/debugpy', 'IM_CONFIG_CHECK_ENV': '1', 'VSCODE_PYTHON_AUTOACTIVATE_GUARD': '1', 'DBUS_SESSION_BUS_ADDRESS': 'unix:path=/run/user/1000/bus', 'COLORTERM': 'truecolor', 'GIO_LAUNCHED_DESKTOP_FILE_PID': '31416', 'IM_CONFIG_PHASE': '1', 'WAYLAND_DISPLAY': 'wayland-0', 'COLCON_PREFIX_PATH': '/home/jackfeels/turtlebot3_ws/install', 'ROS_DISTRO': 'humble', 'LOGNAME': 'jackfeels', 'JOURNAL_STREAM': '8:27136', '_': '/usr/bin/colcon', 'ROS_VERSION': '2', 'CLAUDE_CODE_SSE_PORT': '37331', 'XDG_SESSION_CLASS': 'user', 'PKG_CONFIG_PATH': '/home/jackfeels/Documents/PROYECTO_TURTLEBOT/install/tb3_interfaces/lib/aarch64-linux-gnu/pkgconfig:/home/jackfeels/Documents/PROYECTO_TURTLEBOT/install/tb3_interfaces/lib/pkgconfig', 'USERNAME': 'jackfeels', 'TERM': 'xterm-256color', 'GNOME_DESKTOP_SESSION_ID': 'this-is-deprecated', 'FC_FONTATIONS': '1', 'ROS_LOCALHOST_ONLY': '0', 'PATH': '/home/jackfeels/.local/bin:/home/jackfeels/.local/bin:/home/jackfeels/.config/Code/User/globalStorage/github.copilot-chat/debugCommand:/home/jackfeels/.config/Code/User/globalStorage/github.copilot-chat/copilotCli:/home/jackfeels/.local/bin:/home/jackfeels/.local/bin:/home/jackfeels/.local/bin:/opt/ros/humble/bin:/home/jackfeels/.local/bin:/usr/local/sbin:/usr/local/bin:/usr/sbin:/usr/bin:/sbin:/bin:/usr/games:/usr/local/games:/snap/bin:/snap/bin:/home/jackfeels/.vscode/extensions/ms-python.debugpy-2025.18.0-linux-arm64/bundled/scripts/noConfigScripts', 'SESSION_MANAGER': 'local/jackfeels:@/tmp/.ICE-unix/2024,unix/jackfeels:/tmp/.ICE-unix/2024', 'INVOCATION_ID': '7072cee1c8cb4ac79fe0ad88f4dcb9f7', 'XDG_MENU_PREFIX': 'gnome-', 'GNOME_SETUP_DISPLAY': ':1', 'XDG_RUNTIME_DIR': '/run/user/1000', 'GDK_BACKEND': 'wayland', 'DISPLAY': ':0', 'VSCODE_DEBUGPY_ADAPTER_ENDPOINTS': '/home/jackfeels/.vscode/extensions/ms-python.debugpy-2025.18.0-linux-arm64/.noConfigDebugAdapterEndpoints/endpoint-185b3b7f67631b8b.txt', 'LANG': 'en_US.UTF-8', 'XDG_CURRENT_DESKTOP': 'ubuntu:GNOME', 'PYTHONSTARTUP': '/home/jackfeels/.config/Code/User/workspaceStorage/46ee1a91a2843d3566ffcdb977c34744/ms-python.python/pythonrc.py', 'XMODIFIERS': '@im=ibus', 'XDG_SESSION_DESKTOP': 'ubuntu', 'XAUTHORITY': '/run/user/1000/.mutter-Xwaylandauth.BCY4N3', 'LS_COLORS': 'rs=0:di=01;34:ln=01;36:mh=00:pi=40;33:so=01;35:do=01;35:bd=40;33;01:cd=40;33;01:or=40;31;01:mi=00:su=37;41:sg=30;43:ca=30;41:tw=30;42:ow=34;42:st=37;44:ex=01;32:*.tar=01;31:*.tgz=01;31:*.arc=01;31:*.arj=01;31:*.taz=01;31:*.lha=01;31:*.lz4=01;31:*.lzh=01;31:*.lzma=01;31:*.tlz=01;31:*.txz=01;31:*.tzo=01;31:*.t7z=01;31:*.zip=01;31:*.z=01;31:*.dz=01;31:*.gz=01;31:*.lrz=01;31:*.lz=01;31:*.lzo=01;31:*.xz=01;31:*.zst=01;31:*.tzst=01;31:*.bz2=01;31:*.bz=01;31:*.tbz=01;31:*.tbz2=01;31:*.tz=01;31:*.deb=01;31:*.rpm=01;31:*.jar=01;31:*.war=01;31:*.ear=01;31:*.sar=01;31:*.rar=01;31:*.alz=01;31:*.ace=01;31:*.zoo=01;31:*.cpio=01;31:*.7z=01;31:*.rz=01;31:*.cab=01;31:*.wim=01;31:*.swm=01;31:*.dwm=01;31:*.esd=01;31:*.jpg=01;35:*.jpeg=01;35:*.mjpg=01;35:*.mjpeg=01;35:*.gif=01;35:*.bmp=01;35:*.pbm=01;35:*.pgm=01;35:*.ppm=01;35:*.tga=01;35:*.xbm=01;35:*.xpm=01;35:*.tif=01;35:*.tiff=01;35:*.png=01;35:*.svg=01;35:*.svgz=01;35:*.mng=01;35:*.pcx=01;35:*.mov=01;35:*.mpg=01;35:*.mpeg=01;35:*.m2v=01;35:*.mkv=01;35:*.webm=01;35:*.webp=01;35:*.ogm=01;35:*.mp4=01;35:*.m4v=01;35:*.mp4v=01;35:*.vob=01;35:*.qt=01;35:*.nuv=01;35:*.wmv=01;35:*.asf=01;35:*.rm=01;35:*.rmvb=01;35:*.flc=01;35:*.avi=01;35:*.fli=01;35:*.flv=01;35:*.gl=01;35:*.dl=01;35:*.xcf=01;35:*.xwd=01;35:*.yuv=01;35:*.cgm=01;35:*.emf=01;35:*.ogv=01;35:*.ogx=01;35:*.aac=00;36:*.au=00;36:*.flac=00;36:*.m4a=00;36:*.mid=00;36:*.midi=00;36:*.mka=00;36:*.mp3=00;36:*.mpc=00;36:*.ogg=00;36:*.ra=00;36:*.wav=00;36:*.oga=00;36:*.opus=00;36:*.spx=00;36:*.xspf=00;36:', 'VSCODE_GIT_IPC_HANDLE': '/run/user/1000/vscode-git-3da86ad6c9.sock', 'TERM_PROGRAM': 'vscode', 'SSH_AGENT_LAUNCHER': 'gnome-keyring', 'SSH_AUTH_SOCK': '/run/user/1000/keyring/ssh', 'ROS_DOMAIN_ID': '30', 'AMENT_PREFIX_PATH': '/home/jackfeels/turtlebot3_ws/install/turtlebot3:/home/jackfeels/turtlebot3_ws/install/turtlebot3_teleop:/home/jackfeels/turtlebot3_ws/install/turtlebot3_bringup:/home/jackfeels/turtlebot3_ws/install/turtlebot3_node:/home/jackfeels/turtlebot3_ws/install/turtlebot3_navigation2:/home/jackfeels/turtlebot3_ws/install/turtlebot3_example:/home/jackfeels/turtlebot3_ws/install/turtlebot3_msgs:/home/jackfeels/turtlebot3_ws/install/turtlebot3_description:/home/jackfeels/turtlebot3_ws/install/turtlebot3_cartographer:/home/jackfeels/turtlebot3_ws/install/dynamixel_sdk_examples:/home/jackfeels/turtlebot3_ws/install/dynamixel_sdk_custom_interfaces:/home/jackfeels/turtlebot3_ws/install/dynamixel_sdk:/opt/ros/humble', 'SHELL': '/bin/bash', 'QT_ACCESSIBILITY': '1', 'GDMSESSION': 'ubuntu', 'LESSCLOSE': '/usr/bin/lesspipe %s %s', 'GJS_DEBUG_OUTPUT': 'stderr', 'VSCODE_GIT_ASKPASS_EXTRA_ARGS': '', 'QT_IM_MODULE': 'ibus', 'PWD': '/home/jackfeels/Documents/PROYECTO_TURTLEBOT/build/person_tracker', 'TURTLEBOT3_MODEL': 'burger', 'XDG_CONFIG_DIRS': '/etc/xdg/xdg-ubuntu:/etc/xdg', 'XDG_DATA_DIRS': '/usr/share/ubuntu:/usr/local/share/:/usr/share/:/var/lib/snapd/desktop', 'PYTHONPATH': '/home/jackfeels/Documents/PROYECTO_TURTLEBOT/build/person_tracker/prefix_override:/usr/lib/python3/dist-packages/colcon_core/task/python/colcon_distutils_commands:/home/jackfeels/Documents/PROYECTO_TURTLEBOT/install/person_tracker/lib/python3.10/site-packages:/home/jackfeels/Documents/PROYECTO_TURTLEBOT/install/tb3_interfaces/local/lib/python3.10/dist-packages:/home/jackfeels/turtlebot3_ws/install/turtlebot3_teleop/lib/python3.10/site-packages:/home/jackfeels/turtlebot3_ws/install/turtlebot3_example/lib/python3.10/site-packages:/home/jackfeels/turtlebot3_ws/install/turtlebot3_msgs/local/lib/python3.10/dist-packages:/home/jackfeels/turtlebot3_ws/install/dynamixel_sdk_custom_interfaces/local/lib/python3.10/dist-packages:/home/jackfeels/turtlebot3_ws/install/dynamixel_sdk/local/lib/python3.10/dist-packages:/opt/ros/humble/lib/python3.10/site-packages:/opt/ros/humble/local/lib/python3.10/dist-packages', 'COLCON': '1', 'CMAKE_PREFIX_PATH': '/home/jackfeels/Documents/PROYECTO_TURTLEBOT/install/tb3_interfaces:/home/jackfeels/turtlebot3_ws/install/turtlebot3:/home/jackfeels/turtlebot3_ws/install/turtlebot3_bringup:/home/jackfeels/turtlebot3_ws/install/turtlebot3_node:/home/jackfeels/turtlebot3_ws/install/turtlebot3_navigation2:/home/jackfeels/turtlebot3_ws/install/turtlebot3_msgs:/home/jackfeels/turtlebot3_ws/install/turtlebot3_description:/home/jackfeels/turtlebot3_ws/install/turtlebot3_cartographer:/home/jackfeels/turtlebot3_ws/install/dynamixel_sdk_examples:/home/jackfeels/turtlebot3_ws/install/dynamixel_sdk_custom_interfaces:/home/jackfeels/turtlebot3_ws/install/dynamixel_sdk'}, 'shell': False}
[1.503195] (-) TimerEvent: {}
[1.541283] (target_selector) Command: {'cmd': ['/usr/bin/python3', '-W', 'ignore:setup.py install is deprecated', '-W', 'ignore:easy_install command is deprecated', 'setup.py', 'egg_info', '--egg-base', '../../build/target_selector', 'build', '--build-base', '/home/jackfeels/Documents/PROYECTO_TURTLEBOT/build/target_selector/build', 'install', '--record', '/home/jackfeels/Documents/PROYECTO_TURTLEBOT/build/target_selector/install.log', '--single-version-externally-managed', 'install_data'], 'cwd': '/home/jackfeels/Documents/PROYECTO_TURTLEBOT/src/target_selector', 'env': {'GJS_DEBUG_TOPICS': 'JS ERROR;JS LOG', 'PYTHON_BASIC_REPL': '1', 'LESSOPEN': '| /usr/bin/lesspipe %s', 'USER': 'jackfeels', 'XDG_SESSION_TYPE': 'wayland', 'GIT_ASKPASS': '/usr/share/code/resources/app/extensions/git/dist/askpass.sh', 'ROS_PACKAGE_PATH': '/home/jackfeels/Documents/PROYECTO_TURTLEBOT/install/tb3_interfaces/share', 'SHLVL': '1', 'LD_LIBRARY_PATH': '/home/jackfeels/Documents/PROYECTO_TURTLEBOT/install/tb3_interfaces/lib:/home/jackfeels/turtlebot3_ws/install/turtlebot3_msgs/lib:/home/jackfeels/turtlebot3_ws/install/dynamixel_sdk_custom_interfaces/lib:/home/jackfeels/turtlebot3_ws/install/dynamixel_sdk/lib:/opt/ros/humble/opt/rviz_ogre_vendor/lib:/opt/ros/humble/lib/aarch64-linux-gnu:/opt/ros/humble/lib', 'HOME': '/home/jackfeels', 'CHROME_DESKTOP': 'code.desktop', 'OLDPWD': '/home/jackfeels/Documents/PROYECTO_TURTLEBOT', 'TERM_PROGRAM_VERSION': '1.114.0', 'DESKTOP_SESSION': 'ubuntu', 'GIO_LAUNCHED_DESKTOP_FILE': '/usr/share/applications/code.desktop', 'ROS_PYTHON_VERSION': '3', 'GNOME_SHELL_SESSION_MODE': 'ubuntu', 'GTK_MODULES': 'gail:atk-bridge', 'VSCODE_GIT_ASKPASS_MAIN': '/usr/share/code/resources/app/extensions/git/dist/askpass-main.js', 'VSCODE_GIT_ASKPASS_NODE': '/usr/share/code/code', 'MANAGERPID': '1447', 'PYDEVD_DISABLE_FILE_VALIDATION': '1', 'SYSTEMD_EXEC_PID': '2048', 'BUNDLED_DEBUGPY_PATH': '/home/jackfeels/.vscode/extensions/ms-python.debugpy-2025.18.0-linux-arm64/bundled/libs/debugpy', 'IM_CONFIG_CHECK_ENV': '1', 'VSCODE_PYTHON_AUTOACTIVATE_GUARD': '1', 'DBUS_SESSION_BUS_ADDRESS': 'unix:path=/run/user/1000/bus', 'COLORTERM': 'truecolor', 'GIO_LAUNCHED_DESKTOP_FILE_PID': '31416', 'IM_CONFIG_PHASE': '1', 'WAYLAND_DISPLAY': 'wayland-0', 'COLCON_PREFIX_PATH': '/home/jackfeels/turtlebot3_ws/install', 'ROS_DISTRO': 'humble', 'LOGNAME': 'jackfeels', 'JOURNAL_STREAM': '8:27136', '_': '/usr/bin/colcon', 'ROS_VERSION': '2', 'CLAUDE_CODE_SSE_PORT': '37331', 'XDG_SESSION_CLASS': 'user', 'PKG_CONFIG_PATH': '/home/jackfeels/Documents/PROYECTO_TURTLEBOT/install/tb3_interfaces/lib/aarch64-linux-gnu/pkgconfig:/home/jackfeels/Documents/PROYECTO_TURTLEBOT/install/tb3_interfaces/lib/pkgconfig', 'USERNAME': 'jackfeels', 'TERM': 'xterm-256color', 'GNOME_DESKTOP_SESSION_ID': 'this-is-deprecated', 'FC_FONTATIONS': '1', 'ROS_LOCALHOST_ONLY': '0', 'PATH': '/home/jackfeels/.local/bin:/home/jackfeels/.local/bin:/home/jackfeels/.config/Code/User/globalStorage/github.copilot-chat/debugCommand:/home/jackfeels/.config/Code/User/globalStorage/github.copilot-chat/copilotCli:/home/jackfeels/.local/bin:/home/jackfeels/.local/bin:/home/jackfeels/.local/bin:/opt/ros/humble/bin:/home/jackfeels/.local/bin:/usr/local/sbin:/usr/local/bin:/usr/sbin:/usr/bin:/sbin:/bin:/usr/games:/usr/local/games:/snap/bin:/snap/bin:/home/jackfeels/.vscode/extensions/ms-python.debugpy-2025.18.0-linux-arm64/bundled/scripts/noConfigScripts', 'SESSION_MANAGER': 'local/jackfeels:@/tmp/.ICE-unix/2024,unix/jackfeels:/tmp/.ICE-unix/2024', 'INVOCATION_ID': '7072cee1c8cb4ac79fe0ad88f4dcb9f7', 'XDG_MENU_PREFIX': 'gnome-', 'GNOME_SETUP_DISPLAY': ':1', 'XDG_RUNTIME_DIR': '/run/user/1000', 'GDK_BACKEND': 'wayland', 'DISPLAY': ':0', 'VSCODE_DEBUGPY_ADAPTER_ENDPOINTS': '/home/jackfeels/.vscode/extensions/ms-python.debugpy-2025.18.0-linux-arm64/.noConfigDebugAdapterEndpoints/endpoint-185b3b7f67631b8b.txt', 'LANG': 'en_US.UTF-8', 'XDG_CURRENT_DESKTOP': 'ubuntu:GNOME', 'PYTHONSTARTUP': '/home/jackfeels/.config/Code/User/workspaceStorage/46ee1a91a2843d3566ffcdb977c34744/ms-python.python/pythonrc.py', 'XMODIFIERS': '@im=ibus', 'XDG_SESSION_DESKTOP': 'ubuntu', 'XAUTHORITY': '/run/user/1000/.mutter-Xwaylandauth.BCY4N3', 'LS_COLORS': 'rs=0:di=01;34:ln=01;36:mh=00:pi=40;33:so=01;35:do=01;35:bd=40;33;01:cd=40;33;01:or=40;31;01:mi=00:su=37;41:sg=30;43:ca=30;41:tw=30;42:ow=34;42:st=37;44:ex=01;32:*.tar=01;31:*.tgz=01;31:*.arc=01;31:*.arj=01;31:*.taz=01;31:*.lha=01;31:*.lz4=01;31:*.lzh=01;31:*.lzma=01;31:*.tlz=01;31:*.txz=01;31:*.tzo=01;31:*.t7z=01;31:*.zip=01;31:*.z=01;31:*.dz=01;31:*.gz=01;31:*.lrz=01;31:*.lz=01;31:*.lzo=01;31:*.xz=01;31:*.zst=01;31:*.tzst=01;31:*.bz2=01;31:*.bz=01;31:*.tbz=01;31:*.tbz2=01;31:*.tz=01;31:*.deb=01;31:*.rpm=01;31:*.jar=01;31:*.war=01;31:*.ear=01;31:*.sar=01;31:*.rar=01;31:*.alz=01;31:*.ace=01;31:*.zoo=01;31:*.cpio=01;31:*.7z=01;31:*.rz=01;31:*.cab=01;31:*.wim=01;31:*.swm=01;31:*.dwm=01;31:*.esd=01;31:*.jpg=01;35:*.jpeg=01;35:*.mjpg=01;35:*.mjpeg=01;35:*.gif=01;35:*.bmp=01;35:*.pbm=01;35:*.pgm=01;35:*.ppm=01;35:*.tga=01;35:*.xbm=01;35:*.xpm=01;35:*.tif=01;35:*.tiff=01;35:*.png=01;35:*.svg=01;35:*.svgz=01;35:*.mng=01;35:*.pcx=01;35:*.mov=01;35:*.mpg=01;35:*.mpeg=01;35:*.m2v=01;35:*.mkv=01;35:*.webm=01;35:*.webp=01;35:*.ogm=01;35:*.mp4=01;35:*.m4v=01;35:*.mp4v=01;35:*.vob=01;35:*.qt=01;35:*.nuv=01;35:*.wmv=01;35:*.asf=01;35:*.rm=01;35:*.rmvb=01;35:*.flc=01;35:*.avi=01;35:*.fli=01;35:*.flv=01;35:*.gl=01;35:*.dl=01;35:*.xcf=01;35:*.xwd=01;35:*.yuv=01;35:*.cgm=01;35:*.emf=01;35:*.ogv=01;35:*.ogx=01;35:*.aac=00;36:*.au=00;36:*.flac=00;36:*.m4a=00;36:*.mid=00;36:*.midi=00;36:*.mka=00;36:*.mp3=00;36:*.mpc=00;36:*.ogg=00;36:*.ra=00;36:*.wav=00;36:*.oga=00;36:*.opus=00;36:*.spx=00;36:*.xspf=00;36:', 'VSCODE_GIT_IPC_HANDLE': '/run/user/1000/vscode-git-3da86ad6c9.sock', 'TERM_PROGRAM': 'vscode', 'SSH_AGENT_LAUNCHER': 'gnome-keyring', 'SSH_AUTH_SOCK': '/run/user/1000/keyring/ssh', 'ROS_DOMAIN_ID': '30', 'AMENT_PREFIX_PATH': '/home/jackfeels/turtlebot3_ws/install/turtlebot3:/home/jackfeels/turtlebot3_ws/install/turtlebot3_teleop:/home/jackfeels/turtlebot3_ws/install/turtlebot3_bringup:/home/jackfeels/turtlebot3_ws/install/turtlebot3_node:/home/jackfeels/turtlebot3_ws/install/turtlebot3_navigation2:/home/jackfeels/turtlebot3_ws/install/turtlebot3_example:/home/jackfeels/turtlebot3_ws/install/turtlebot3_msgs:/home/jackfeels/turtlebot3_ws/install/turtlebot3_description:/home/jackfeels/turtlebot3_ws/install/turtlebot3_cartographer:/home/jackfeels/turtlebot3_ws/install/dynamixel_sdk_examples:/home/jackfeels/turtlebot3_ws/install/dynamixel_sdk_custom_interfaces:/home/jackfeels/turtlebot3_ws/install/dynamixel_sdk:/opt/ros/humble', 'SHELL': '/bin/bash', 'QT_ACCESSIBILITY': '1', 'GDMSESSION': 'ubuntu', 'LESSCLOSE': '/usr/bin/lesspipe %s %s', 'GJS_DEBUG_OUTPUT': 'stderr', 'VSCODE_GIT_ASKPASS_EXTRA_ARGS': '', 'QT_IM_MODULE': 'ibus', 'PWD': '/home/jackfeels/Documents/PROYECTO_TURTLEBOT/build/target_selector', 'TURTLEBOT3_MODEL': 'burger', 'XDG_CONFIG_DIRS': '/etc/xdg/xdg-ubuntu:/etc/xdg', 'XDG_DATA_DIRS': '/usr/share/ubuntu:/usr/local/share/:/usr/share/:/var/lib/snapd/desktop', 'PYTHONPATH': '/home/jackfeels/Documents/PROYECTO_TURTLEBOT/build/target_selector/prefix_override:/usr/lib/python3/dist-packages/colcon_core/task/python/colcon_distutils_commands:/home/jackfeels/Documents/PROYECTO_TURTLEBOT/install/target_selector/lib/python3.10/site-packages:/home/jackfeels/Documents/PROYECTO_TURTLEBOT/install/tb3_interfaces/local/lib/python3.10/dist-packages:/home/jackfeels/turtlebot3_ws/install/turtlebot3_teleop/lib/python3.10/site-packages:/home/jackfeels/turtlebot3_ws/install/turtlebot3_example/lib/python3.10/site-packages:/home/jackfeels/turtlebot3_ws/install/turtlebot3_msgs/local/lib/python3.10/dist-packages:/home/jackfeels/turtlebot3_ws/install/dynamixel_sdk_custom_interfaces/local/lib/python3.10/dist-packages:/home/jackfeels/turtlebot3_ws/install/dynamixel_sdk/local/lib/python3.10/dist-packages:/opt/ros/humble/lib/python3.10/site-packages:/opt/ros/humble/local/lib/python3.10/dist-packages', 'COLCON': '1', 'CMAKE_PREFIX_PATH': '/home/jackfeels/Documents/PROYECTO_TURTLEBOT/install/tb3_interfaces:/home/jackfeels/turtlebot3_ws/install/turtlebot3:/home/jackfeels/turtlebot3_ws/install/turtlebot3_bringup:/home/jackfeels/turtlebot3_ws/install/turtlebot3_node:/home/jackfeels/turtlebot3_ws/install/turtlebot3_navigation2:/home/jackfeels/turtlebot3_ws/install/turtlebot3_msgs:/home/jackfeels/turtlebot3_ws/install/turtlebot3_description:/home/jackfeels/turtlebot3_ws/install/turtlebot3_cartographer:/home/jackfeels/turtlebot3_ws/install/dynamixel_sdk_examples:/home/jackfeels/turtlebot3_ws/install/dynamixel_sdk_custom_interfaces:/home/jackfeels/turtlebot3_ws/install/dynamixel_sdk'}, 'shell': False}
[1.568624] (person_tracker) StdoutLine: {'line': b'running egg_info\n'}
[1.575857] (person_tracker) StdoutLine: {'line': b'writing ../../build/person_tracker/person_tracker.egg-info/PKG-INFO\n'}
[1.576160] (person_tracker) StdoutLine: {'line': b'writing dependency_links to ../../build/person_tracker/person_tracker.egg-info/dependency_links.txt\n'}
[1.576328] (person_tracker) StdoutLine: {'line': b'writing entry points to ../../build/person_tracker/person_tracker.egg-info/entry_points.txt\n'}
[1.576367] (person_tracker) StdoutLine: {'line': b'writing requirements to ../../build/person_tracker/person_tracker.egg-info/requires.txt\n'}
[1.576702] (person_tracker) StdoutLine: {'line': b'writing top-level names to ../../build/person_tracker/person_tracker.egg-info/top_level.txt\n'}
[1.593691] (person_tracker) StdoutLine: {'line': b"reading manifest file '../../build/person_tracker/person_tracker.egg-info/SOURCES.txt'\n"}
[1.594695] (person_tracker) StdoutLine: {'line': b"writing manifest file '../../build/person_tracker/person_tracker.egg-info/SOURCES.txt'\n"}
[1.594883] (person_tracker) StdoutLine: {'line': b'running build\n'}
[1.594939] (person_tracker) StdoutLine: {'line': b'running build_py\n'}
[1.594972] (person_tracker) StdoutLine: {'line': b'copying person_tracker/__init__.py -> /home/jackfeels/Documents/PROYECTO_TURTLEBOT/build/person_tracker/build/lib/person_tracker\n'}
[1.595246] (person_tracker) StdoutLine: {'line': b'copying person_tracker/person_tracker_node.py -> /home/jackfeels/Documents/PROYECTO_TURTLEBOT/build/person_tracker/build/lib/person_tracker\n'}
[1.595281] (person_tracker) StdoutLine: {'line': b'running install\n'}
[1.597833] (person_tracker) StdoutLine: {'line': b'running install_lib\n'}
[1.603282] (-) TimerEvent: {}
[1.607081] (person_tracker) StdoutLine: {'line': b'running install_data\n'}
[1.607360] (person_tracker) StdoutLine: {'line': b'copying resource/person_tracker -> /home/jackfeels/Documents/PROYECTO_TURTLEBOT/install/person_tracker/share/ament_index/resource_index/packages\n'}
[1.607416] (person_tracker) StdoutLine: {'line': b'copying package.xml -> /home/jackfeels/Documents/PROYECTO_TURTLEBOT/install/person_tracker/share/person_tracker\n'}
[1.607450] (person_tracker) StdoutLine: {'line': b'running install_egg_info\n'}
[1.617046] (person_tracker) StdoutLine: {'line': b"removing '/home/jackfeels/Documents/PROYECTO_TURTLEBOT/install/person_tracker/lib/python3.10/site-packages/person_tracker-0.0.1-py3.10.egg-info' (and everything under it)\n"}
[1.617643] (person_tracker) StdoutLine: {'line': b'Copying ../../build/person_tracker/person_tracker.egg-info to /home/jackfeels/Documents/PROYECTO_TURTLEBOT/install/person_tracker/lib/python3.10/site-packages/person_tracker-0.0.1-py3.10.egg-info\n'}
[1.618652] (person_tracker) StdoutLine: {'line': b'running install_scripts\n'}
[1.635587] (person_tracker) StdoutLine: {'line': b'Installing person_tracker_node script to /home/jackfeels/Documents/PROYECTO_TURTLEBOT/install/person_tracker/lib/person_tracker\n'}
[1.635969] (person_tracker) StdoutLine: {'line': b"writing list of installed files to '/home/jackfeels/Documents/PROYECTO_TURTLEBOT/build/person_tracker/install.log'\n"}
[1.654059] (person_tracker) CommandEnded: {'returncode': 0}
[1.655087] (person_tracker) JobEnded: {'identifier': 'person_tracker', 'rc': 0}
[1.675895] (target_selector) StdoutLine: {'line': b'running egg_info\n'}
[1.683859] (target_selector) StdoutLine: {'line': b'writing ../../build/target_selector/target_selector.egg-info/PKG-INFO\n'}
[1.684373] (target_selector) StdoutLine: {'line': b'writing dependency_links to ../../build/target_selector/target_selector.egg-info/dependency_links.txt\n'}
[1.684561] (target_selector) StdoutLine: {'line': b'writing entry points to ../../build/target_selector/target_selector.egg-info/entry_points.txt\n'}
[1.684727] (target_selector) StdoutLine: {'line': b'writing requirements to ../../build/target_selector/target_selector.egg-info/requires.txt\n'}
[1.684833] (target_selector) StdoutLine: {'line': b'writing top-level names to ../../build/target_selector/target_selector.egg-info/top_level.txt\n'}
[1.702319] (target_selector) StdoutLine: {'line': b"reading manifest file '../../build/target_selector/target_selector.egg-info/SOURCES.txt'\n"}
[1.703252] (target_selector) StdoutLine: {'line': b"writing manifest file '../../build/target_selector/target_selector.egg-info/SOURCES.txt'\n"}
[1.703374] (-) TimerEvent: {}
[1.703495] (target_selector) StdoutLine: {'line': b'running build\n'}
[1.703568] (target_selector) StdoutLine: {'line': b'running build_py\n'}
[1.703709] (target_selector) StdoutLine: {'line': b'copying target_selector/target_selector_node.py -> /home/jackfeels/Documents/PROYECTO_TURTLEBOT/build/target_selector/build/lib/target_selector\n'}
[1.703753] (target_selector) StdoutLine: {'line': b'copying target_selector/__init__.py -> /home/jackfeels/Documents/PROYECTO_TURTLEBOT/build/target_selector/build/lib/target_selector\n'}
[1.704893] (target_selector) StdoutLine: {'line': b'running install\n'}
[1.706450] (target_selector) StdoutLine: {'line': b'running install_lib\n'}
[1.716127] (target_selector) StdoutLine: {'line': b'running install_data\n'}
[1.716617] (target_selector) StdoutLine: {'line': b'copying resource/target_selector -> /home/jackfeels/Documents/PROYECTO_TURTLEBOT/install/target_selector/share/ament_index/resource_index/packages\n'}
[1.716688] (target_selector) StdoutLine: {'line': b'copying package.xml -> /home/jackfeels/Documents/PROYECTO_TURTLEBOT/install/target_selector/share/target_selector\n'}
[1.716726] (target_selector) StdoutLine: {'line': b'running install_egg_info\n'}
[1.725849] (target_selector) StdoutLine: {'line': b"removing '/home/jackfeels/Documents/PROYECTO_TURTLEBOT/install/target_selector/lib/python3.10/site-packages/target_selector-0.0.1-py3.10.egg-info' (and everything under it)\n"}
[1.726085] (target_selector) StdoutLine: {'line': b'Copying ../../build/target_selector/target_selector.egg-info to /home/jackfeels/Documents/PROYECTO_TURTLEBOT/install/target_selector/lib/python3.10/site-packages/target_selector-0.0.1-py3.10.egg-info\n'}
[1.727192] (target_selector) StdoutLine: {'line': b'running install_scripts\n'}
[1.744170] (target_selector) StdoutLine: {'line': b'Installing target_selector_node script to /home/jackfeels/Documents/PROYECTO_TURTLEBOT/install/target_selector/lib/target_selector\n'}
[1.744673] (target_selector) StdoutLine: {'line': b"writing list of installed files to '/home/jackfeels/Documents/PROYECTO_TURTLEBOT/build/target_selector/install.log'\n"}
[1.758742] (target_selector) CommandEnded: {'returncode': 0}
[1.762677] (target_selector) JobEnded: {'identifier': 'target_selector', 'rc': 0}
[1.763647] (-) EventReactorShutdown: {}
