[0.000000] (-) TimerEvent: {}
[0.000097] (gesture_detector) JobQueued: {'identifier': 'gesture_detector', 'dependencies': OrderedDict()}
[0.000120] (tb3_bringup_custom) JobQueued: {'identifier': 'tb3_bringup_custom', 'dependencies': OrderedDict()}
[0.000138] (tb3_interfaces) JobQueued: {'identifier': 'tb3_interfaces', 'dependencies': OrderedDict()}
[0.000153] (debug_visualizer) JobQueued: {'identifier': 'debug_visualizer', 'dependencies': OrderedDict([('tb3_interfaces', '/home/jackfeels/Documents/PROYECTO_TURTLEBOT/install/tb3_interfaces')])}
[0.000165] (follow_controller) JobQueued: {'identifier': 'follow_controller', 'dependencies': OrderedDict([('tb3_interfaces', '/home/jackfeels/Documents/PROYECTO_TURTLEBOT/install/tb3_interfaces')])}
[0.000180] (person_tracker) JobQueued: {'identifier': 'person_tracker', 'dependencies': OrderedDict([('tb3_interfaces', '/home/jackfeels/Documents/PROYECTO_TURTLEBOT/install/tb3_interfaces')])}
[0.000190] (target_selector) JobQueued: {'identifier': 'target_selector', 'dependencies': OrderedDict([('tb3_interfaces', '/home/jackfeels/Documents/PROYECTO_TURTLEBOT/install/tb3_interfaces')])}
[0.000205] (tb3_interfaces) JobStarted: {'identifier': 'tb3_interfaces'}
[0.005518] (gesture_detector) JobStarted: {'identifier': 'gesture_detector'}
[0.017129] (tb3_bringup_custom) JobStarted: {'identifier': 'tb3_bringup_custom'}
[0.021554] (tb3_interfaces) JobProgress: {'identifier': 'tb3_interfaces', 'progress': 'cmake'}
[0.021993] (tb3_interfaces) JobProgress: {'identifier': 'tb3_interfaces', 'progress': 'build'}
[0.022546] (tb3_interfaces) Command: {'cmd': ['/usr/bin/cmake', '--build', '/home/jackfeels/Documents/PROYECTO_TURTLEBOT/build/tb3_interfaces', '--', '-j4', '-l4'], 'cwd': '/home/jackfeels/Documents/PROYECTO_TURTLEBOT/build/tb3_interfaces', 'env': OrderedDict([('GJS_DEBUG_TOPICS', 'JS ERROR;JS LOG'), ('PYTHON_BASIC_REPL', '1'), ('LESSOPEN', '| /usr/bin/lesspipe %s'), ('USER', 'jackfeels'), ('XDG_SESSION_TYPE', 'wayland'), ('GIT_ASKPASS', '/usr/share/code/resources/app/extensions/git/dist/askpass.sh'), ('SHLVL', '1'), ('LD_LIBRARY_PATH', '/home/jackfeels/turtlebot3_ws/install/turtlebot3_msgs/lib:/home/jackfeels/turtlebot3_ws/install/dynamixel_sdk_custom_interfaces/lib:/home/jackfeels/turtlebot3_ws/install/dynamixel_sdk/lib:/opt/ros/humble/opt/rviz_ogre_vendor/lib:/opt/ros/humble/lib/aarch64-linux-gnu:/opt/ros/humble/lib'), ('HOME', '/home/jackfeels'), ('CHROME_DESKTOP', 'code.desktop'), ('OLDPWD', '/home/jackfeels/Documents/PROYECTO_TURTLEBOT'), ('TERM_PROGRAM_VERSION', '1.114.0'), ('DESKTOP_SESSION', 'ubuntu'), ('GIO_LAUNCHED_DESKTOP_FILE', '/usr/share/applications/code.desktop'), ('ROS_PYTHON_VERSION', '3'), ('GNOME_SHELL_SESSION_MODE', 'ubuntu'), ('GTK_MODULES', 'gail:atk-bridge'), ('VSCODE_GIT_ASKPASS_MAIN', '/usr/share/code/resources/app/extensions/git/dist/askpass-main.js'), ('VSCODE_GIT_ASKPASS_NODE', '/usr/share/code/code'), ('MANAGERPID', '1447'), ('PYDEVD_DISABLE_FILE_VALIDATION', '1'), ('SYSTEMD_EXEC_PID', '2048'), ('BUNDLED_DEBUGPY_PATH', '/home/jackfeels/.vscode/extensions/ms-python.debugpy-2025.18.0-linux-arm64/bundled/libs/debugpy'), ('IM_CONFIG_CHECK_ENV', '1'), ('VSCODE_PYTHON_AUTOACTIVATE_GUARD', '1'), ('DBUS_SESSION_BUS_ADDRESS', 'unix:path=/run/user/1000/bus'), ('COLORTERM', 'truecolor'), ('GIO_LAUNCHED_DESKTOP_FILE_PID', '31416'), ('IM_CONFIG_PHASE', '1'), ('WAYLAND_DISPLAY', 'wayland-0'), ('COLCON_PREFIX_PATH', '/home/jackfeels/turtlebot3_ws/install'), ('ROS_DISTRO', 'humble'), ('LOGNAME', 'jackfeels'), ('JOURNAL_STREAM', '8:27136'), ('_', '/usr/bin/colcon'), ('ROS_VERSION', '2'), ('CLAUDE_CODE_SSE_PORT', '37331'), ('XDG_SESSION_CLASS', 'user'), ('USERNAME', 'jackfeels'), ('TERM', 'xterm-256color'), ('GNOME_DESKTOP_SESSION_ID', 'this-is-deprecated'), ('FC_FONTATIONS', '1'), ('ROS_LOCALHOST_ONLY', '0'), ('PATH', '/home/jackfeels/.local/bin:/home/jackfeels/.local/bin:/home/jackfeels/.config/Code/User/globalStorage/github.copilot-chat/debugCommand:/home/jackfeels/.config/Code/User/globalStorage/github.copilot-chat/copilotCli:/home/jackfeels/.local/bin:/home/jackfeels/.local/bin:/home/jackfeels/.local/bin:/opt/ros/humble/bin:/home/jackfeels/.local/bin:/usr/local/sbin:/usr/local/bin:/usr/sbin:/usr/bin:/sbin:/bin:/usr/games:/usr/local/games:/snap/bin:/snap/bin:/home/jackfeels/.vscode/extensions/ms-python.debugpy-2025.18.0-linux-arm64/bundled/scripts/noConfigScripts'), ('SESSION_MANAGER', 'local/jackfeels:@/tmp/.ICE-unix/2024,unix/jackfeels:/tmp/.ICE-unix/2024'), ('INVOCATION_ID', '7072cee1c8cb4ac79fe0ad88f4dcb9f7'), ('XDG_MENU_PREFIX', 'gnome-'), ('GNOME_SETUP_DISPLAY', ':1'), ('XDG_RUNTIME_DIR', '/run/user/1000'), ('GDK_BACKEND', 'wayland'), ('DISPLAY', ':0'), ('VSCODE_DEBUGPY_ADAPTER_ENDPOINTS', '/home/jackfeels/.vscode/extensions/ms-python.debugpy-2025.18.0-linux-arm64/.noConfigDebugAdapterEndpoints/endpoint-185b3b7f67631b8b.txt'), ('LANG', 'en_US.UTF-8'), ('XDG_CURRENT_DESKTOP', 'ubuntu:GNOME'), ('PYTHONSTARTUP', '/home/jackfeels/.config/Code/User/workspaceStorage/46ee1a91a2843d3566ffcdb977c34744/ms-python.python/pythonrc.py'), ('XMODIFIERS', '@im=ibus'), ('XDG_SESSION_DESKTOP', 'ubuntu'), ('XAUTHORITY', '/run/user/1000/.mutter-Xwaylandauth.BCY4N3'), ('LS_COLORS', 'rs=0:di=01;34:ln=01;36:mh=00:pi=40;33:so=01;35:do=01;35:bd=40;33;01:cd=40;33;01:or=40;31;01:mi=00:su=37;41:sg=30;43:ca=30;41:tw=30;42:ow=34;42:st=37;44:ex=01;32:*.tar=01;31:*.tgz=01;31:*.arc=01;31:*.arj=01;31:*.taz=01;31:*.lha=01;31:*.lz4=01;31:*.lzh=01;31:*.lzma=01;31:*.tlz=01;31:*.txz=01;31:*.tzo=01;31:*.t7z=01;31:*.zip=01;31:*.z=01;31:*.dz=01;31:*.gz=01;31:*.lrz=01;31:*.lz=01;31:*.lzo=01;31:*.xz=01;31:*.zst=01;31:*.tzst=01;31:*.bz2=01;31:*.bz=01;31:*.tbz=01;31:*.tbz2=01;31:*.tz=01;31:*.deb=01;31:*.rpm=01;31:*.jar=01;31:*.war=01;31:*.ear=01;31:*.sar=01;31:*.rar=01;31:*.alz=01;31:*.ace=01;31:*.zoo=01;31:*.cpio=01;31:*.7z=01;31:*.rz=01;31:*.cab=01;31:*.wim=01;31:*.swm=01;31:*.dwm=01;31:*.esd=01;31:*.jpg=01;35:*.jpeg=01;35:*.mjpg=01;35:*.mjpeg=01;35:*.gif=01;35:*.bmp=01;35:*.pbm=01;35:*.pgm=01;35:*.ppm=01;35:*.tga=01;35:*.xbm=01;35:*.xpm=01;35:*.tif=01;35:*.tiff=01;35:*.png=01;35:*.svg=01;35:*.svgz=01;35:*.mng=01;35:*.pcx=01;35:*.mov=01;35:*.mpg=01;35:*.mpeg=01;35:*.m2v=01;35:*.mkv=01;35:*.webm=01;35:*.webp=01;35:*.ogm=01;35:*.mp4=01;35:*.m4v=01;35:*.mp4v=01;35:*.vob=01;35:*.qt=01;35:*.nuv=01;35:*.wmv=01;35:*.asf=01;35:*.rm=01;35:*.rmvb=01;35:*.flc=01;35:*.avi=01;35:*.fli=01;35:*.flv=01;35:*.gl=01;35:*.dl=01;35:*.xcf=01;35:*.xwd=01;35:*.yuv=01;35:*.cgm=01;35:*.emf=01;35:*.ogv=01;35:*.ogx=01;35:*.aac=00;36:*.au=00;36:*.flac=00;36:*.m4a=00;36:*.mid=00;36:*.midi=00;36:*.mka=00;36:*.mp3=00;36:*.mpc=00;36:*.ogg=00;36:*.ra=00;36:*.wav=00;36:*.oga=00;36:*.opus=00;36:*.spx=00;36:*.xspf=00;36:'), ('VSCODE_GIT_IPC_HANDLE', '/run/user/1000/vscode-git-3da86ad6c9.sock'), ('TERM_PROGRAM', 'vscode'), ('SSH_AGENT_LAUNCHER', 'gnome-keyring'), ('SSH_AUTH_SOCK', '/run/user/1000/keyring/ssh'), ('ROS_DOMAIN_ID', '30'), ('AMENT_PREFIX_PATH', '/home/jackfeels/turtlebot3_ws/install/turtlebot3:/home/jackfeels/turtlebot3_ws/install/turtlebot3_teleop:/home/jackfeels/turtlebot3_ws/install/turtlebot3_bringup:/home/jackfeels/turtlebot3_ws/install/turtlebot3_node:/home/jackfeels/turtlebot3_ws/install/turtlebot3_navigation2:/home/jackfeels/turtlebot3_ws/install/turtlebot3_example:/home/jackfeels/turtlebot3_ws/install/turtlebot3_msgs:/home/jackfeels/turtlebot3_ws/install/turtlebot3_description:/home/jackfeels/turtlebot3_ws/install/turtlebot3_cartographer:/home/jackfeels/turtlebot3_ws/install/dynamixel_sdk_examples:/home/jackfeels/turtlebot3_ws/install/dynamixel_sdk_custom_interfaces:/home/jackfeels/turtlebot3_ws/install/dynamixel_sdk:/opt/ros/humble'), ('SHELL', '/bin/bash'), ('QT_ACCESSIBILITY', '1'), ('GDMSESSION', 'ubuntu'), ('LESSCLOSE', '/usr/bin/lesspipe %s %s'), ('GJS_DEBUG_OUTPUT', 'stderr'), ('VSCODE_GIT_ASKPASS_EXTRA_ARGS', ''), ('QT_IM_MODULE', 'ibus'), ('PWD', '/home/jackfeels/Documents/PROYECTO_TURTLEBOT/build/tb3_interfaces'), ('TURTLEBOT3_MODEL', 'burger'), ('XDG_CONFIG_DIRS', '/etc/xdg/xdg-ubuntu:/etc/xdg'), ('XDG_DATA_DIRS', '/usr/share/ubuntu:/usr/local/share/:/usr/share/:/var/lib/snapd/desktop'), ('PYTHONPATH', '/home/jackfeels/turtlebot3_ws/install/turtlebot3_teleop/lib/python3.10/site-packages:/home/jackfeels/turtlebot3_ws/install/turtlebot3_example/lib/python3.10/site-packages:/home/jackfeels/turtlebot3_ws/install/turtlebot3_msgs/local/lib/python3.10/dist-packages:/home/jackfeels/turtlebot3_ws/install/dynamixel_sdk_custom_interfaces/local/lib/python3.10/dist-packages:/home/jackfeels/turtlebot3_ws/install/dynamixel_sdk/local/lib/python3.10/dist-packages:/opt/ros/humble/lib/python3.10/site-packages:/opt/ros/humble/local/lib/python3.10/dist-packages'), ('COLCON', '1'), ('CMAKE_PREFIX_PATH', '/home/jackfeels/turtlebot3_ws/install/turtlebot3:/home/jackfeels/turtlebot3_ws/install/turtlebot3_bringup:/home/jackfeels/turtlebot3_ws/install/turtlebot3_node:/home/jackfeels/turtlebot3_ws/install/turtlebot3_navigation2:/home/jackfeels/turtlebot3_ws/install/turtlebot3_msgs:/home/jackfeels/turtlebot3_ws/install/turtlebot3_description:/home/jackfeels/turtlebot3_ws/install/turtlebot3_cartographer:/home/jackfeels/turtlebot3_ws/install/dynamixel_sdk_examples:/home/jackfeels/turtlebot3_ws/install/dynamixel_sdk_custom_interfaces:/home/jackfeels/turtlebot3_ws/install/dynamixel_sdk')]), 'shell': False}
[0.099561] (-) TimerEvent: {}
[0.178095] (tb3_interfaces) StdoutLine: {'line': b'[  2%] Built target tb3_interfaces__rs\n'}
[0.178226] (tb3_interfaces) StdoutLine: {'line': b'[ 12%] Built target tb3_interfaces__rosidl_generator_c\n'}
[0.178267] (tb3_interfaces) StdoutLine: {'line': b'[ 14%] Built target tb3_interfaces__cpp\n'}
[0.178301] (tb3_interfaces) StdoutLine: {'line': b'[ 25%] Built target tb3_interfaces__rosidl_typesupport_introspection_c\n'}
[0.178333] (tb3_interfaces) StdoutLine: {'line': b'[ 25%] Built target ament_cmake_python_copy_tb3_interfaces\n'}
[0.178363] (tb3_interfaces) StdoutLine: {'line': b'[ 35%] Built target tb3_interfaces__rosidl_typesupport_fastrtps_c\n'}
[0.178399] (tb3_interfaces) StdoutLine: {'line': b'[ 45%] Built target tb3_interfaces__rosidl_typesupport_fastrtps_cpp\n'}
[0.178438] (tb3_interfaces) StdoutLine: {'line': b'[ 56%] Built target tb3_interfaces__rosidl_typesupport_c\n'}
[0.178468] (tb3_interfaces) StdoutLine: {'line': b'[ 66%] Built target tb3_interfaces__rosidl_typesupport_introspection_cpp\n'}
[0.178498] (tb3_interfaces) StdoutLine: {'line': b'[ 77%] Built target tb3_interfaces__rosidl_typesupport_cpp\n'}
[0.178527] (tb3_interfaces) StdoutLine: {'line': b'[ 77%] Built target tb3_interfaces\n'}
[0.191676] (tb3_interfaces) StdoutLine: {'line': b'[ 79%] Built target tb3_interfaces__py\n'}
[0.199655] (-) TimerEvent: {}
[0.207310] (tb3_interfaces) StdoutLine: {'line': b'[ 87%] Built target tb3_interfaces__rosidl_generator_py\n'}
[0.237900] (tb3_interfaces) StdoutLine: {'line': b'[ 91%] Built target tb3_interfaces__rosidl_typesupport_fastrtps_c__pyext\n'}
[0.243992] (tb3_interfaces) StdoutLine: {'line': b'[ 95%] Built target tb3_interfaces__rosidl_typesupport_introspection_c__pyext\n'}
[0.245369] (tb3_interfaces) StdoutLine: {'line': b'[100%] Built target tb3_interfaces__rosidl_typesupport_c__pyext\n'}
[0.250924] (tb3_interfaces) StdoutLine: {'line': b'running egg_info\n'}
[0.258444] (tb3_interfaces) StdoutLine: {'line': b'writing tb3_interfaces.egg-info/PKG-INFO\n'}
[0.258755] (tb3_interfaces) StdoutLine: {'line': b'writing dependency_links to tb3_interfaces.egg-info/dependency_links.txt\n'}
[0.258903] (tb3_interfaces) StdoutLine: {'line': b'writing top-level names to tb3_interfaces.egg-info/top_level.txt\n'}
[0.284270] (tb3_interfaces) StdoutLine: {'line': b"reading manifest file 'tb3_interfaces.egg-info/SOURCES.txt'\n"}
[0.284861] (tb3_interfaces) StdoutLine: {'line': b"writing manifest file 'tb3_interfaces.egg-info/SOURCES.txt'\n"}
[0.299987] (-) TimerEvent: {}
[0.300199] (tb3_interfaces) StdoutLine: {'line': b'[100%] Built target ament_cmake_python_build_tb3_interfaces_egg\n'}
[0.332104] (tb3_interfaces) CommandEnded: {'returncode': 0}
[0.333128] (tb3_interfaces) JobProgress: {'identifier': 'tb3_interfaces', 'progress': 'install'}
[0.339800] (tb3_interfaces) Command: {'cmd': ['/usr/bin/cmake', '--install', '/home/jackfeels/Documents/PROYECTO_TURTLEBOT/build/tb3_interfaces'], 'cwd': '/home/jackfeels/Documents/PROYECTO_TURTLEBOT/build/tb3_interfaces', 'env': OrderedDict([('GJS_DEBUG_TOPICS', 'JS ERROR;JS LOG'), ('PYTHON_BASIC_REPL', '1'), ('LESSOPEN', '| /usr/bin/lesspipe %s'), ('USER', 'jackfeels'), ('XDG_SESSION_TYPE', 'wayland'), ('GIT_ASKPASS', '/usr/share/code/resources/app/extensions/git/dist/askpass.sh'), ('SHLVL', '1'), ('LD_LIBRARY_PATH', '/home/jackfeels/turtlebot3_ws/install/turtlebot3_msgs/lib:/home/jackfeels/turtlebot3_ws/install/dynamixel_sdk_custom_interfaces/lib:/home/jackfeels/turtlebot3_ws/install/dynamixel_sdk/lib:/opt/ros/humble/opt/rviz_ogre_vendor/lib:/opt/ros/humble/lib/aarch64-linux-gnu:/opt/ros/humble/lib'), ('HOME', '/home/jackfeels'), ('CHROME_DESKTOP', 'code.desktop'), ('OLDPWD', '/home/jackfeels/Documents/PROYECTO_TURTLEBOT'), ('TERM_PROGRAM_VERSION', '1.114.0'), ('DESKTOP_SESSION', 'ubuntu'), ('GIO_LAUNCHED_DESKTOP_FILE', '/usr/share/applications/code.desktop'), ('ROS_PYTHON_VERSION', '3'), ('GNOME_SHELL_SESSION_MODE', 'ubuntu'), ('GTK_MODULES', 'gail:atk-bridge'), ('VSCODE_GIT_ASKPASS_MAIN', '/usr/share/code/resources/app/extensions/git/dist/askpass-main.js'), ('VSCODE_GIT_ASKPASS_NODE', '/usr/share/code/code'), ('MANAGERPID', '1447'), ('PYDEVD_DISABLE_FILE_VALIDATION', '1'), ('SYSTEMD_EXEC_PID', '2048'), ('BUNDLED_DEBUGPY_PATH', '/home/jackfeels/.vscode/extensions/ms-python.debugpy-2025.18.0-linux-arm64/bundled/libs/debugpy'), ('IM_CONFIG_CHECK_ENV', '1'), ('VSCODE_PYTHON_AUTOACTIVATE_GUARD', '1'), ('DBUS_SESSION_BUS_ADDRESS', 'unix:path=/run/user/1000/bus'), ('COLORTERM', 'truecolor'), ('GIO_LAUNCHED_DESKTOP_FILE_PID', '31416'), ('IM_CONFIG_PHASE', '1'), ('WAYLAND_DISPLAY', 'wayland-0'), ('COLCON_PREFIX_PATH', '/home/jackfeels/turtlebot3_ws/install'), ('ROS_DISTRO', 'humble'), ('LOGNAME', 'jackfeels'), ('JOURNAL_STREAM', '8:27136'), ('_', '/usr/bin/colcon'), ('ROS_VERSION', '2'), ('CLAUDE_CODE_SSE_PORT', '37331'), ('XDG_SESSION_CLASS', 'user'), ('USERNAME', 'jackfeels'), ('TERM', 'xterm-256color'), ('GNOME_DESKTOP_SESSION_ID', 'this-is-deprecated'), ('FC_FONTATIONS', '1'), ('ROS_LOCALHOST_ONLY', '0'), ('PATH', '/home/jackfeels/.local/bin:/home/jackfeels/.local/bin:/home/jackfeels/.config/Code/User/globalStorage/github.copilot-chat/debugCommand:/home/jackfeels/.config/Code/User/globalStorage/github.copilot-chat/copilotCli:/home/jackfeels/.local/bin:/home/jackfeels/.local/bin:/home/jackfeels/.local/bin:/opt/ros/humble/bin:/home/jackfeels/.local/bin:/usr/local/sbin:/usr/local/bin:/usr/sbin:/usr/bin:/sbin:/bin:/usr/games:/usr/local/games:/snap/bin:/snap/bin:/home/jackfeels/.vscode/extensions/ms-python.debugpy-2025.18.0-linux-arm64/bundled/scripts/noConfigScripts'), ('SESSION_MANAGER', 'local/jackfeels:@/tmp/.ICE-unix/2024,unix/jackfeels:/tmp/.ICE-unix/2024'), ('INVOCATION_ID', '7072cee1c8cb4ac79fe0ad88f4dcb9f7'), ('XDG_MENU_PREFIX', 'gnome-'), ('GNOME_SETUP_DISPLAY', ':1'), ('XDG_RUNTIME_DIR', '/run/user/1000'), ('GDK_BACKEND', 'wayland'), ('DISPLAY', ':0'), ('VSCODE_DEBUGPY_ADAPTER_ENDPOINTS', '/home/jackfeels/.vscode/extensions/ms-python.debugpy-2025.18.0-linux-arm64/.noConfigDebugAdapterEndpoints/endpoint-185b3b7f67631b8b.txt'), ('LANG', 'en_US.UTF-8'), ('XDG_CURRENT_DESKTOP', 'ubuntu:GNOME'), ('PYTHONSTARTUP', '/home/jackfeels/.config/Code/User/workspaceStorage/46ee1a91a2843d3566ffcdb977c34744/ms-python.python/pythonrc.py'), ('XMODIFIERS', '@im=ibus'), ('XDG_SESSION_DESKTOP', 'ubuntu'), ('XAUTHORITY', '/run/user/1000/.mutter-Xwaylandauth.BCY4N3'), ('LS_COLORS', 'rs=0:di=01;34:ln=01;36:mh=00:pi=40;33:so=01;35:do=01;35:bd=40;33;01:cd=40;33;01:or=40;31;01:mi=00:su=37;41:sg=30;43:ca=30;41:tw=30;42:ow=34;42:st=37;44:ex=01;32:*.tar=01;31:*.tgz=01;31:*.arc=01;31:*.arj=01;31:*.taz=01;31:*.lha=01;31:*.lz4=01;31:*.lzh=01;31:*.lzma=01;31:*.tlz=01;31:*.txz=01;31:*.tzo=01;31:*.t7z=01;31:*.zip=01;31:*.z=01;31:*.dz=01;31:*.gz=01;31:*.lrz=01;31:*.lz=01;31:*.lzo=01;31:*.xz=01;31:*.zst=01;31:*.tzst=01;31:*.bz2=01;31:*.bz=01;31:*.tbz=01;31:*.tbz2=01;31:*.tz=01;31:*.deb=01;31:*.rpm=01;31:*.jar=01;31:*.war=01;31:*.ear=01;31:*.sar=01;31:*.rar=01;31:*.alz=01;31:*.ace=01;31:*.zoo=01;31:*.cpio=01;31:*.7z=01;31:*.rz=01;31:*.cab=01;31:*.wim=01;31:*.swm=01;31:*.dwm=01;31:*.esd=01;31:*.jpg=01;35:*.jpeg=01;35:*.mjpg=01;35:*.mjpeg=01;35:*.gif=01;35:*.bmp=01;35:*.pbm=01;35:*.pgm=01;35:*.ppm=01;35:*.tga=01;35:*.xbm=01;35:*.xpm=01;35:*.tif=01;35:*.tiff=01;35:*.png=01;35:*.svg=01;35:*.svgz=01;35:*.mng=01;35:*.pcx=01;35:*.mov=01;35:*.mpg=01;35:*.mpeg=01;35:*.m2v=01;35:*.mkv=01;35:*.webm=01;35:*.webp=01;35:*.ogm=01;35:*.mp4=01;35:*.m4v=01;35:*.mp4v=01;35:*.vob=01;35:*.qt=01;35:*.nuv=01;35:*.wmv=01;35:*.asf=01;35:*.rm=01;35:*.rmvb=01;35:*.flc=01;35:*.avi=01;35:*.fli=01;35:*.flv=01;35:*.gl=01;35:*.dl=01;35:*.xcf=01;35:*.xwd=01;35:*.yuv=01;35:*.cgm=01;35:*.emf=01;35:*.ogv=01;35:*.ogx=01;35:*.aac=00;36:*.au=00;36:*.flac=00;36:*.m4a=00;36:*.mid=00;36:*.midi=00;36:*.mka=00;36:*.mp3=00;36:*.mpc=00;36:*.ogg=00;36:*.ra=00;36:*.wav=00;36:*.oga=00;36:*.opus=00;36:*.spx=00;36:*.xspf=00;36:'), ('VSCODE_GIT_IPC_HANDLE', '/run/user/1000/vscode-git-3da86ad6c9.sock'), ('TERM_PROGRAM', 'vscode'), ('SSH_AGENT_LAUNCHER', 'gnome-keyring'), ('SSH_AUTH_SOCK', '/run/user/1000/keyring/ssh'), ('ROS_DOMAIN_ID', '30'), ('AMENT_PREFIX_PATH', '/home/jackfeels/turtlebot3_ws/install/turtlebot3:/home/jackfeels/turtlebot3_ws/install/turtlebot3_teleop:/home/jackfeels/turtlebot3_ws/install/turtlebot3_bringup:/home/jackfeels/turtlebot3_ws/install/turtlebot3_node:/home/jackfeels/turtlebot3_ws/install/turtlebot3_navigation2:/home/jackfeels/turtlebot3_ws/install/turtlebot3_example:/home/jackfeels/turtlebot3_ws/install/turtlebot3_msgs:/home/jackfeels/turtlebot3_ws/install/turtlebot3_description:/home/jackfeels/turtlebot3_ws/install/turtlebot3_cartographer:/home/jackfeels/turtlebot3_ws/install/dynamixel_sdk_examples:/home/jackfeels/turtlebot3_ws/install/dynamixel_sdk_custom_interfaces:/home/jackfeels/turtlebot3_ws/install/dynamixel_sdk:/opt/ros/humble'), ('SHELL', '/bin/bash'), ('QT_ACCESSIBILITY', '1'), ('GDMSESSION', 'ubuntu'), ('LESSCLOSE', '/usr/bin/lesspipe %s %s'), ('GJS_DEBUG_OUTPUT', 'stderr'), ('VSCODE_GIT_ASKPASS_EXTRA_ARGS', ''), ('QT_IM_MODULE', 'ibus'), ('PWD', '/home/jackfeels/Documents/PROYECTO_TURTLEBOT/build/tb3_interfaces'), ('TURTLEBOT3_MODEL', 'burger'), ('XDG_CONFIG_DIRS', '/etc/xdg/xdg-ubuntu:/etc/xdg'), ('XDG_DATA_DIRS', '/usr/share/ubuntu:/usr/local/share/:/usr/share/:/var/lib/snapd/desktop'), ('PYTHONPATH', '/home/jackfeels/turtlebot3_ws/install/turtlebot3_teleop/lib/python3.10/site-packages:/home/jackfeels/turtlebot3_ws/install/turtlebot3_example/lib/python3.10/site-packages:/home/jackfeels/turtlebot3_ws/install/turtlebot3_msgs/local/lib/python3.10/dist-packages:/home/jackfeels/turtlebot3_ws/install/dynamixel_sdk_custom_interfaces/local/lib/python3.10/dist-packages:/home/jackfeels/turtlebot3_ws/install/dynamixel_sdk/local/lib/python3.10/dist-packages:/opt/ros/humble/lib/python3.10/site-packages:/opt/ros/humble/local/lib/python3.10/dist-packages'), ('COLCON', '1'), ('CMAKE_PREFIX_PATH', '/home/jackfeels/turtlebot3_ws/install/turtlebot3:/home/jackfeels/turtlebot3_ws/install/turtlebot3_bringup:/home/jackfeels/turtlebot3_ws/install/turtlebot3_node:/home/jackfeels/turtlebot3_ws/install/turtlebot3_navigation2:/home/jackfeels/turtlebot3_ws/install/turtlebot3_msgs:/home/jackfeels/turtlebot3_ws/install/turtlebot3_description:/home/jackfeels/turtlebot3_ws/install/turtlebot3_cartographer:/home/jackfeels/turtlebot3_ws/install/dynamixel_sdk_examples:/home/jackfeels/turtlebot3_ws/install/dynamixel_sdk_custom_interfaces:/home/jackfeels/turtlebot3_ws/install/dynamixel_sdk')]), 'shell': False}
[0.344465] (tb3_interfaces) StdoutLine: {'line': b'-- Install configuration: ""\n'}
[0.353001] (tb3_interfaces) StdoutLine: {'line': b'-- Up-to-date: /home/jackfeels/Documents/PROYECTO_TURTLEBOT/install/tb3_interfaces/share/ament_index/resource_index/rosidl_interfaces/tb3_interfaces\n'}
[0.353082] (tb3_interfaces) StdoutLine: {'line': b'-- Up-to-date: /home/jackfeels/Documents/PROYECTO_TURTLEBOT/install/tb3_interfaces/include/tb3_interfaces/tb3_interfaces\n'}
[0.353116] (tb3_interfaces) StdoutLine: {'line': b'-- Up-to-date: /home/jackfeels/Documents/PROYECTO_TURTLEBOT/install/tb3_interfaces/include/tb3_interfaces/tb3_interfaces/msg\n'}
[0.353156] (tb3_interfaces) StdoutLine: {'line': b'-- Up-to-date: /home/jackfeels/Documents/PROYECTO_TURTLEBOT/install/tb3_interfaces/include/tb3_interfaces/tb3_interfaces/msg/rosidl_generator_c__visibility_control.h\n'}
[0.353187] (tb3_interfaces) StdoutLine: {'line': b'-- Up-to-date: /home/jackfeels/Documents/PROYECTO_TURTLEBOT/install/tb3_interfaces/include/tb3_interfaces/tb3_interfaces/msg/tracked_person_array.h\n'}
[0.353218] (tb3_interfaces) StdoutLine: {'line': b'-- Up-to-date: /home/jackfeels/Documents/PROYECTO_TURTLEBOT/install/tb3_interfaces/include/tb3_interfaces/tb3_interfaces/msg/tracked_person.h\n'}
[0.353251] (tb3_interfaces) StdoutLine: {'line': b'-- Up-to-date: /home/jackfeels/Documents/PROYECTO_TURTLEBOT/install/tb3_interfaces/include/tb3_interfaces/tb3_interfaces/msg/detail\n'}
[0.353281] (tb3_interfaces) StdoutLine: {'line': b'-- Up-to-date: /home/jackfeels/Documents/PROYECTO_TURTLEBOT/install/tb3_interfaces/include/tb3_interfaces/tb3_interfaces/msg/detail/tracked_person_array__functions.h\n'}
[0.353311] (tb3_interfaces) StdoutLine: {'line': b'-- Up-to-date: /home/jackfeels/Documents/PROYECTO_TURTLEBOT/install/tb3_interfaces/include/tb3_interfaces/tb3_interfaces/msg/detail/target_info__functions.c\n'}
[0.353343] (tb3_interfaces) StdoutLine: {'line': b'-- Up-to-date: /home/jackfeels/Documents/PROYECTO_TURTLEBOT/install/tb3_interfaces/include/tb3_interfaces/tb3_interfaces/msg/detail/tracked_person_array__functions.c\n'}
[0.353371] (tb3_interfaces) StdoutLine: {'line': b'-- Up-to-date: /home/jackfeels/Documents/PROYECTO_TURTLEBOT/install/tb3_interfaces/include/tb3_interfaces/tb3_interfaces/msg/detail/tracked_person__functions.h\n'}
[0.353401] (tb3_interfaces) StdoutLine: {'line': b'-- Up-to-date: /home/jackfeels/Documents/PROYECTO_TURTLEBOT/install/tb3_interfaces/include/tb3_interfaces/tb3_interfaces/msg/detail/target_info__functions.h\n'}
[0.353430] (tb3_interfaces) StdoutLine: {'line': b'-- Up-to-date: /home/jackfeels/Documents/PROYECTO_TURTLEBOT/install/tb3_interfaces/include/tb3_interfaces/tb3_interfaces/msg/detail/tracked_person__struct.h\n'}
[0.353468] (tb3_interfaces) StdoutLine: {'line': b'-- Up-to-date: /home/jackfeels/Documents/PROYECTO_TURTLEBOT/install/tb3_interfaces/include/tb3_interfaces/tb3_interfaces/msg/detail/tracked_person__functions.c\n'}
[0.353497] (tb3_interfaces) StdoutLine: {'line': b'-- Up-to-date: /home/jackfeels/Documents/PROYECTO_TURTLEBOT/install/tb3_interfaces/include/tb3_interfaces/tb3_interfaces/msg/detail/tracked_person_array__type_support.h\n'}
[0.353527] (tb3_interfaces) StdoutLine: {'line': b'-- Up-to-date: /home/jackfeels/Documents/PROYECTO_TURTLEBOT/install/tb3_interfaces/include/tb3_interfaces/tb3_interfaces/msg/detail/tracked_person_array__struct.h\n'}
[0.353556] (tb3_interfaces) StdoutLine: {'line': b'-- Up-to-date: /home/jackfeels/Documents/PROYECTO_TURTLEBOT/install/tb3_interfaces/include/tb3_interfaces/tb3_interfaces/msg/detail/target_info__type_support.h\n'}
[0.353585] (tb3_interfaces) StdoutLine: {'line': b'-- Up-to-date: /home/jackfeels/Documents/PROYECTO_TURTLEBOT/install/tb3_interfaces/include/tb3_interfaces/tb3_interfaces/msg/detail/target_info__struct.h\n'}
[0.353614] (tb3_interfaces) StdoutLine: {'line': b'-- Up-to-date: /home/jackfeels/Documents/PROYECTO_TURTLEBOT/install/tb3_interfaces/include/tb3_interfaces/tb3_interfaces/msg/detail/tracked_person__type_support.h\n'}
[0.353649] (tb3_interfaces) StdoutLine: {'line': b'-- Up-to-date: /home/jackfeels/Documents/PROYECTO_TURTLEBOT/install/tb3_interfaces/include/tb3_interfaces/tb3_interfaces/msg/target_info.h\n'}
[0.353678] (tb3_interfaces) StdoutLine: {'line': b'-- Up-to-date: /home/jackfeels/Documents/PROYECTO_TURTLEBOT/install/tb3_interfaces/share/tb3_interfaces/environment/library_path.sh\n'}
[0.353708] (tb3_interfaces) StdoutLine: {'line': b'-- Up-to-date: /home/jackfeels/Documents/PROYECTO_TURTLEBOT/install/tb3_interfaces/share/tb3_interfaces/environment/library_path.dsv\n'}
[0.353737] (tb3_interfaces) StdoutLine: {'line': b'-- Up-to-date: /home/jackfeels/Documents/PROYECTO_TURTLEBOT/install/tb3_interfaces/lib/libtb3_interfaces__rosidl_generator_c.so\n'}
[0.353769] (tb3_interfaces) StdoutLine: {'line': b'-- Up-to-date: /home/jackfeels/Documents/PROYECTO_TURTLEBOT/install/tb3_interfaces/include/tb3_interfaces/tb3_interfaces\n'}
[0.353799] (tb3_interfaces) StdoutLine: {'line': b'-- Up-to-date: /home/jackfeels/Documents/PROYECTO_TURTLEBOT/install/tb3_interfaces/include/tb3_interfaces/tb3_interfaces/msg\n'}
[0.353828] (tb3_interfaces) StdoutLine: {'line': b'-- Up-to-date: /home/jackfeels/Documents/PROYECTO_TURTLEBOT/install/tb3_interfaces/include/tb3_interfaces/tb3_interfaces/msg/rosidl_typesupport_fastrtps_c__visibility_control.h\n'}
[0.353858] (tb3_interfaces) StdoutLine: {'line': b'-- Up-to-date: /home/jackfeels/Documents/PROYECTO_TURTLEBOT/install/tb3_interfaces/include/tb3_interfaces/tb3_interfaces/msg/detail\n'}
[0.353887] (tb3_interfaces) StdoutLine: {'line': b'-- Up-to-date: /home/jackfeels/Documents/PROYECTO_TURTLEBOT/install/tb3_interfaces/include/tb3_interfaces/tb3_interfaces/msg/detail/tracked_person__rosidl_typesupport_fastrtps_c.h\n'}
[0.353916] (tb3_interfaces) StdoutLine: {'line': b'-- Up-to-date: /home/jackfeels/Documents/PROYECTO_TURTLEBOT/install/tb3_interfaces/include/tb3_interfaces/tb3_interfaces/msg/detail/target_info__rosidl_typesupport_fastrtps_c.h\n'}
[0.353945] (tb3_interfaces) StdoutLine: {'line': b'-- Up-to-date: /home/jackfeels/Documents/PROYECTO_TURTLEBOT/install/tb3_interfaces/include/tb3_interfaces/tb3_interfaces/msg/detail/tracked_person_array__rosidl_typesupport_fastrtps_c.h\n'}
[0.353974] (tb3_interfaces) StdoutLine: {'line': b'-- Up-to-date: /home/jackfeels/Documents/PROYECTO_TURTLEBOT/install/tb3_interfaces/lib/libtb3_interfaces__rosidl_typesupport_fastrtps_c.so\n'}
[0.354003] (tb3_interfaces) StdoutLine: {'line': b'-- Up-to-date: /home/jackfeels/Documents/PROYECTO_TURTLEBOT/install/tb3_interfaces/include/tb3_interfaces/tb3_interfaces\n'}
[0.354032] (tb3_interfaces) StdoutLine: {'line': b'-- Up-to-date: /home/jackfeels/Documents/PROYECTO_TURTLEBOT/install/tb3_interfaces/include/tb3_interfaces/tb3_interfaces/msg\n'}
[0.354090] (tb3_interfaces) StdoutLine: {'line': b'-- Up-to-date: /home/jackfeels/Documents/PROYECTO_TURTLEBOT/install/tb3_interfaces/include/tb3_interfaces/tb3_interfaces/msg/detail\n'}
[0.354129] (tb3_interfaces) StdoutLine: {'line': b'-- Up-to-date: /home/jackfeels/Documents/PROYECTO_TURTLEBOT/install/tb3_interfaces/include/tb3_interfaces/tb3_interfaces/msg/detail/tracked_person__rosidl_typesupport_introspection_c.h\n'}
[0.354158] (tb3_interfaces) StdoutLine: {'line': b'-- Up-to-date: /home/jackfeels/Documents/PROYECTO_TURTLEBOT/install/tb3_interfaces/include/tb3_interfaces/tb3_interfaces/msg/detail/tracked_person_array__type_support.c\n'}
[0.354188] (tb3_interfaces) StdoutLine: {'line': b'-- Up-to-date: /home/jackfeels/Documents/PROYECTO_TURTLEBOT/install/tb3_interfaces/include/tb3_interfaces/tb3_interfaces/msg/detail/target_info__rosidl_typesupport_introspection_c.h\n'}
[0.354217] (tb3_interfaces) StdoutLine: {'line': b'-- Up-to-date: /home/jackfeels/Documents/PROYECTO_TURTLEBOT/install/tb3_interfaces/include/tb3_interfaces/tb3_interfaces/msg/detail/tracked_person__type_support.c\n'}
[0.354249] (tb3_interfaces) StdoutLine: {'line': b'-- Up-to-date: /home/jackfeels/Documents/PROYECTO_TURTLEBOT/install/tb3_interfaces/include/tb3_interfaces/tb3_interfaces/msg/detail/target_info__type_support.c\n'}
[0.354279] (tb3_interfaces) StdoutLine: {'line': b'-- Up-to-date: /home/jackfeels/Documents/PROYECTO_TURTLEBOT/install/tb3_interfaces/include/tb3_interfaces/tb3_interfaces/msg/detail/tracked_person_array__rosidl_typesupport_introspection_c.h\n'}
[0.354309] (tb3_interfaces) StdoutLine: {'line': b'-- Up-to-date: /home/jackfeels/Documents/PROYECTO_TURTLEBOT/install/tb3_interfaces/include/tb3_interfaces/tb3_interfaces/msg/rosidl_typesupport_introspection_c__visibility_control.h\n'}
[0.354338] (tb3_interfaces) StdoutLine: {'line': b'-- Up-to-date: /home/jackfeels/Documents/PROYECTO_TURTLEBOT/install/tb3_interfaces/lib/libtb3_interfaces__rosidl_typesupport_introspection_c.so\n'}
[0.354369] (tb3_interfaces) StdoutLine: {'line': b'-- Up-to-date: /home/jackfeels/Documents/PROYECTO_TURTLEBOT/install/tb3_interfaces/lib/libtb3_interfaces__rosidl_typesupport_c.so\n'}
[0.354398] (tb3_interfaces) StdoutLine: {'line': b'-- Up-to-date: /home/jackfeels/Documents/PROYECTO_TURTLEBOT/install/tb3_interfaces/include/tb3_interfaces/tb3_interfaces\n'}
[0.354427] (tb3_interfaces) StdoutLine: {'line': b'-- Up-to-date: /home/jackfeels/Documents/PROYECTO_TURTLEBOT/install/tb3_interfaces/include/tb3_interfaces/tb3_interfaces/msg\n'}
[0.354456] (tb3_interfaces) StdoutLine: {'line': b'-- Up-to-date: /home/jackfeels/Documents/PROYECTO_TURTLEBOT/install/tb3_interfaces/include/tb3_interfaces/tb3_interfaces/msg/tracked_person.hpp\n'}
[0.354488] (tb3_interfaces) StdoutLine: {'line': b'-- Up-to-date: /home/jackfeels/Documents/PROYECTO_TURTLEBOT/install/tb3_interfaces/include/tb3_interfaces/tb3_interfaces/msg/rosidl_generator_cpp__visibility_control.hpp\n'}
[0.354518] (tb3_interfaces) StdoutLine: {'line': b'-- Up-to-date: /home/jackfeels/Documents/PROYECTO_TURTLEBOT/install/tb3_interfaces/include/tb3_interfaces/tb3_interfaces/msg/target_info.hpp\n'}
[0.354548] (tb3_interfaces) StdoutLine: {'line': b'-- Up-to-date: /home/jackfeels/Documents/PROYECTO_TURTLEBOT/install/tb3_interfaces/include/tb3_interfaces/tb3_interfaces/msg/detail\n'}
[0.354577] (tb3_interfaces) StdoutLine: {'line': b'-- Up-to-date: /home/jackfeels/Documents/PROYECTO_TURTLEBOT/install/tb3_interfaces/include/tb3_interfaces/tb3_interfaces/msg/detail/target_info__struct.hpp\n'}
[0.354606] (tb3_interfaces) StdoutLine: {'line': b'-- Up-to-date: /home/jackfeels/Documents/PROYECTO_TURTLEBOT/install/tb3_interfaces/include/tb3_interfaces/tb3_interfaces/msg/detail/tracked_person__builder.hpp\n'}
[0.354635] (tb3_interfaces) StdoutLine: {'line': b'-- Up-to-date: /home/jackfeels/Documents/PROYECTO_TURTLEBOT/install/tb3_interfaces/include/tb3_interfaces/tb3_interfaces/msg/detail/target_info__type_support.hpp\n'}
[0.354676] (tb3_interfaces) StdoutLine: {'line': b'-- Up-to-date: /home/jackfeels/Documents/PROYECTO_TURTLEBOT/install/tb3_interfaces/include/tb3_interfaces/tb3_interfaces/msg/detail/tracked_person_array__type_support.hpp\n'}
[0.354708] (tb3_interfaces) StdoutLine: {'line': b'-- Up-to-date: /home/jackfeels/Documents/PROYECTO_TURTLEBOT/install/tb3_interfaces/include/tb3_interfaces/tb3_interfaces/msg/detail/tracked_person__type_support.hpp\n'}
[0.354737] (tb3_interfaces) StdoutLine: {'line': b'-- Up-to-date: /home/jackfeels/Documents/PROYECTO_TURTLEBOT/install/tb3_interfaces/include/tb3_interfaces/tb3_interfaces/msg/detail/tracked_person__struct.hpp\n'}
[0.354769] (tb3_interfaces) StdoutLine: {'line': b'-- Up-to-date: /home/jackfeels/Documents/PROYECTO_TURTLEBOT/install/tb3_interfaces/include/tb3_interfaces/tb3_interfaces/msg/detail/tracked_person_array__struct.hpp\n'}
[0.354822] (tb3_interfaces) StdoutLine: {'line': b'-- Up-to-date: /home/jackfeels/Documents/PROYECTO_TURTLEBOT/install/tb3_interfaces/include/tb3_interfaces/tb3_interfaces/msg/detail/tracked_person__traits.hpp\n'}
[0.354852] (tb3_interfaces) StdoutLine: {'line': b'-- Up-to-date: /home/jackfeels/Documents/PROYECTO_TURTLEBOT/install/tb3_interfaces/include/tb3_interfaces/tb3_interfaces/msg/detail/target_info__builder.hpp\n'}
[0.354881] (tb3_interfaces) StdoutLine: {'line': b'-- Up-to-date: /home/jackfeels/Documents/PROYECTO_TURTLEBOT/install/tb3_interfaces/include/tb3_interfaces/tb3_interfaces/msg/detail/tracked_person_array__builder.hpp\n'}
[0.354910] (tb3_interfaces) StdoutLine: {'line': b'-- Up-to-date: /home/jackfeels/Documents/PROYECTO_TURTLEBOT/install/tb3_interfaces/include/tb3_interfaces/tb3_interfaces/msg/detail/target_info__traits.hpp\n'}
[0.354939] (tb3_interfaces) StdoutLine: {'line': b'-- Up-to-date: /home/jackfeels/Documents/PROYECTO_TURTLEBOT/install/tb3_interfaces/include/tb3_interfaces/tb3_interfaces/msg/detail/tracked_person_array__traits.hpp\n'}
[0.354969] (tb3_interfaces) StdoutLine: {'line': b'-- Up-to-date: /home/jackfeels/Documents/PROYECTO_TURTLEBOT/install/tb3_interfaces/include/tb3_interfaces/tb3_interfaces/msg/tracked_person_array.hpp\n'}
[0.355001] (tb3_interfaces) StdoutLine: {'line': b'-- Up-to-date: /home/jackfeels/Documents/PROYECTO_TURTLEBOT/install/tb3_interfaces/include/tb3_interfaces/tb3_interfaces\n'}
[0.355032] (tb3_interfaces) StdoutLine: {'line': b'-- Up-to-date: /home/jackfeels/Documents/PROYECTO_TURTLEBOT/install/tb3_interfaces/include/tb3_interfaces/tb3_interfaces/msg\n'}
[0.355073] (tb3_interfaces) StdoutLine: {'line': b'-- Up-to-date: /home/jackfeels/Documents/PROYECTO_TURTLEBOT/install/tb3_interfaces/include/tb3_interfaces/tb3_interfaces/msg/detail\n'}
[0.355104] (tb3_interfaces) StdoutLine: {'line': b'-- Up-to-date: /home/jackfeels/Documents/PROYECTO_TURTLEBOT/install/tb3_interfaces/include/tb3_interfaces/tb3_interfaces/msg/detail/dds_fastrtps\n'}
[0.355133] (tb3_interfaces) StdoutLine: {'line': b'-- Up-to-date: /home/jackfeels/Documents/PROYECTO_TURTLEBOT/install/tb3_interfaces/include/tb3_interfaces/tb3_interfaces/msg/detail/target_info__rosidl_typesupport_fastrtps_cpp.hpp\n'}
[0.355162] (tb3_interfaces) StdoutLine: {'line': b'-- Up-to-date: /home/jackfeels/Documents/PROYECTO_TURTLEBOT/install/tb3_interfaces/include/tb3_interfaces/tb3_interfaces/msg/detail/tracked_person_array__rosidl_typesupport_fastrtps_cpp.hpp\n'}
[0.355192] (tb3_interfaces) StdoutLine: {'line': b'-- Up-to-date: /home/jackfeels/Documents/PROYECTO_TURTLEBOT/install/tb3_interfaces/include/tb3_interfaces/tb3_interfaces/msg/detail/tracked_person__rosidl_typesupport_fastrtps_cpp.hpp\n'}
[0.355246] (tb3_interfaces) StdoutLine: {'line': b'-- Up-to-date: /home/jackfeels/Documents/PROYECTO_TURTLEBOT/install/tb3_interfaces/include/tb3_interfaces/tb3_interfaces/msg/rosidl_typesupport_fastrtps_cpp__visibility_control.h\n'}
[0.355283] (tb3_interfaces) StdoutLine: {'line': b'-- Up-to-date: /home/jackfeels/Documents/PROYECTO_TURTLEBOT/install/tb3_interfaces/lib/libtb3_interfaces__rosidl_typesupport_fastrtps_cpp.so\n'}
[0.355312] (tb3_interfaces) StdoutLine: {'line': b'-- Up-to-date: /home/jackfeels/Documents/PROYECTO_TURTLEBOT/install/tb3_interfaces/include/tb3_interfaces/tb3_interfaces\n'}
[0.355347] (tb3_interfaces) StdoutLine: {'line': b'-- Up-to-date: /home/jackfeels/Documents/PROYECTO_TURTLEBOT/install/tb3_interfaces/include/tb3_interfaces/tb3_interfaces/msg\n'}
[0.355376] (tb3_interfaces) StdoutLine: {'line': b'-- Up-to-date: /home/jackfeels/Documents/PROYECTO_TURTLEBOT/install/tb3_interfaces/include/tb3_interfaces/tb3_interfaces/msg/detail\n'}
[0.355405] (tb3_interfaces) StdoutLine: {'line': b'-- Up-to-date: /home/jackfeels/Documents/PROYECTO_TURTLEBOT/install/tb3_interfaces/include/tb3_interfaces/tb3_interfaces/msg/detail/tracked_person__rosidl_typesupport_introspection_cpp.hpp\n'}
[0.355434] (tb3_interfaces) StdoutLine: {'line': b'-- Up-to-date: /home/jackfeels/Documents/PROYECTO_TURTLEBOT/install/tb3_interfaces/include/tb3_interfaces/tb3_interfaces/msg/detail/tracked_person__type_support.cpp\n'}
[0.355463] (tb3_interfaces) StdoutLine: {'line': b'-- Up-to-date: /home/jackfeels/Documents/PROYECTO_TURTLEBOT/install/tb3_interfaces/include/tb3_interfaces/tb3_interfaces/msg/detail/target_info__rosidl_typesupport_introspection_cpp.hpp\n'}
[0.355492] (tb3_interfaces) StdoutLine: {'line': b'-- Up-to-date: /home/jackfeels/Documents/PROYECTO_TURTLEBOT/install/tb3_interfaces/include/tb3_interfaces/tb3_interfaces/msg/detail/target_info__type_support.cpp\n'}
[0.355521] (tb3_interfaces) StdoutLine: {'line': b'-- Up-to-date: /home/jackfeels/Documents/PROYECTO_TURTLEBOT/install/tb3_interfaces/include/tb3_interfaces/tb3_interfaces/msg/detail/tracked_person_array__type_support.cpp\n'}
[0.355553] (tb3_interfaces) StdoutLine: {'line': b'-- Up-to-date: /home/jackfeels/Documents/PROYECTO_TURTLEBOT/install/tb3_interfaces/include/tb3_interfaces/tb3_interfaces/msg/detail/tracked_person_array__rosidl_typesupport_introspection_cpp.hpp\n'}
[0.355583] (tb3_interfaces) StdoutLine: {'line': b'-- Up-to-date: /home/jackfeels/Documents/PROYECTO_TURTLEBOT/install/tb3_interfaces/lib/libtb3_interfaces__rosidl_typesupport_introspection_cpp.so\n'}
[0.355614] (tb3_interfaces) StdoutLine: {'line': b'-- Up-to-date: /home/jackfeels/Documents/PROYECTO_TURTLEBOT/install/tb3_interfaces/lib/libtb3_interfaces__rosidl_typesupport_cpp.so\n'}
[0.355643] (tb3_interfaces) StdoutLine: {'line': b'-- Up-to-date: /home/jackfeels/Documents/PROYECTO_TURTLEBOT/install/tb3_interfaces/share/tb3_interfaces/environment/pythonpath.sh\n'}
[0.355673] (tb3_interfaces) StdoutLine: {'line': b'-- Up-to-date: /home/jackfeels/Documents/PROYECTO_TURTLEBOT/install/tb3_interfaces/share/tb3_interfaces/environment/pythonpath.dsv\n'}
[0.355702] (tb3_interfaces) StdoutLine: {'line': b'-- Up-to-date: /home/jackfeels/Documents/PROYECTO_TURTLEBOT/install/tb3_interfaces/local/lib/python3.10/dist-packages/tb3_interfaces-0.0.1-py3.10.egg-info\n'}
[0.355732] (tb3_interfaces) StdoutLine: {'line': b'-- Installing: /home/jackfeels/Documents/PROYECTO_TURTLEBOT/install/tb3_interfaces/local/lib/python3.10/dist-packages/tb3_interfaces-0.0.1-py3.10.egg-info/dependency_links.txt\n'}
[0.355761] (tb3_interfaces) StdoutLine: {'line': b'-- Installing: /home/jackfeels/Documents/PROYECTO_TURTLEBOT/install/tb3_interfaces/local/lib/python3.10/dist-packages/tb3_interfaces-0.0.1-py3.10.egg-info/top_level.txt\n'}
[0.355790] (tb3_interfaces) StdoutLine: {'line': b'-- Installing: /home/jackfeels/Documents/PROYECTO_TURTLEBOT/install/tb3_interfaces/local/lib/python3.10/dist-packages/tb3_interfaces-0.0.1-py3.10.egg-info/PKG-INFO\n'}
[0.355821] (tb3_interfaces) StdoutLine: {'line': b'-- Installing: /home/jackfeels/Documents/PROYECTO_TURTLEBOT/install/tb3_interfaces/local/lib/python3.10/dist-packages/tb3_interfaces-0.0.1-py3.10.egg-info/SOURCES.txt\n'}
[0.355850] (tb3_interfaces) StdoutLine: {'line': b'-- Up-to-date: /home/jackfeels/Documents/PROYECTO_TURTLEBOT/install/tb3_interfaces/local/lib/python3.10/dist-packages/tb3_interfaces\n'}
[0.355879] (tb3_interfaces) StdoutLine: {'line': b'-- Up-to-date: /home/jackfeels/Documents/PROYECTO_TURTLEBOT/install/tb3_interfaces/local/lib/python3.10/dist-packages/tb3_interfaces/msg\n'}
[0.355908] (tb3_interfaces) StdoutLine: {'line': b'-- Up-to-date: /home/jackfeels/Documents/PROYECTO_TURTLEBOT/install/tb3_interfaces/local/lib/python3.10/dist-packages/tb3_interfaces/msg/_target_info_s.c\n'}
[0.355955] (tb3_interfaces) StdoutLine: {'line': b'-- Up-to-date: /home/jackfeels/Documents/PROYECTO_TURTLEBOT/install/tb3_interfaces/local/lib/python3.10/dist-packages/tb3_interfaces/msg/_target_info.py\n'}
[0.355992] (tb3_interfaces) StdoutLine: {'line': b'-- Up-to-date: /home/jackfeels/Documents/PROYECTO_TURTLEBOT/install/tb3_interfaces/local/lib/python3.10/dist-packages/tb3_interfaces/msg/_tracked_person_array_s.c\n'}
[0.356022] (tb3_interfaces) StdoutLine: {'line': b'-- Up-to-date: /home/jackfeels/Documents/PROYECTO_TURTLEBOT/install/tb3_interfaces/local/lib/python3.10/dist-packages/tb3_interfaces/msg/_tracked_person_array.py\n'}
[0.356051] (tb3_interfaces) StdoutLine: {'line': b'-- Up-to-date: /home/jackfeels/Documents/PROYECTO_TURTLEBOT/install/tb3_interfaces/local/lib/python3.10/dist-packages/tb3_interfaces/msg/__init__.py\n'}
[0.356080] (tb3_interfaces) StdoutLine: {'line': b'-- Up-to-date: /home/jackfeels/Documents/PROYECTO_TURTLEBOT/install/tb3_interfaces/local/lib/python3.10/dist-packages/tb3_interfaces/msg/_tracked_person_s.c\n'}
[0.356109] (tb3_interfaces) StdoutLine: {'line': b'-- Up-to-date: /home/jackfeels/Documents/PROYECTO_TURTLEBOT/install/tb3_interfaces/local/lib/python3.10/dist-packages/tb3_interfaces/msg/_tracked_person.py\n'}
[0.356143] (tb3_interfaces) StdoutLine: {'line': b'-- Up-to-date: /home/jackfeels/Documents/PROYECTO_TURTLEBOT/install/tb3_interfaces/local/lib/python3.10/dist-packages/tb3_interfaces/_tb3_interfaces_s.ep.rosidl_typesupport_fastrtps_c.c\n'}
[0.356173] (tb3_interfaces) StdoutLine: {'line': b'-- Up-to-date: /home/jackfeels/Documents/PROYECTO_TURTLEBOT/install/tb3_interfaces/local/lib/python3.10/dist-packages/tb3_interfaces/libtb3_interfaces__rosidl_generator_py.so\n'}
[0.356240] (tb3_interfaces) StdoutLine: {'line': b'-- Up-to-date: /home/jackfeels/Documents/PROYECTO_TURTLEBOT/install/tb3_interfaces/local/lib/python3.10/dist-packages/tb3_interfaces/_tb3_interfaces_s.ep.rosidl_typesupport_introspection_c.c\n'}
[0.356311] (tb3_interfaces) StdoutLine: {'line': b'-- Up-to-date: /home/jackfeels/Documents/PROYECTO_TURTLEBOT/install/tb3_interfaces/local/lib/python3.10/dist-packages/tb3_interfaces/tb3_interfaces_s__rosidl_typesupport_c.cpython-310-aarch64-linux-gnu.so\n'}
[0.356349] (tb3_interfaces) StdoutLine: {'line': b'-- Up-to-date: /home/jackfeels/Documents/PROYECTO_TURTLEBOT/install/tb3_interfaces/local/lib/python3.10/dist-packages/tb3_interfaces/tb3_interfaces_s__rosidl_typesupport_fastrtps_c.cpython-310-aarch64-linux-gnu.so\n'}
[0.356381] (tb3_interfaces) StdoutLine: {'line': b'-- Up-to-date: /home/jackfeels/Documents/PROYECTO_TURTLEBOT/install/tb3_interfaces/local/lib/python3.10/dist-packages/tb3_interfaces/__init__.py\n'}
[0.356412] (tb3_interfaces) StdoutLine: {'line': b'-- Up-to-date: /home/jackfeels/Documents/PROYECTO_TURTLEBOT/install/tb3_interfaces/local/lib/python3.10/dist-packages/tb3_interfaces/tb3_interfaces_s__rosidl_typesupport_introspection_c.cpython-310-aarch64-linux-gnu.so\n'}
[0.356442] (tb3_interfaces) StdoutLine: {'line': b'-- Up-to-date: /home/jackfeels/Documents/PROYECTO_TURTLEBOT/install/tb3_interfaces/local/lib/python3.10/dist-packages/tb3_interfaces/_tb3_interfaces_s.ep.rosidl_typesupport_c.c\n'}
[0.392779] (tb3_interfaces) StdoutLine: {'line': b"Listing '/home/jackfeels/Documents/PROYECTO_TURTLEBOT/install/tb3_interfaces/local/lib/python3.10/dist-packages/tb3_interfaces'...\n"}
[0.393108] (tb3_interfaces) StdoutLine: {'line': b"Listing '/home/jackfeels/Documents/PROYECTO_TURTLEBOT/install/tb3_interfaces/local/lib/python3.10/dist-packages/tb3_interfaces/msg'...\n"}
[0.396743] (tb3_interfaces) StdoutLine: {'line': b'-- Up-to-date: /home/jackfeels/Documents/PROYECTO_TURTLEBOT/install/tb3_interfaces/local/lib/python3.10/dist-packages/tb3_interfaces/tb3_interfaces_s__rosidl_typesupport_fastrtps_c.cpython-310-aarch64-linux-gnu.so\n'}
[0.399597] (tb3_interfaces) StdoutLine: {'line': b'-- Up-to-date: /home/jackfeels/Documents/PROYECTO_TURTLEBOT/install/tb3_interfaces/local/lib/python3.10/dist-packages/tb3_interfaces/tb3_interfaces_s__rosidl_typesupport_introspection_c.cpython-310-aarch64-linux-gnu.so\n'}
[0.399681] (tb3_interfaces) StdoutLine: {'line': b'-- Up-to-date: /home/jackfeels/Documents/PROYECTO_TURTLEBOT/install/tb3_interfaces/local/lib/python3.10/dist-packages/tb3_interfaces/tb3_interfaces_s__rosidl_typesupport_c.cpython-310-aarch64-linux-gnu.so\n'}
[0.399722] (tb3_interfaces) StdoutLine: {'line': b'-- Up-to-date: /home/jackfeels/Documents/PROYECTO_TURTLEBOT/install/tb3_interfaces/lib/libtb3_interfaces__rosidl_generator_py.so\n'}
[0.399755] (tb3_interfaces) StdoutLine: {'line': b'-- Up-to-date: /home/jackfeels/Documents/PROYECTO_TURTLEBOT/install/tb3_interfaces/share/ament_index/resource_index/rust_packages/tb3_interfaces\n'}
[0.399787] (tb3_interfaces) StdoutLine: {'line': b'-- Up-to-date: /home/jackfeels/Documents/PROYECTO_TURTLEBOT/install/tb3_interfaces/share/tb3_interfaces/rust\n'}
[0.399819] (tb3_interfaces) StdoutLine: {'line': b'-- Up-to-date: /home/jackfeels/Documents/PROYECTO_TURTLEBOT/install/tb3_interfaces/share/tb3_interfaces/rust/Cargo.toml\n'}
[0.399850] (tb3_interfaces) StdoutLine: {'line': b'-- Up-to-date: /home/jackfeels/Documents/PROYECTO_TURTLEBOT/install/tb3_interfaces/share/tb3_interfaces/rust/build.rs\n'}
[0.399882] (tb3_interfaces) StdoutLine: {'line': b'-- Up-to-date: /home/jackfeels/Documents/PROYECTO_TURTLEBOT/install/tb3_interfaces/share/tb3_interfaces/rust/src\n'}
[0.399913] (tb3_interfaces) StdoutLine: {'line': b'-- Up-to-date: /home/jackfeels/Documents/PROYECTO_TURTLEBOT/install/tb3_interfaces/share/tb3_interfaces/rust/src/msg\n'}
[0.399943] (tb3_interfaces) StdoutLine: {'line': b'-- Up-to-date: /home/jackfeels/Documents/PROYECTO_TURTLEBOT/install/tb3_interfaces/share/tb3_interfaces/rust/src/msg/rmw.rs\n'}
[0.399976] (tb3_interfaces) StdoutLine: {'line': b'-- Up-to-date: /home/jackfeels/Documents/PROYECTO_TURTLEBOT/install/tb3_interfaces/share/tb3_interfaces/rust/src/lib.rs\n'}
[0.400084] (-) TimerEvent: {}
[0.400179] (tb3_interfaces) StdoutLine: {'line': b'-- Up-to-date: /home/jackfeels/Documents/PROYECTO_TURTLEBOT/install/tb3_interfaces/share/tb3_interfaces/rust/src/msg.rs\n'}
[0.400225] (tb3_interfaces) StdoutLine: {'line': b'-- Up-to-date: /home/jackfeels/Documents/PROYECTO_TURTLEBOT/install/tb3_interfaces/share/tb3_interfaces/msg/TrackedPerson.idl\n'}
[0.400257] (tb3_interfaces) StdoutLine: {'line': b'-- Up-to-date: /home/jackfeels/Documents/PROYECTO_TURTLEBOT/install/tb3_interfaces/share/tb3_interfaces/msg/TrackedPersonArray.idl\n'}
[0.400287] (tb3_interfaces) StdoutLine: {'line': b'-- Up-to-date: /home/jackfeels/Documents/PROYECTO_TURTLEBOT/install/tb3_interfaces/share/tb3_interfaces/msg/TargetInfo.idl\n'}
[0.400318] (tb3_interfaces) StdoutLine: {'line': b'-- Up-to-date: /home/jackfeels/Documents/PROYECTO_TURTLEBOT/install/tb3_interfaces/share/tb3_interfaces/msg/TrackedPerson.msg\n'}
[0.400353] (tb3_interfaces) StdoutLine: {'line': b'-- Up-to-date: /home/jackfeels/Documents/PROYECTO_TURTLEBOT/install/tb3_interfaces/share/tb3_interfaces/msg/TrackedPersonArray.msg\n'}
[0.400385] (tb3_interfaces) StdoutLine: {'line': b'-- Up-to-date: /home/jackfeels/Documents/PROYECTO_TURTLEBOT/install/tb3_interfaces/share/tb3_interfaces/msg/TargetInfo.msg\n'}
[0.400416] (tb3_interfaces) StdoutLine: {'line': b'-- Up-to-date: /home/jackfeels/Documents/PROYECTO_TURTLEBOT/install/tb3_interfaces/share/ament_index/resource_index/package_run_dependencies/tb3_interfaces\n'}
[0.400446] (tb3_interfaces) StdoutLine: {'line': b'-- Up-to-date: /home/jackfeels/Documents/PROYECTO_TURTLEBOT/install/tb3_interfaces/share/ament_index/resource_index/parent_prefix_path/tb3_interfaces\n'}
[0.400477] (tb3_interfaces) StdoutLine: {'line': b'-- Up-to-date: /home/jackfeels/Documents/PROYECTO_TURTLEBOT/install/tb3_interfaces/share/tb3_interfaces/environment/ament_prefix_path.sh\n'}
[0.400508] (tb3_interfaces) StdoutLine: {'line': b'-- Up-to-date: /home/jackfeels/Documents/PROYECTO_TURTLEBOT/install/tb3_interfaces/share/tb3_interfaces/environment/ament_prefix_path.dsv\n'}
[0.400538] (tb3_interfaces) StdoutLine: {'line': b'-- Up-to-date: /home/jackfeels/Documents/PROYECTO_TURTLEBOT/install/tb3_interfaces/share/tb3_interfaces/environment/path.sh\n'}
[0.400568] (tb3_interfaces) StdoutLine: {'line': b'-- Up-to-date: /home/jackfeels/Documents/PROYECTO_TURTLEBOT/install/tb3_interfaces/share/tb3_interfaces/environment/path.dsv\n'}
[0.400599] (tb3_interfaces) StdoutLine: {'line': b'-- Up-to-date: /home/jackfeels/Documents/PROYECTO_TURTLEBOT/install/tb3_interfaces/share/tb3_interfaces/local_setup.bash\n'}
[0.400630] (tb3_interfaces) StdoutLine: {'line': b'-- Up-to-date: /home/jackfeels/Documents/PROYECTO_TURTLEBOT/install/tb3_interfaces/share/tb3_interfaces/local_setup.sh\n'}
[0.400660] (tb3_interfaces) StdoutLine: {'line': b'-- Up-to-date: /home/jackfeels/Documents/PROYECTO_TURTLEBOT/install/tb3_interfaces/share/tb3_interfaces/local_setup.zsh\n'}
[0.400690] (tb3_interfaces) StdoutLine: {'line': b'-- Up-to-date: /home/jackfeels/Documents/PROYECTO_TURTLEBOT/install/tb3_interfaces/share/tb3_interfaces/local_setup.dsv\n'}
[0.400733] (tb3_interfaces) StdoutLine: {'line': b'-- Installing: /home/jackfeels/Documents/PROYECTO_TURTLEBOT/install/tb3_interfaces/share/tb3_interfaces/package.dsv\n'}
[0.400766] (tb3_interfaces) StdoutLine: {'line': b'-- Up-to-date: /home/jackfeels/Documents/PROYECTO_TURTLEBOT/install/tb3_interfaces/share/ament_index/resource_index/packages/tb3_interfaces\n'}
[0.400796] (tb3_interfaces) StdoutLine: {'line': b'-- Up-to-date: /home/jackfeels/Documents/PROYECTO_TURTLEBOT/install/tb3_interfaces/share/tb3_interfaces/cmake/export_tb3_interfaces__rosidl_generator_cExport.cmake\n'}
[0.400829] (tb3_interfaces) StdoutLine: {'line': b'-- Up-to-date: /home/jackfeels/Documents/PROYECTO_TURTLEBOT/install/tb3_interfaces/share/tb3_interfaces/cmake/export_tb3_interfaces__rosidl_generator_cExport-noconfig.cmake\n'}
[0.400863] (tb3_interfaces) StdoutLine: {'line': b'-- Up-to-date: /home/jackfeels/Documents/PROYECTO_TURTLEBOT/install/tb3_interfaces/share/tb3_interfaces/cmake/export_tb3_interfaces__rosidl_typesupport_fastrtps_cExport.cmake\n'}
[0.400894] (tb3_interfaces) StdoutLine: {'line': b'-- Up-to-date: /home/jackfeels/Documents/PROYECTO_TURTLEBOT/install/tb3_interfaces/share/tb3_interfaces/cmake/export_tb3_interfaces__rosidl_typesupport_fastrtps_cExport-noconfig.cmake\n'}
[0.400955] (tb3_interfaces) StdoutLine: {'line': b'-- Up-to-date: /home/jackfeels/Documents/PROYECTO_TURTLEBOT/install/tb3_interfaces/share/tb3_interfaces/cmake/tb3_interfaces__rosidl_typesupport_introspection_cExport.cmake\n'}
[0.400987] (tb3_interfaces) StdoutLine: {'line': b'-- Up-to-date: /home/jackfeels/Documents/PROYECTO_TURTLEBOT/install/tb3_interfaces/share/tb3_interfaces/cmake/tb3_interfaces__rosidl_typesupport_introspection_cExport-noconfig.cmake\n'}
[0.401017] (tb3_interfaces) StdoutLine: {'line': b'-- Up-to-date: /home/jackfeels/Documents/PROYECTO_TURTLEBOT/install/tb3_interfaces/share/tb3_interfaces/cmake/tb3_interfaces__rosidl_typesupport_cExport.cmake\n'}
[0.401051] (tb3_interfaces) StdoutLine: {'line': b'-- Up-to-date: /home/jackfeels/Documents/PROYECTO_TURTLEBOT/install/tb3_interfaces/share/tb3_interfaces/cmake/tb3_interfaces__rosidl_typesupport_cExport-noconfig.cmake\n'}
[0.401288] (tb3_interfaces) StdoutLine: {'line': b'-- Up-to-date: /home/jackfeels/Documents/PROYECTO_TURTLEBOT/install/tb3_interfaces/share/tb3_interfaces/cmake/export_tb3_interfaces__rosidl_generator_cppExport.cmake\n'}
[0.401388] (tb3_interfaces) StdoutLine: {'line': b'-- Up-to-date: /home/jackfeels/Documents/PROYECTO_TURTLEBOT/install/tb3_interfaces/share/tb3_interfaces/cmake/export_tb3_interfaces__rosidl_typesupport_fastrtps_cppExport.cmake\n'}
[0.401452] (tb3_interfaces) StdoutLine: {'line': b'-- Up-to-date: /home/jackfeels/Documents/PROYECTO_TURTLEBOT/install/tb3_interfaces/share/tb3_interfaces/cmake/export_tb3_interfaces__rosidl_typesupport_fastrtps_cppExport-noconfig.cmake\n'}
[0.401551] (tb3_interfaces) StdoutLine: {'line': b'-- Up-to-date: /home/jackfeels/Documents/PROYECTO_TURTLEBOT/install/tb3_interfaces/share/tb3_interfaces/cmake/tb3_interfaces__rosidl_typesupport_introspection_cppExport.cmake\n'}
[0.401613] (tb3_interfaces) StdoutLine: {'line': b'-- Up-to-date: /home/jackfeels/Documents/PROYECTO_TURTLEBOT/install/tb3_interfaces/share/tb3_interfaces/cmake/tb3_interfaces__rosidl_typesupport_introspection_cppExport-noconfig.cmake\n'}
[0.401682] (tb3_interfaces) StdoutLine: {'line': b'-- Up-to-date: /home/jackfeels/Documents/PROYECTO_TURTLEBOT/install/tb3_interfaces/share/tb3_interfaces/cmake/tb3_interfaces__rosidl_typesupport_cppExport.cmake\n'}
[0.401758] (tb3_interfaces) StdoutLine: {'line': b'-- Up-to-date: /home/jackfeels/Documents/PROYECTO_TURTLEBOT/install/tb3_interfaces/share/tb3_interfaces/cmake/tb3_interfaces__rosidl_typesupport_cppExport-noconfig.cmake\n'}
[0.401825] (tb3_interfaces) StdoutLine: {'line': b'-- Up-to-date: /home/jackfeels/Documents/PROYECTO_TURTLEBOT/install/tb3_interfaces/share/tb3_interfaces/cmake/export_tb3_interfaces__rosidl_generator_pyExport.cmake\n'}
[0.401878] (tb3_interfaces) StdoutLine: {'line': b'-- Up-to-date: /home/jackfeels/Documents/PROYECTO_TURTLEBOT/install/tb3_interfaces/share/tb3_interfaces/cmake/export_tb3_interfaces__rosidl_generator_pyExport-noconfig.cmake\n'}
[0.401961] (tb3_interfaces) StdoutLine: {'line': b'-- Up-to-date: /home/jackfeels/Documents/PROYECTO_TURTLEBOT/install/tb3_interfaces/share/tb3_interfaces/cmake/rosidl_cmake-extras.cmake\n'}
[0.402038] (tb3_interfaces) StdoutLine: {'line': b'-- Up-to-date: /home/jackfeels/Documents/PROYECTO_TURTLEBOT/install/tb3_interfaces/share/tb3_interfaces/cmake/ament_cmake_export_include_directories-extras.cmake\n'}
[0.402081] (tb3_interfaces) StdoutLine: {'line': b'-- Up-to-date: /home/jackfeels/Documents/PROYECTO_TURTLEBOT/install/tb3_interfaces/share/tb3_interfaces/cmake/ament_cmake_export_libraries-extras.cmake\n'}
[0.402131] (tb3_interfaces) StdoutLine: {'line': b'-- Up-to-date: /home/jackfeels/Documents/PROYECTO_TURTLEBOT/install/tb3_interfaces/share/tb3_interfaces/cmake/ament_cmake_export_targets-extras.cmake\n'}
[0.402184] (tb3_interfaces) StdoutLine: {'line': b'-- Up-to-date: /home/jackfeels/Documents/PROYECTO_TURTLEBOT/install/tb3_interfaces/share/tb3_interfaces/cmake/rosidl_cmake_export_typesupport_targets-extras.cmake\n'}
[0.402216] (tb3_interfaces) StdoutLine: {'line': b'-- Up-to-date: /home/jackfeels/Documents/PROYECTO_TURTLEBOT/install/tb3_interfaces/share/tb3_interfaces/cmake/ament_cmake_export_dependencies-extras.cmake\n'}
[0.402246] (tb3_interfaces) StdoutLine: {'line': b'-- Up-to-date: /home/jackfeels/Documents/PROYECTO_TURTLEBOT/install/tb3_interfaces/share/tb3_interfaces/cmake/rosidl_cmake_export_typesupport_libraries-extras.cmake\n'}
[0.402276] (tb3_interfaces) StdoutLine: {'line': b'-- Up-to-date: /home/jackfeels/Documents/PROYECTO_TURTLEBOT/install/tb3_interfaces/share/tb3_interfaces/cmake/tb3_interfacesConfig.cmake\n'}
[0.402308] (tb3_interfaces) StdoutLine: {'line': b'-- Up-to-date: /home/jackfeels/Documents/PROYECTO_TURTLEBOT/install/tb3_interfaces/share/tb3_interfaces/cmake/tb3_interfacesConfig-version.cmake\n'}
[0.402365] (tb3_interfaces) StdoutLine: {'line': b'-- Up-to-date: /home/jackfeels/Documents/PROYECTO_TURTLEBOT/install/tb3_interfaces/share/tb3_interfaces/package.xml\n'}
[0.405905] (tb3_interfaces) CommandEnded: {'returncode': 0}
[0.428007] (tb3_interfaces) JobEnded: {'identifier': 'tb3_interfaces', 'rc': 0}
[0.428638] (debug_visualizer) JobStarted: {'identifier': 'debug_visualizer'}
[0.449383] (follow_controller) JobStarted: {'identifier': 'follow_controller'}
[0.500240] (-) TimerEvent: {}
[0.600494] (-) TimerEvent: {}
[0.700827] (-) TimerEvent: {}
[0.757840] (gesture_detector) Command: {'cmd': ['/usr/bin/python3', '-W', 'ignore:setup.py install is deprecated', '-W', 'ignore:easy_install command is deprecated', 'setup.py', 'egg_info', '--egg-base', '../../build/gesture_detector', 'build', '--build-base', '/home/jackfeels/Documents/PROYECTO_TURTLEBOT/build/gesture_detector/build', 'install', '--record', '/home/jackfeels/Documents/PROYECTO_TURTLEBOT/build/gesture_detector/install.log', '--single-version-externally-managed', 'install_data'], 'cwd': '/home/jackfeels/Documents/PROYECTO_TURTLEBOT/src/gesture_detector', 'env': {'GJS_DEBUG_TOPICS': 'JS ERROR;JS LOG', 'PYTHON_BASIC_REPL': '1', 'LESSOPEN': '| /usr/bin/lesspipe %s', 'USER': 'jackfeels', 'XDG_SESSION_TYPE': 'wayland', 'GIT_ASKPASS': '/usr/share/code/resources/app/extensions/git/dist/askpass.sh', 'SHLVL': '1', 'LD_LIBRARY_PATH': '/home/jackfeels/turtlebot3_ws/install/turtlebot3_msgs/lib:/home/jackfeels/turtlebot3_ws/install/dynamixel_sdk_custom_interfaces/lib:/home/jackfeels/turtlebot3_ws/install/dynamixel_sdk/lib:/opt/ros/humble/opt/rviz_ogre_vendor/lib:/opt/ros/humble/lib/aarch64-linux-gnu:/opt/ros/humble/lib', 'HOME': '/home/jackfeels', 'CHROME_DESKTOP': 'code.desktop', 'OLDPWD': '/home/jackfeels/Documents/PROYECTO_TURTLEBOT', 'TERM_PROGRAM_VERSION': '1.114.0', 'DESKTOP_SESSION': 'ubuntu', 'GIO_LAUNCHED_DESKTOP_FILE': '/usr/share/applications/code.desktop', 'ROS_PYTHON_VERSION': '3', 'GNOME_SHELL_SESSION_MODE': 'ubuntu', 'GTK_MODULES': 'gail:atk-bridge', 'VSCODE_GIT_ASKPASS_MAIN': '/usr/share/code/resources/app/extensions/git/dist/askpass-main.js', 'VSCODE_GIT_ASKPASS_NODE': '/usr/share/code/code', 'MANAGERPID': '1447', 'PYDEVD_DISABLE_FILE_VALIDATION': '1', 'SYSTEMD_EXEC_PID': '2048', 'BUNDLED_DEBUGPY_PATH': '/home/jackfeels/.vscode/extensions/ms-python.debugpy-2025.18.0-linux-arm64/bundled/libs/debugpy', 'IM_CONFIG_CHECK_ENV': '1', 'VSCODE_PYTHON_AUTOACTIVATE_GUARD': '1', 'DBUS_SESSION_BUS_ADDRESS': 'unix:path=/run/user/1000/bus', 'COLORTERM': 'truecolor', 'GIO_LAUNCHED_DESKTOP_FILE_PID': '31416', 'IM_CONFIG_PHASE': '1', 'WAYLAND_DISPLAY': 'wayland-0', 'COLCON_PREFIX_PATH': '/home/jackfeels/turtlebot3_ws/install', 'ROS_DISTRO': 'humble', 'LOGNAME': 'jackfeels', 'JOURNAL_STREAM': '8:27136', '_': '/usr/bin/colcon', 'ROS_VERSION': '2', 'CLAUDE_CODE_SSE_PORT': '37331', 'XDG_SESSION_CLASS': 'user', 'USERNAME': 'jackfeels', 'TERM': 'xterm-256color', 'GNOME_DESKTOP_SESSION_ID': 'this-is-deprecated', 'FC_FONTATIONS': '1', 'ROS_LOCALHOST_ONLY': '0', 'PATH': '/home/jackfeels/.local/bin:/home/jackfeels/.local/bin:/home/jackfeels/.config/Code/User/globalStorage/github.copilot-chat/debugCommand:/home/jackfeels/.config/Code/User/globalStorage/github.copilot-chat/copilotCli:/home/jackfeels/.local/bin:/home/jackfeels/.local/bin:/home/jackfeels/.local/bin:/opt/ros/humble/bin:/home/jackfeels/.local/bin:/usr/local/sbin:/usr/local/bin:/usr/sbin:/usr/bin:/sbin:/bin:/usr/games:/usr/local/games:/snap/bin:/snap/bin:/home/jackfeels/.vscode/extensions/ms-python.debugpy-2025.18.0-linux-arm64/bundled/scripts/noConfigScripts', 'SESSION_MANAGER': 'local/jackfeels:@/tmp/.ICE-unix/2024,unix/jackfeels:/tmp/.ICE-unix/2024', 'INVOCATION_ID': '7072cee1c8cb4ac79fe0ad88f4dcb9f7', 'XDG_MENU_PREFIX': 'gnome-', 'GNOME_SETUP_DISPLAY': ':1', 'XDG_RUNTIME_DIR': '/run/user/1000', 'GDK_BACKEND': 'wayland', 'DISPLAY': ':0', 'VSCODE_DEBUGPY_ADAPTER_ENDPOINTS': '/home/jackfeels/.vscode/extensions/ms-python.debugpy-2025.18.0-linux-arm64/.noConfigDebugAdapterEndpoints/endpoint-185b3b7f67631b8b.txt', 'LANG': 'en_US.UTF-8', 'XDG_CURRENT_DESKTOP': 'ubuntu:GNOME', 'PYTHONSTARTUP': '/home/jackfeels/.config/Code/User/workspaceStorage/46ee1a91a2843d3566ffcdb977c34744/ms-python.python/pythonrc.py', 'XMODIFIERS': '@im=ibus', 'XDG_SESSION_DESKTOP': 'ubuntu', 'XAUTHORITY': '/run/user/1000/.mutter-Xwaylandauth.BCY4N3', 'LS_COLORS': 'rs=0:di=01;34:ln=01;36:mh=00:pi=40;33:so=01;35:do=01;35:bd=40;33;01:cd=40;33;01:or=40;31;01:mi=00:su=37;41:sg=30;43:ca=30;41:tw=30;42:ow=34;42:st=37;44:ex=01;32:*.tar=01;31:*.tgz=01;31:*.arc=01;31:*.arj=01;31:*.taz=01;31:*.lha=01;31:*.lz4=01;31:*.lzh=01;31:*.lzma=01;31:*.tlz=01;31:*.txz=01;31:*.tzo=01;31:*.t7z=01;31:*.zip=01;31:*.z=01;31:*.dz=01;31:*.gz=01;31:*.lrz=01;31:*.lz=01;31:*.lzo=01;31:*.xz=01;31:*.zst=01;31:*.tzst=01;31:*.bz2=01;31:*.bz=01;31:*.tbz=01;31:*.tbz2=01;31:*.tz=01;31:*.deb=01;31:*.rpm=01;31:*.jar=01;31:*.war=01;31:*.ear=01;31:*.sar=01;31:*.rar=01;31:*.alz=01;31:*.ace=01;31:*.zoo=01;31:*.cpio=01;31:*.7z=01;31:*.rz=01;31:*.cab=01;31:*.wim=01;31:*.swm=01;31:*.dwm=01;31:*.esd=01;31:*.jpg=01;35:*.jpeg=01;35:*.mjpg=01;35:*.mjpeg=01;35:*.gif=01;35:*.bmp=01;35:*.pbm=01;35:*.pgm=01;35:*.ppm=01;35:*.tga=01;35:*.xbm=01;35:*.xpm=01;35:*.tif=01;35:*.tiff=01;35:*.png=01;35:*.svg=01;35:*.svgz=01;35:*.mng=01;35:*.pcx=01;35:*.mov=01;35:*.mpg=01;35:*.mpeg=01;35:*.m2v=01;35:*.mkv=01;35:*.webm=01;35:*.webp=01;35:*.ogm=01;35:*.mp4=01;35:*.m4v=01;35:*.mp4v=01;35:*.vob=01;35:*.qt=01;35:*.nuv=01;35:*.wmv=01;35:*.asf=01;35:*.rm=01;35:*.rmvb=01;35:*.flc=01;35:*.avi=01;35:*.fli=01;35:*.flv=01;35:*.gl=01;35:*.dl=01;35:*.xcf=01;35:*.xwd=01;35:*.yuv=01;35:*.cgm=01;35:*.emf=01;35:*.ogv=01;35:*.ogx=01;35:*.aac=00;36:*.au=00;36:*.flac=00;36:*.m4a=00;36:*.mid=00;36:*.midi=00;36:*.mka=00;36:*.mp3=00;36:*.mpc=00;36:*.ogg=00;36:*.ra=00;36:*.wav=00;36:*.oga=00;36:*.opus=00;36:*.spx=00;36:*.xspf=00;36:', 'VSCODE_GIT_IPC_HANDLE': '/run/user/1000/vscode-git-3da86ad6c9.sock', 'TERM_PROGRAM': 'vscode', 'SSH_AGENT_LAUNCHER': 'gnome-keyring', 'SSH_AUTH_SOCK': '/run/user/1000/keyring/ssh', 'ROS_DOMAIN_ID': '30', 'AMENT_PREFIX_PATH': '/home/jackfeels/turtlebot3_ws/install/turtlebot3:/home/jackfeels/turtlebot3_ws/install/turtlebot3_teleop:/home/jackfeels/turtlebot3_ws/install/turtlebot3_bringup:/home/jackfeels/turtlebot3_ws/install/turtlebot3_node:/home/jackfeels/turtlebot3_ws/install/turtlebot3_navigation2:/home/jackfeels/turtlebot3_ws/install/turtlebot3_example:/home/jackfeels/turtlebot3_ws/install/turtlebot3_msgs:/home/jackfeels/turtlebot3_ws/install/turtlebot3_description:/home/jackfeels/turtlebot3_ws/install/turtlebot3_cartographer:/home/jackfeels/turtlebot3_ws/install/dynamixel_sdk_examples:/home/jackfeels/turtlebot3_ws/install/dynamixel_sdk_custom_interfaces:/home/jackfeels/turtlebot3_ws/install/dynamixel_sdk:/opt/ros/humble', 'SHELL': '/bin/bash', 'QT_ACCESSIBILITY': '1', 'GDMSESSION': 'ubuntu', 'LESSCLOSE': '/usr/bin/lesspipe %s %s', 'GJS_DEBUG_OUTPUT': 'stderr', 'VSCODE_GIT_ASKPASS_EXTRA_ARGS': '', 'QT_IM_MODULE': 'ibus', 'PWD': '/home/jackfeels/Documents/PROYECTO_TURTLEBOT/build/gesture_detector', 'TURTLEBOT3_MODEL': 'burger', 'XDG_CONFIG_DIRS': '/etc/xdg/xdg-ubuntu:/etc/xdg', 'XDG_DATA_DIRS': '/usr/share/ubuntu:/usr/local/share/:/usr/share/:/var/lib/snapd/desktop', 'PYTHONPATH': '/home/jackfeels/Documents/PROYECTO_TURTLEBOT/build/gesture_detector/prefix_override:/usr/lib/python3/dist-packages/colcon_core/task/python/colcon_distutils_commands:/home/jackfeels/Documents/PROYECTO_TURTLEBOT/install/gesture_detector/lib/python3.10/site-packages:/home/jackfeels/turtlebot3_ws/install/turtlebot3_teleop/lib/python3.10/site-packages:/home/jackfeels/turtlebot3_ws/install/turtlebot3_example/lib/python3.10/site-packages:/home/jackfeels/turtlebot3_ws/install/turtlebot3_msgs/local/lib/python3.10/dist-packages:/home/jackfeels/turtlebot3_ws/install/dynamixel_sdk_custom_interfaces/local/lib/python3.10/dist-packages:/home/jackfeels/turtlebot3_ws/install/dynamixel_sdk/local/lib/python3.10/dist-packages:/opt/ros/humble/lib/python3.10/site-packages:/opt/ros/humble/local/lib/python3.10/dist-packages', 'COLCON': '1', 'CMAKE_PREFIX_PATH': '/home/jackfeels/turtlebot3_ws/install/turtlebot3:/home/jackfeels/turtlebot3_ws/install/turtlebot3_bringup:/home/jackfeels/turtlebot3_ws/install/turtlebot3_node:/home/jackfeels/turtlebot3_ws/install/turtlebot3_navigation2:/home/jackfeels/turtlebot3_ws/install/turtlebot3_msgs:/home/jackfeels/turtlebot3_ws/install/turtlebot3_description:/home/jackfeels/turtlebot3_ws/install/turtlebot3_cartographer:/home/jackfeels/turtlebot3_ws/install/dynamixel_sdk_examples:/home/jackfeels/turtlebot3_ws/install/dynamixel_sdk_custom_interfaces:/home/jackfeels/turtlebot3_ws/install/dynamixel_sdk'}, 'shell': False}
[0.760549] (tb3_bringup_custom) Command: {'cmd': ['/usr/bin/python3', '-W', 'ignore:setup.py install is deprecated', '-W', 'ignore:easy_install command is deprecated', 'setup.py', 'egg_info', '--egg-base', '../../build/tb3_bringup_custom', 'build', '--build-base', '/home/jackfeels/Documents/PROYECTO_TURTLEBOT/build/tb3_bringup_custom/build', 'install', '--record', '/home/jackfeels/Documents/PROYECTO_TURTLEBOT/build/tb3_bringup_custom/install.log', '--single-version-externally-managed', 'install_data'], 'cwd': '/home/jackfeels/Documents/PROYECTO_TURTLEBOT/src/tb3_bringup_custom', 'env': {'GJS_DEBUG_TOPICS': 'JS ERROR;JS LOG', 'PYTHON_BASIC_REPL': '1', 'LESSOPEN': '| /usr/bin/lesspipe %s', 'USER': 'jackfeels', 'XDG_SESSION_TYPE': 'wayland', 'GIT_ASKPASS': '/usr/share/code/resources/app/extensions/git/dist/askpass.sh', 'SHLVL': '1', 'LD_LIBRARY_PATH': '/home/jackfeels/turtlebot3_ws/install/turtlebot3_msgs/lib:/home/jackfeels/turtlebot3_ws/install/dynamixel_sdk_custom_interfaces/lib:/home/jackfeels/turtlebot3_ws/install/dynamixel_sdk/lib:/opt/ros/humble/opt/rviz_ogre_vendor/lib:/opt/ros/humble/lib/aarch64-linux-gnu:/opt/ros/humble/lib', 'HOME': '/home/jackfeels', 'CHROME_DESKTOP': 'code.desktop', 'OLDPWD': '/home/jackfeels/Documents/PROYECTO_TURTLEBOT', 'TERM_PROGRAM_VERSION': '1.114.0', 'DESKTOP_SESSION': 'ubuntu', 'GIO_LAUNCHED_DESKTOP_FILE': '/usr/share/applications/code.desktop', 'ROS_PYTHON_VERSION': '3', 'GNOME_SHELL_SESSION_MODE': 'ubuntu', 'GTK_MODULES': 'gail:atk-bridge', 'VSCODE_GIT_ASKPASS_MAIN': '/usr/share/code/resources/app/extensions/git/dist/askpass-main.js', 'VSCODE_GIT_ASKPASS_NODE': '/usr/share/code/code', 'MANAGERPID': '1447', 'PYDEVD_DISABLE_FILE_VALIDATION': '1', 'SYSTEMD_EXEC_PID': '2048', 'BUNDLED_DEBUGPY_PATH': '/home/jackfeels/.vscode/extensions/ms-python.debugpy-2025.18.0-linux-arm64/bundled/libs/debugpy', 'IM_CONFIG_CHECK_ENV': '1', 'VSCODE_PYTHON_AUTOACTIVATE_GUARD': '1', 'DBUS_SESSION_BUS_ADDRESS': 'unix:path=/run/user/1000/bus', 'COLORTERM': 'truecolor', 'GIO_LAUNCHED_DESKTOP_FILE_PID': '31416', 'IM_CONFIG_PHASE': '1', 'WAYLAND_DISPLAY': 'wayland-0', 'COLCON_PREFIX_PATH': '/home/jackfeels/turtlebot3_ws/install', 'ROS_DISTRO': 'humble', 'LOGNAME': 'jackfeels', 'JOURNAL_STREAM': '8:27136', '_': '/usr/bin/colcon', 'ROS_VERSION': '2', 'CLAUDE_CODE_SSE_PORT': '37331', 'XDG_SESSION_CLASS': 'user', 'USERNAME': 'jackfeels', 'TERM': 'xterm-256color', 'GNOME_DESKTOP_SESSION_ID': 'this-is-deprecated', 'FC_FONTATIONS': '1', 'ROS_LOCALHOST_ONLY': '0', 'PATH': '/home/jackfeels/.local/bin:/home/jackfeels/.local/bin:/home/jackfeels/.config/Code/User/globalStorage/github.copilot-chat/debugCommand:/home/jackfeels/.config/Code/User/globalStorage/github.copilot-chat/copilotCli:/home/jackfeels/.local/bin:/home/jackfeels/.local/bin:/home/jackfeels/.local/bin:/opt/ros/humble/bin:/home/jackfeels/.local/bin:/usr/local/sbin:/usr/local/bin:/usr/sbin:/usr/bin:/sbin:/bin:/usr/games:/usr/local/games:/snap/bin:/snap/bin:/home/jackfeels/.vscode/extensions/ms-python.debugpy-2025.18.0-linux-arm64/bundled/scripts/noConfigScripts', 'SESSION_MANAGER': 'local/jackfeels:@/tmp/.ICE-unix/2024,unix/jackfeels:/tmp/.ICE-unix/2024', 'INVOCATION_ID': '7072cee1c8cb4ac79fe0ad88f4dcb9f7', 'XDG_MENU_PREFIX': 'gnome-', 'GNOME_SETUP_DISPLAY': ':1', 'XDG_RUNTIME_DIR': '/run/user/1000', 'GDK_BACKEND': 'wayland', 'DISPLAY': ':0', 'VSCODE_DEBUGPY_ADAPTER_ENDPOINTS': '/home/jackfeels/.vscode/extensions/ms-python.debugpy-2025.18.0-linux-arm64/.noConfigDebugAdapterEndpoints/endpoint-185b3b7f67631b8b.txt', 'LANG': 'en_US.UTF-8', 'XDG_CURRENT_DESKTOP': 'ubuntu:GNOME', 'PYTHONSTARTUP': '/home/jackfeels/.config/Code/User/workspaceStorage/46ee1a91a2843d3566ffcdb977c34744/ms-python.python/pythonrc.py', 'XMODIFIERS': '@im=ibus', 'XDG_SESSION_DESKTOP': 'ubuntu', 'XAUTHORITY': '/run/user/1000/.mutter-Xwaylandauth.BCY4N3', 'LS_COLORS': 'rs=0:di=01;34:ln=01;36:mh=00:pi=40;33:so=01;35:do=01;35:bd=40;33;01:cd=40;33;01:or=40;31;01:mi=00:su=37;41:sg=30;43:ca=30;41:tw=30;42:ow=34;42:st=37;44:ex=01;32:*.tar=01;31:*.tgz=01;31:*.arc=01;31:*.arj=01;31:*.taz=01;31:*.lha=01;31:*.lz4=01;31:*.lzh=01;31:*.lzma=01;31:*.tlz=01;31:*.txz=01;31:*.tzo=01;31:*.t7z=01;31:*.zip=01;31:*.z=01;31:*.dz=01;31:*.gz=01;31:*.lrz=01;31:*.lz=01;31:*.lzo=01;31:*.xz=01;31:*.zst=01;31:*.tzst=01;31:*.bz2=01;31:*.bz=01;31:*.tbz=01;31:*.tbz2=01;31:*.tz=01;31:*.deb=01;31:*.rpm=01;31:*.jar=01;31:*.war=01;31:*.ear=01;31:*.sar=01;31:*.rar=01;31:*.alz=01;31:*.ace=01;31:*.zoo=01;31:*.cpio=01;31:*.7z=01;31:*.rz=01;31:*.cab=01;31:*.wim=01;31:*.swm=01;31:*.dwm=01;31:*.esd=01;31:*.jpg=01;35:*.jpeg=01;35:*.mjpg=01;35:*.mjpeg=01;35:*.gif=01;35:*.bmp=01;35:*.pbm=01;35:*.pgm=01;35:*.ppm=01;35:*.tga=01;35:*.xbm=01;35:*.xpm=01;35:*.tif=01;35:*.tiff=01;35:*.png=01;35:*.svg=01;35:*.svgz=01;35:*.mng=01;35:*.pcx=01;35:*.mov=01;35:*.mpg=01;35:*.mpeg=01;35:*.m2v=01;35:*.mkv=01;35:*.webm=01;35:*.webp=01;35:*.ogm=01;35:*.mp4=01;35:*.m4v=01;35:*.mp4v=01;35:*.vob=01;35:*.qt=01;35:*.nuv=01;35:*.wmv=01;35:*.asf=01;35:*.rm=01;35:*.rmvb=01;35:*.flc=01;35:*.avi=01;35:*.fli=01;35:*.flv=01;35:*.gl=01;35:*.dl=01;35:*.xcf=01;35:*.xwd=01;35:*.yuv=01;35:*.cgm=01;35:*.emf=01;35:*.ogv=01;35:*.ogx=01;35:*.aac=00;36:*.au=00;36:*.flac=00;36:*.m4a=00;36:*.mid=00;36:*.midi=00;36:*.mka=00;36:*.mp3=00;36:*.mpc=00;36:*.ogg=00;36:*.ra=00;36:*.wav=00;36:*.oga=00;36:*.opus=00;36:*.spx=00;36:*.xspf=00;36:', 'VSCODE_GIT_IPC_HANDLE': '/run/user/1000/vscode-git-3da86ad6c9.sock', 'TERM_PROGRAM': 'vscode', 'SSH_AGENT_LAUNCHER': 'gnome-keyring', 'SSH_AUTH_SOCK': '/run/user/1000/keyring/ssh', 'ROS_DOMAIN_ID': '30', 'AMENT_PREFIX_PATH': '/home/jackfeels/turtlebot3_ws/install/turtlebot3:/home/jackfeels/turtlebot3_ws/install/turtlebot3_teleop:/home/jackfeels/turtlebot3_ws/install/turtlebot3_bringup:/home/jackfeels/turtlebot3_ws/install/turtlebot3_node:/home/jackfeels/turtlebot3_ws/install/turtlebot3_navigation2:/home/jackfeels/turtlebot3_ws/install/turtlebot3_example:/home/jackfeels/turtlebot3_ws/install/turtlebot3_msgs:/home/jackfeels/turtlebot3_ws/install/turtlebot3_description:/home/jackfeels/turtlebot3_ws/install/turtlebot3_cartographer:/home/jackfeels/turtlebot3_ws/install/dynamixel_sdk_examples:/home/jackfeels/turtlebot3_ws/install/dynamixel_sdk_custom_interfaces:/home/jackfeels/turtlebot3_ws/install/dynamixel_sdk:/opt/ros/humble', 'SHELL': '/bin/bash', 'QT_ACCESSIBILITY': '1', 'GDMSESSION': 'ubuntu', 'LESSCLOSE': '/usr/bin/lesspipe %s %s', 'GJS_DEBUG_OUTPUT': 'stderr', 'VSCODE_GIT_ASKPASS_EXTRA_ARGS': '', 'QT_IM_MODULE': 'ibus', 'PWD': '/home/jackfeels/Documents/PROYECTO_TURTLEBOT/build/tb3_bringup_custom', 'TURTLEBOT3_MODEL': 'burger', 'XDG_CONFIG_DIRS': '/etc/xdg/xdg-ubuntu:/etc/xdg', 'XDG_DATA_DIRS': '/usr/share/ubuntu:/usr/local/share/:/usr/share/:/var/lib/snapd/desktop', 'PYTHONPATH': '/home/jackfeels/Documents/PROYECTO_TURTLEBOT/build/tb3_bringup_custom/prefix_override:/usr/lib/python3/dist-packages/colcon_core/task/python/colcon_distutils_commands:/home/jackfeels/Documents/PROYECTO_TURTLEBOT/install/tb3_bringup_custom/lib/python3.10/site-packages:/home/jackfeels/turtlebot3_ws/install/turtlebot3_teleop/lib/python3.10/site-packages:/home/jackfeels/turtlebot3_ws/install/turtlebot3_example/lib/python3.10/site-packages:/home/jackfeels/turtlebot3_ws/install/turtlebot3_msgs/local/lib/python3.10/dist-packages:/home/jackfeels/turtlebot3_ws/install/dynamixel_sdk_custom_interfaces/local/lib/python3.10/dist-packages:/home/jackfeels/turtlebot3_ws/install/dynamixel_sdk/local/lib/python3.10/dist-packages:/opt/ros/humble/lib/python3.10/site-packages:/opt/ros/humble/local/lib/python3.10/dist-packages', 'COLCON': '1', 'CMAKE_PREFIX_PATH': '/home/jackfeels/turtlebot3_ws/install/turtlebot3:/home/jackfeels/turtlebot3_ws/install/turtlebot3_bringup:/home/jackfeels/turtlebot3_ws/install/turtlebot3_node:/home/jackfeels/turtlebot3_ws/install/turtlebot3_navigation2:/home/jackfeels/turtlebot3_ws/install/turtlebot3_msgs:/home/jackfeels/turtlebot3_ws/install/turtlebot3_description:/home/jackfeels/turtlebot3_ws/install/turtlebot3_cartographer:/home/jackfeels/turtlebot3_ws/install/dynamixel_sdk_examples:/home/jackfeels/turtlebot3_ws/install/dynamixel_sdk_custom_interfaces:/home/jackfeels/turtlebot3_ws/install/dynamixel_sdk'}, 'shell': False}
[0.800948] (-) TimerEvent: {}
[0.891976] (gesture_detector) StdoutLine: {'line': b'running egg_info\n'}
[0.899641] (gesture_detector) StdoutLine: {'line': b'writing ../../build/gesture_detector/gesture_detector.egg-info/PKG-INFO\n'}
[0.900173] (gesture_detector) StdoutLine: {'line': b'writing dependency_links to ../../build/gesture_detector/gesture_detector.egg-info/dependency_links.txt\n'}
[0.900376] (gesture_detector) StdoutLine: {'line': b'writing entry points to ../../build/gesture_detector/gesture_detector.egg-info/entry_points.txt\n'}
[0.900504] (gesture_detector) StdoutLine: {'line': b'writing requirements to ../../build/gesture_detector/gesture_detector.egg-info/requires.txt\n'}
[0.900596] (gesture_detector) StdoutLine: {'line': b'writing top-level names to ../../build/gesture_detector/gesture_detector.egg-info/top_level.txt\n'}
[0.901008] (-) TimerEvent: {}
[0.905781] (tb3_bringup_custom) StdoutLine: {'line': b'running egg_info\n'}
[0.916143] (tb3_bringup_custom) StdoutLine: {'line': b'writing ../../build/tb3_bringup_custom/tb3_bringup_custom.egg-info/PKG-INFO\n'}
[0.916937] (gesture_detector) StdoutLine: {'line': b"reading manifest file '../../build/gesture_detector/gesture_detector.egg-info/SOURCES.txt'\n"}
[0.917240] (tb3_bringup_custom) StdoutLine: {'line': b'writing dependency_links to ../../build/tb3_bringup_custom/tb3_bringup_custom.egg-info/dependency_links.txt\n'}
[0.917469] (tb3_bringup_custom) StdoutLine: {'line': b'writing requirements to ../../build/tb3_bringup_custom/tb3_bringup_custom.egg-info/requires.txt\n'}
[0.921066] (tb3_bringup_custom) StdoutLine: {'line': b'writing top-level names to ../../build/tb3_bringup_custom/tb3_bringup_custom.egg-info/top_level.txt\n'}
[0.921177] (gesture_detector) StdoutLine: {'line': b"writing manifest file '../../build/gesture_detector/gesture_detector.egg-info/SOURCES.txt'\n"}
[0.921219] (gesture_detector) StdoutLine: {'line': b'running build\n'}
[0.921254] (gesture_detector) StdoutLine: {'line': b'running build_py\n'}
[0.921285] (gesture_detector) StdoutLine: {'line': b'copying gesture_detector/__init__.py -> /home/jackfeels/Documents/PROYECTO_TURTLEBOT/build/gesture_detector/build/lib/gesture_detector\n'}
[0.921316] (gesture_detector) StdoutLine: {'line': b'running install\n'}
[0.922119] (gesture_detector) StdoutLine: {'line': b'running install_lib\n'}
[0.932417] (gesture_detector) StdoutLine: {'line': b'running install_data\n'}
[0.932808] (gesture_detector) StdoutLine: {'line': b'copying resource/gesture_detector -> /home/jackfeels/Documents/PROYECTO_TURTLEBOT/install/gesture_detector/share/ament_index/resource_index/packages\n'}
[0.933107] (gesture_detector) StdoutLine: {'line': b'copying package.xml -> /home/jackfeels/Documents/PROYECTO_TURTLEBOT/install/gesture_detector/share/gesture_detector\n'}
[0.933314] (gesture_detector) StdoutLine: {'line': b'running install_egg_info\n'}
[0.939700] (tb3_bringup_custom) StdoutLine: {'line': b"reading manifest file '../../build/tb3_bringup_custom/tb3_bringup_custom.egg-info/SOURCES.txt'\n"}
[0.941393] (tb3_bringup_custom) StdoutLine: {'line': b"writing manifest file '../../build/tb3_bringup_custom/tb3_bringup_custom.egg-info/SOURCES.txt'\n"}
[0.941525] (tb3_bringup_custom) StdoutLine: {'line': b'running build\n'}
[0.941625] (tb3_bringup_custom) StdoutLine: {'line': b'running build_py\n'}
[0.941809] (tb3_bringup_custom) StdoutLine: {'line': b'copying tb3_bringup_custom/__init__.py -> /home/jackfeels/Documents/PROYECTO_TURTLEBOT/build/tb3_bringup_custom/build/lib/tb3_bringup_custom\n'}
[0.942066] (tb3_bringup_custom) StdoutLine: {'line': b'running install\n'}
[0.942603] (gesture_detector) StdoutLine: {'line': b"removing '/home/jackfeels/Documents/PROYECTO_TURTLEBOT/install/gesture_detector/lib/python3.10/site-packages/gesture_detector-0.0.1-py3.10.egg-info' (and everything under it)\n"}
[0.952997] (tb3_bringup_custom) StdoutLine: {'line': b'running install_lib\n'}
[0.953093] (tb3_bringup_custom) StdoutLine: {'line': b'running install_data\n'}
[0.953167] (tb3_bringup_custom) StdoutLine: {'line': b'copying resource/tb3_bringup_custom -> /home/jackfeels/Documents/PROYECTO_TURTLEBOT/install/tb3_bringup_custom/share/ament_index/resource_index/packages\n'}
[0.953222] (tb3_bringup_custom) StdoutLine: {'line': b'copying package.xml -> /home/jackfeels/Documents/PROYECTO_TURTLEBOT/install/tb3_bringup_custom/share/tb3_bringup_custom\n'}
[0.953289] (gesture_detector) StdoutLine: {'line': b'Copying ../../build/gesture_detector/gesture_detector.egg-info to /home/jackfeels/Documents/PROYECTO_TURTLEBOT/install/gesture_detector/lib/python3.10/site-packages/gesture_detector-0.0.1-py3.10.egg-info\n'}
[0.953499] (tb3_bringup_custom) StdoutLine: {'line': b'copying launch/follow_demo.launch.py -> /home/jackfeels/Documents/PROYECTO_TURTLEBOT/install/tb3_bringup_custom/share/tb3_bringup_custom/launch\n'}
[0.953680] (tb3_bringup_custom) StdoutLine: {'line': b'running install_egg_info\n'}
[0.953909] (gesture_detector) StdoutLine: {'line': b'running install_scripts\n'}
[0.962927] (tb3_bringup_custom) StdoutLine: {'line': b"removing '/home/jackfeels/Documents/PROYECTO_TURTLEBOT/install/tb3_bringup_custom/lib/python3.10/site-packages/tb3_bringup_custom-0.0.1-py3.10.egg-info' (and everything under it)\n"}
[0.977111] (gesture_detector) StdoutLine: {'line': b'Installing gesture_detector_node script to /home/jackfeels/Documents/PROYECTO_TURTLEBOT/install/gesture_detector/lib/gesture_detector\n'}
[0.977220] (gesture_detector) StdoutLine: {'line': b"writing list of installed files to '/home/jackfeels/Documents/PROYECTO_TURTLEBOT/build/gesture_detector/install.log'\n"}
[0.977423] (tb3_bringup_custom) StdoutLine: {'line': b'Copying ../../build/tb3_bringup_custom/tb3_bringup_custom.egg-info to /home/jackfeels/Documents/PROYECTO_TURTLEBOT/install/tb3_bringup_custom/lib/python3.10/site-packages/tb3_bringup_custom-0.0.1-py3.10.egg-info\n'}
[0.977845] (tb3_bringup_custom) StdoutLine: {'line': b'running install_scripts\n'}
[0.983766] (gesture_detector) CommandEnded: {'returncode': 0}
[0.988186] (gesture_detector) JobEnded: {'identifier': 'gesture_detector', 'rc': 0}
[0.988747] (person_tracker) JobStarted: {'identifier': 'person_tracker'}
[0.997603] (tb3_bringup_custom) StdoutLine: {'line': b"writing list of installed files to '/home/jackfeels/Documents/PROYECTO_TURTLEBOT/build/tb3_bringup_custom/install.log'\n"}
[1.002425] (-) TimerEvent: {}
[1.018318] (debug_visualizer) Command: {'cmd': ['/usr/bin/python3', '-W', 'ignore:setup.py install is deprecated', '-W', 'ignore:easy_install command is deprecated', 'setup.py', 'egg_info', '--egg-base', '../../build/debug_visualizer', 'build', '--build-base', '/home/jackfeels/Documents/PROYECTO_TURTLEBOT/build/debug_visualizer/build', 'install', '--record', '/home/jackfeels/Documents/PROYECTO_TURTLEBOT/build/debug_visualizer/install.log', '--single-version-externally-managed', 'install_data'], 'cwd': '/home/jackfeels/Documents/PROYECTO_TURTLEBOT/src/debug_visualizer', 'env': {'GJS_DEBUG_TOPICS': 'JS ERROR;JS LOG', 'PYTHON_BASIC_REPL': '1', 'LESSOPEN': '| /usr/bin/lesspipe %s', 'USER': 'jackfeels', 'XDG_SESSION_TYPE': 'wayland', 'GIT_ASKPASS': '/usr/share/code/resources/app/extensions/git/dist/askpass.sh', 'ROS_PACKAGE_PATH': '/home/jackfeels/Documents/PROYECTO_TURTLEBOT/install/tb3_interfaces/share', 'SHLVL': '1', 'LD_LIBRARY_PATH': '/home/jackfeels/Documents/PROYECTO_TURTLEBOT/install/tb3_interfaces/lib:/home/jackfeels/turtlebot3_ws/install/turtlebot3_msgs/lib:/home/jackfeels/turtlebot3_ws/install/dynamixel_sdk_custom_interfaces/lib:/home/jackfeels/turtlebot3_ws/install/dynamixel_sdk/lib:/opt/ros/humble/opt/rviz_ogre_vendor/lib:/opt/ros/humble/lib/aarch64-linux-gnu:/opt/ros/humble/lib', 'HOME': '/home/jackfeels', 'CHROME_DESKTOP': 'code.desktop', 'OLDPWD': '/home/jackfeels/Documents/PROYECTO_TURTLEBOT', 'TERM_PROGRAM_VERSION': '1.114.0', 'DESKTOP_SESSION': 'ubuntu', 'GIO_LAUNCHED_DESKTOP_FILE': '/usr/share/applications/code.desktop', 'ROS_PYTHON_VERSION': '3', 'GNOME_SHELL_SESSION_MODE': 'ubuntu', 'GTK_MODULES': 'gail:atk-bridge', 'VSCODE_GIT_ASKPASS_MAIN': '/usr/share/code/resources/app/extensions/git/dist/askpass-main.js', 'VSCODE_GIT_ASKPASS_NODE': '/usr/share/code/code', 'MANAGERPID': '1447', 'PYDEVD_DISABLE_FILE_VALIDATION': '1', 'SYSTEMD_EXEC_PID': '2048', 'BUNDLED_DEBUGPY_PATH': '/home/jackfeels/.vscode/extensions/ms-python.debugpy-2025.18.0-linux-arm64/bundled/libs/debugpy', 'IM_CONFIG_CHECK_ENV': '1', 'VSCODE_PYTHON_AUTOACTIVATE_GUARD': '1', 'DBUS_SESSION_BUS_ADDRESS': 'unix:path=/run/user/1000/bus', 'COLORTERM': 'truecolor', 'GIO_LAUNCHED_DESKTOP_FILE_PID': '31416', 'IM_CONFIG_PHASE': '1', 'WAYLAND_DISPLAY': 'wayland-0', 'COLCON_PREFIX_PATH': '/home/jackfeels/turtlebot3_ws/install', 'ROS_DISTRO': 'humble', 'LOGNAME': 'jackfeels', 'JOURNAL_STREAM': '8:27136', '_': '/usr/bin/colcon', 'ROS_VERSION': '2', 'CLAUDE_CODE_SSE_PORT': '37331', 'XDG_SESSION_CLASS': 'user', 'PKG_CONFIG_PATH': '/home/jackfeels/Documents/PROYECTO_TURTLEBOT/install/tb3_interfaces/lib/aarch64-linux-gnu/pkgconfig:/home/jackfeels/Documents/PROYECTO_TURTLEBOT/install/tb3_interfaces/lib/pkgconfig', 'USERNAME': 'jackfeels', 'TERM': 'xterm-256color', 'GNOME_DESKTOP_SESSION_ID': 'this-is-deprecated', 'FC_FONTATIONS': '1', 'ROS_LOCALHOST_ONLY': '0', 'PATH': '/home/jackfeels/.local/bin:/home/jackfeels/.local/bin:/home/jackfeels/.config/Code/User/globalStorage/github.copilot-chat/debugCommand:/home/jackfeels/.config/Code/User/globalStorage/github.copilot-chat/copilotCli:/home/jackfeels/.local/bin:/home/jackfeels/.local/bin:/home/jackfeels/.local/bin:/opt/ros/humble/bin:/home/jackfeels/.local/bin:/usr/local/sbin:/usr/local/bin:/usr/sbin:/usr/bin:/sbin:/bin:/usr/games:/usr/local/games:/snap/bin:/snap/bin:/home/jackfeels/.vscode/extensions/ms-python.debugpy-2025.18.0-linux-arm64/bundled/scripts/noConfigScripts', 'SESSION_MANAGER': 'local/jackfeels:@/tmp/.ICE-unix/2024,unix/jackfeels:/tmp/.ICE-unix/2024', 'INVOCATION_ID': '7072cee1c8cb4ac79fe0ad88f4dcb9f7', 'XDG_MENU_PREFIX': 'gnome-', 'GNOME_SETUP_DISPLAY': ':1', 'XDG_RUNTIME_DIR': '/run/user/1000', 'GDK_BACKEND': 'wayland', 'DISPLAY': ':0', 'VSCODE_DEBUGPY_ADAPTER_ENDPOINTS': '/home/jackfeels/.vscode/extensions/ms-python.debugpy-2025.18.0-linux-arm64/.noConfigDebugAdapterEndpoints/endpoint-185b3b7f67631b8b.txt', 'LANG': 'en_US.UTF-8', 'XDG_CURRENT_DESKTOP': 'ubuntu:GNOME', 'PYTHONSTARTUP': '/home/jackfeels/.config/Code/User/workspaceStorage/46ee1a91a2843d3566ffcdb977c34744/ms-python.python/pythonrc.py', 'XMODIFIERS': '@im=ibus', 'XDG_SESSION_DESKTOP': 'ubuntu', 'XAUTHORITY': '/run/user/1000/.mutter-Xwaylandauth.BCY4N3', 'LS_COLORS': 'rs=0:di=01;34:ln=01;36:mh=00:pi=40;33:so=01;35:do=01;35:bd=40;33;01:cd=40;33;01:or=40;31;01:mi=00:su=37;41:sg=30;43:ca=30;41:tw=30;42:ow=34;42:st=37;44:ex=01;32:*.tar=01;31:*.tgz=01;31:*.arc=01;31:*.arj=01;31:*.taz=01;31:*.lha=01;31:*.lz4=01;31:*.lzh=01;31:*.lzma=01;31:*.tlz=01;31:*.txz=01;31:*.tzo=01;31:*.t7z=01;31:*.zip=01;31:*.z=01;31:*.dz=01;31:*.gz=01;31:*.lrz=01;31:*.lz=01;31:*.lzo=01;31:*.xz=01;31:*.zst=01;31:*.tzst=01;31:*.bz2=01;31:*.bz=01;31:*.tbz=01;31:*.tbz2=01;31:*.tz=01;31:*.deb=01;31:*.rpm=01;31:*.jar=01;31:*.war=01;31:*.ear=01;31:*.sar=01;31:*.rar=01;31:*.alz=01;31:*.ace=01;31:*.zoo=01;31:*.cpio=01;31:*.7z=01;31:*.rz=01;31:*.cab=01;31:*.wim=01;31:*.swm=01;31:*.dwm=01;31:*.esd=01;31:*.jpg=01;35:*.jpeg=01;35:*.mjpg=01;35:*.mjpeg=01;35:*.gif=01;35:*.bmp=01;35:*.pbm=01;35:*.pgm=01;35:*.ppm=01;35:*.tga=01;35:*.xbm=01;35:*.xpm=01;35:*.tif=01;35:*.tiff=01;35:*.png=01;35:*.svg=01;35:*.svgz=01;35:*.mng=01;35:*.pcx=01;35:*.mov=01;35:*.mpg=01;35:*.mpeg=01;35:*.m2v=01;35:*.mkv=01;35:*.webm=01;35:*.webp=01;35:*.ogm=01;35:*.mp4=01;35:*.m4v=01;35:*.mp4v=01;35:*.vob=01;35:*.qt=01;35:*.nuv=01;35:*.wmv=01;35:*.asf=01;35:*.rm=01;35:*.rmvb=01;35:*.flc=01;35:*.avi=01;35:*.fli=01;35:*.flv=01;35:*.gl=01;35:*.dl=01;35:*.xcf=01;35:*.xwd=01;35:*.yuv=01;35:*.cgm=01;35:*.emf=01;35:*.ogv=01;35:*.ogx=01;35:*.aac=00;36:*.au=00;36:*.flac=00;36:*.m4a=00;36:*.mid=00;36:*.midi=00;36:*.mka=00;36:*.mp3=00;36:*.mpc=00;36:*.ogg=00;36:*.ra=00;36:*.wav=00;36:*.oga=00;36:*.opus=00;36:*.spx=00;36:*.xspf=00;36:', 'VSCODE_GIT_IPC_HANDLE': '/run/user/1000/vscode-git-3da86ad6c9.sock', 'TERM_PROGRAM': 'vscode', 'SSH_AGENT_LAUNCHER': 'gnome-keyring', 'SSH_AUTH_SOCK': '/run/user/1000/keyring/ssh', 'ROS_DOMAIN_ID': '30', 'AMENT_PREFIX_PATH': '/home/jackfeels/turtlebot3_ws/install/turtlebot3:/home/jackfeels/turtlebot3_ws/install/turtlebot3_teleop:/home/jackfeels/turtlebot3_ws/install/turtlebot3_bringup:/home/jackfeels/turtlebot3_ws/install/turtlebot3_node:/home/jackfeels/turtlebot3_ws/install/turtlebot3_navigation2:/home/jackfeels/turtlebot3_ws/install/turtlebot3_example:/home/jackfeels/turtlebot3_ws/install/turtlebot3_msgs:/home/jackfeels/turtlebot3_ws/install/turtlebot3_description:/home/jackfeels/turtlebot3_ws/install/turtlebot3_cartographer:/home/jackfeels/turtlebot3_ws/install/dynamixel_sdk_examples:/home/jackfeels/turtlebot3_ws/install/dynamixel_sdk_custom_interfaces:/home/jackfeels/turtlebot3_ws/install/dynamixel_sdk:/opt/ros/humble', 'SHELL': '/bin/bash', 'QT_ACCESSIBILITY': '1', 'GDMSESSION': 'ubuntu', 'LESSCLOSE': '/usr/bin/lesspipe %s %s', 'GJS_DEBUG_OUTPUT': 'stderr', 'VSCODE_GIT_ASKPASS_EXTRA_ARGS': '', 'QT_IM_MODULE': 'ibus', 'PWD': '/home/jackfeels/Documents/PROYECTO_TURTLEBOT/build/debug_visualizer', 'TURTLEBOT3_MODEL': 'burger', 'XDG_CONFIG_DIRS': '/etc/xdg/xdg-ubuntu:/etc/xdg', 'XDG_DATA_DIRS': '/usr/share/ubuntu:/usr/local/share/:/usr/share/:/var/lib/snapd/desktop', 'PYTHONPATH': '/home/jackfeels/Documents/PROYECTO_TURTLEBOT/build/debug_visualizer/prefix_override:/usr/lib/python3/dist-packages/colcon_core/task/python/colcon_distutils_commands:/home/jackfeels/Documents/PROYECTO_TURTLEBOT/install/debug_visualizer/lib/python3.10/site-packages:/home/jackfeels/Documents/PROYECTO_TURTLEBOT/install/tb3_interfaces/local/lib/python3.10/dist-packages:/home/jackfeels/turtlebot3_ws/install/turtlebot3_teleop/lib/python3.10/site-packages:/home/jackfeels/turtlebot3_ws/install/turtlebot3_example/lib/python3.10/site-packages:/home/jackfeels/turtlebot3_ws/install/turtlebot3_msgs/local/lib/python3.10/dist-packages:/home/jackfeels/turtlebot3_ws/install/dynamixel_sdk_custom_interfaces/local/lib/python3.10/dist-packages:/home/jackfeels/turtlebot3_ws/install/dynamixel_sdk/local/lib/python3.10/dist-packages:/opt/ros/humble/lib/python3.10/site-packages:/opt/ros/humble/local/lib/python3.10/dist-packages', 'COLCON': '1', 'CMAKE_PREFIX_PATH': '/home/jackfeels/Documents/PROYECTO_TURTLEBOT/install/tb3_interfaces:/home/jackfeels/turtlebot3_ws/install/turtlebot3:/home/jackfeels/turtlebot3_ws/install/turtlebot3_bringup:/home/jackfeels/turtlebot3_ws/install/turtlebot3_node:/home/jackfeels/turtlebot3_ws/install/turtlebot3_navigation2:/home/jackfeels/turtlebot3_ws/install/turtlebot3_msgs:/home/jackfeels/turtlebot3_ws/install/turtlebot3_description:/home/jackfeels/turtlebot3_ws/install/turtlebot3_cartographer:/home/jackfeels/turtlebot3_ws/install/dynamixel_sdk_examples:/home/jackfeels/turtlebot3_ws/install/dynamixel_sdk_custom_interfaces:/home/jackfeels/turtlebot3_ws/install/dynamixel_sdk'}, 'shell': False}
[1.102519] (-) TimerEvent: {}
[1.158492] (tb3_bringup_custom) CommandEnded: {'returncode': 0}
[1.159075] (tb3_bringup_custom) JobEnded: {'identifier': 'tb3_bringup_custom', 'rc': 0}
[1.160191] (target_selector) JobStarted: {'identifier': 'target_selector'}
[1.160508] (debug_visualizer) StdoutLine: {'line': b'running egg_info\n'}
[1.162906] (follow_controller) Command: {'cmd': ['/usr/bin/python3', '-W', 'ignore:setup.py install is deprecated', '-W', 'ignore:easy_install command is deprecated', 'setup.py', 'egg_info', '--egg-base', '../../build/follow_controller', 'build', '--build-base', '/home/jackfeels/Documents/PROYECTO_TURTLEBOT/build/follow_controller/build', 'install', '--record', '/home/jackfeels/Documents/PROYECTO_TURTLEBOT/build/follow_controller/install.log', '--single-version-externally-managed', 'install_data'], 'cwd': '/home/jackfeels/Documents/PROYECTO_TURTLEBOT/src/follow_controller', 'env': {'GJS_DEBUG_TOPICS': 'JS ERROR;JS LOG', 'PYTHON_BASIC_REPL': '1', 'LESSOPEN': '| /usr/bin/lesspipe %s', 'USER': 'jackfeels', 'XDG_SESSION_TYPE': 'wayland', 'GIT_ASKPASS': '/usr/share/code/resources/app/extensions/git/dist/askpass.sh', 'ROS_PACKAGE_PATH': '/home/jackfeels/Documents/PROYECTO_TURTLEBOT/install/tb3_interfaces/share', 'SHLVL': '1', 'LD_LIBRARY_PATH': '/home/jackfeels/Documents/PROYECTO_TURTLEBOT/install/tb3_interfaces/lib:/home/jackfeels/turtlebot3_ws/install/turtlebot3_msgs/lib:/home/jackfeels/turtlebot3_ws/install/dynamixel_sdk_custom_interfaces/lib:/home/jackfeels/turtlebot3_ws/install/dynamixel_sdk/lib:/opt/ros/humble/opt/rviz_ogre_vendor/lib:/opt/ros/humble/lib/aarch64-linux-gnu:/opt/ros/humble/lib', 'HOME': '/home/jackfeels', 'CHROME_DESKTOP': 'code.desktop', 'OLDPWD': '/home/jackfeels/Documents/PROYECTO_TURTLEBOT', 'TERM_PROGRAM_VERSION': '1.114.0', 'DESKTOP_SESSION': 'ubuntu', 'GIO_LAUNCHED_DESKTOP_FILE': '/usr/share/applications/code.desktop', 'ROS_PYTHON_VERSION': '3', 'GNOME_SHELL_SESSION_MODE': 'ubuntu', 'GTK_MODULES': 'gail:atk-bridge', 'VSCODE_GIT_ASKPASS_MAIN': '/usr/share/code/resources/app/extensions/git/dist/askpass-main.js', 'VSCODE_GIT_ASKPASS_NODE': '/usr/share/code/code', 'MANAGERPID': '1447', 'PYDEVD_DISABLE_FILE_VALIDATION': '1', 'SYSTEMD_EXEC_PID': '2048', 'BUNDLED_DEBUGPY_PATH': '/home/jackfeels/.vscode/extensions/ms-python.debugpy-2025.18.0-linux-arm64/bundled/libs/debugpy', 'IM_CONFIG_CHECK_ENV': '1', 'VSCODE_PYTHON_AUTOACTIVATE_GUARD': '1', 'DBUS_SESSION_BUS_ADDRESS': 'unix:path=/run/user/1000/bus', 'COLORTERM': 'truecolor', 'GIO_LAUNCHED_DESKTOP_FILE_PID': '31416', 'IM_CONFIG_PHASE': '1', 'WAYLAND_DISPLAY': 'wayland-0', 'COLCON_PREFIX_PATH': '/home/jackfeels/turtlebot3_ws/install', 'ROS_DISTRO': 'humble', 'LOGNAME': 'jackfeels', 'JOURNAL_STREAM': '8:27136', '_': '/usr/bin/colcon', 'ROS_VERSION': '2', 'CLAUDE_CODE_SSE_PORT': '37331', 'XDG_SESSION_CLASS': 'user', 'PKG_CONFIG_PATH': '/home/jackfeels/Documents/PROYECTO_TURTLEBOT/install/tb3_interfaces/lib/aarch64-linux-gnu/pkgconfig:/home/jackfeels/Documents/PROYECTO_TURTLEBOT/install/tb3_interfaces/lib/pkgconfig', 'USERNAME': 'jackfeels', 'TERM': 'xterm-256color', 'GNOME_DESKTOP_SESSION_ID': 'this-is-deprecated', 'FC_FONTATIONS': '1', 'ROS_LOCALHOST_ONLY': '0', 'PATH': '/home/jackfeels/.local/bin:/home/jackfeels/.local/bin:/home/jackfeels/.config/Code/User/globalStorage/github.copilot-chat/debugCommand:/home/jackfeels/.config/Code/User/globalStorage/github.copilot-chat/copilotCli:/home/jackfeels/.local/bin:/home/jackfeels/.local/bin:/home/jackfeels/.local/bin:/opt/ros/humble/bin:/home/jackfeels/.local/bin:/usr/local/sbin:/usr/local/bin:/usr/sbin:/usr/bin:/sbin:/bin:/usr/games:/usr/local/games:/snap/bin:/snap/bin:/home/jackfeels/.vscode/extensions/ms-python.debugpy-2025.18.0-linux-arm64/bundled/scripts/noConfigScripts', 'SESSION_MANAGER': 'local/jackfeels:@/tmp/.ICE-unix/2024,unix/jackfeels:/tmp/.ICE-unix/2024', 'INVOCATION_ID': '7072cee1c8cb4ac79fe0ad88f4dcb9f7', 'XDG_MENU_PREFIX': 'gnome-', 'GNOME_SETUP_DISPLAY': ':1', 'XDG_RUNTIME_DIR': '/run/user/1000', 'GDK_BACKEND': 'wayland', 'DISPLAY': ':0', 'VSCODE_DEBUGPY_ADAPTER_ENDPOINTS': '/home/jackfeels/.vscode/extensions/ms-python.debugpy-2025.18.0-linux-arm64/.noConfigDebugAdapterEndpoints/endpoint-185b3b7f67631b8b.txt', 'LANG': 'en_US.UTF-8', 'XDG_CURRENT_DESKTOP': 'ubuntu:GNOME', 'PYTHONSTARTUP': '/home/jackfeels/.config/Code/User/workspaceStorage/46ee1a91a2843d3566ffcdb977c34744/ms-python.python/pythonrc.py', 'XMODIFIERS': '@im=ibus', 'XDG_SESSION_DESKTOP': 'ubuntu', 'XAUTHORITY': '/run/user/1000/.mutter-Xwaylandauth.BCY4N3', 'LS_COLORS': 'rs=0:di=01;34:ln=01;36:mh=00:pi=40;33:so=01;35:do=01;35:bd=40;33;01:cd=40;33;01:or=40;31;01:mi=00:su=37;41:sg=30;43:ca=30;41:tw=30;42:ow=34;42:st=37;44:ex=01;32:*.tar=01;31:*.tgz=01;31:*.arc=01;31:*.arj=01;31:*.taz=01;31:*.lha=01;31:*.lz4=01;31:*.lzh=01;31:*.lzma=01;31:*.tlz=01;31:*.txz=01;31:*.tzo=01;31:*.t7z=01;31:*.zip=01;31:*.z=01;31:*.dz=01;31:*.gz=01;31:*.lrz=01;31:*.lz=01;31:*.lzo=01;31:*.xz=01;31:*.zst=01;31:*.tzst=01;31:*.bz2=01;31:*.bz=01;31:*.tbz=01;31:*.tbz2=01;31:*.tz=01;31:*.deb=01;31:*.rpm=01;31:*.jar=01;31:*.war=01;31:*.ear=01;31:*.sar=01;31:*.rar=01;31:*.alz=01;31:*.ace=01;31:*.zoo=01;31:*.cpio=01;31:*.7z=01;31:*.rz=01;31:*.cab=01;31:*.wim=01;31:*.swm=01;31:*.dwm=01;31:*.esd=01;31:*.jpg=01;35:*.jpeg=01;35:*.mjpg=01;35:*.mjpeg=01;35:*.gif=01;35:*.bmp=01;35:*.pbm=01;35:*.pgm=01;35:*.ppm=01;35:*.tga=01;35:*.xbm=01;35:*.xpm=01;35:*.tif=01;35:*.tiff=01;35:*.png=01;35:*.svg=01;35:*.svgz=01;35:*.mng=01;35:*.pcx=01;35:*.mov=01;35:*.mpg=01;35:*.mpeg=01;35:*.m2v=01;35:*.mkv=01;35:*.webm=01;35:*.webp=01;35:*.ogm=01;35:*.mp4=01;35:*.m4v=01;35:*.mp4v=01;35:*.vob=01;35:*.qt=01;35:*.nuv=01;35:*.wmv=01;35:*.asf=01;35:*.rm=01;35:*.rmvb=01;35:*.flc=01;35:*.avi=01;35:*.fli=01;35:*.flv=01;35:*.gl=01;35:*.dl=01;35:*.xcf=01;35:*.xwd=01;35:*.yuv=01;35:*.cgm=01;35:*.emf=01;35:*.ogv=01;35:*.ogx=01;35:*.aac=00;36:*.au=00;36:*.flac=00;36:*.m4a=00;36:*.mid=00;36:*.midi=00;36:*.mka=00;36:*.mp3=00;36:*.mpc=00;36:*.ogg=00;36:*.ra=00;36:*.wav=00;36:*.oga=00;36:*.opus=00;36:*.spx=00;36:*.xspf=00;36:', 'VSCODE_GIT_IPC_HANDLE': '/run/user/1000/vscode-git-3da86ad6c9.sock', 'TERM_PROGRAM': 'vscode', 'SSH_AGENT_LAUNCHER': 'gnome-keyring', 'SSH_AUTH_SOCK': '/run/user/1000/keyring/ssh', 'ROS_DOMAIN_ID': '30', 'AMENT_PREFIX_PATH': '/home/jackfeels/turtlebot3_ws/install/turtlebot3:/home/jackfeels/turtlebot3_ws/install/turtlebot3_teleop:/home/jackfeels/turtlebot3_ws/install/turtlebot3_bringup:/home/jackfeels/turtlebot3_ws/install/turtlebot3_node:/home/jackfeels/turtlebot3_ws/install/turtlebot3_navigation2:/home/jackfeels/turtlebot3_ws/install/turtlebot3_example:/home/jackfeels/turtlebot3_ws/install/turtlebot3_msgs:/home/jackfeels/turtlebot3_ws/install/turtlebot3_description:/home/jackfeels/turtlebot3_ws/install/turtlebot3_cartographer:/home/jackfeels/turtlebot3_ws/install/dynamixel_sdk_examples:/home/jackfeels/turtlebot3_ws/install/dynamixel_sdk_custom_interfaces:/home/jackfeels/turtlebot3_ws/install/dynamixel_sdk:/opt/ros/humble', 'SHELL': '/bin/bash', 'QT_ACCESSIBILITY': '1', 'GDMSESSION': 'ubuntu', 'LESSCLOSE': '/usr/bin/lesspipe %s %s', 'GJS_DEBUG_OUTPUT': 'stderr', 'VSCODE_GIT_ASKPASS_EXTRA_ARGS': '', 'QT_IM_MODULE': 'ibus', 'PWD': '/home/jackfeels/Documents/PROYECTO_TURTLEBOT/build/follow_controller', 'TURTLEBOT3_MODEL': 'burger', 'XDG_CONFIG_DIRS': '/etc/xdg/xdg-ubuntu:/etc/xdg', 'XDG_DATA_DIRS': '/usr/share/ubuntu:/usr/local/share/:/usr/share/:/var/lib/snapd/desktop', 'PYTHONPATH': '/home/jackfeels/Documents/PROYECTO_TURTLEBOT/build/follow_controller/prefix_override:/usr/lib/python3/dist-packages/colcon_core/task/python/colcon_distutils_commands:/home/jackfeels/Documents/PROYECTO_TURTLEBOT/install/follow_controller/lib/python3.10/site-packages:/home/jackfeels/Documents/PROYECTO_TURTLEBOT/install/tb3_interfaces/local/lib/python3.10/dist-packages:/home/jackfeels/turtlebot3_ws/install/turtlebot3_teleop/lib/python3.10/site-packages:/home/jackfeels/turtlebot3_ws/install/turtlebot3_example/lib/python3.10/site-packages:/home/jackfeels/turtlebot3_ws/install/turtlebot3_msgs/local/lib/python3.10/dist-packages:/home/jackfeels/turtlebot3_ws/install/dynamixel_sdk_custom_interfaces/local/lib/python3.10/dist-packages:/home/jackfeels/turtlebot3_ws/install/dynamixel_sdk/local/lib/python3.10/dist-packages:/opt/ros/humble/lib/python3.10/site-packages:/opt/ros/humble/local/lib/python3.10/dist-packages', 'COLCON': '1', 'CMAKE_PREFIX_PATH': '/home/jackfeels/Documents/PROYECTO_TURTLEBOT/install/tb3_interfaces:/home/jackfeels/turtlebot3_ws/install/turtlebot3:/home/jackfeels/turtlebot3_ws/install/turtlebot3_bringup:/home/jackfeels/turtlebot3_ws/install/turtlebot3_node:/home/jackfeels/turtlebot3_ws/install/turtlebot3_navigation2:/home/jackfeels/turtlebot3_ws/install/turtlebot3_msgs:/home/jackfeels/turtlebot3_ws/install/turtlebot3_description:/home/jackfeels/turtlebot3_ws/install/turtlebot3_cartographer:/home/jackfeels/turtlebot3_ws/install/dynamixel_sdk_examples:/home/jackfeels/turtlebot3_ws/install/dynamixel_sdk_custom_interfaces:/home/jackfeels/turtlebot3_ws/install/dynamixel_sdk'}, 'shell': False}
[1.167342] (debug_visualizer) StdoutLine: {'line': b'writing ../../build/debug_visualizer/debug_visualizer.egg-info/PKG-INFO\n'}
[1.167690] (debug_visualizer) StdoutLine: {'line': b'writing dependency_links to ../../build/debug_visualizer/debug_visualizer.egg-info/dependency_links.txt\n'}
[1.167795] (debug_visualizer) StdoutLine: {'line': b'writing entry points to ../../build/debug_visualizer/debug_visualizer.egg-info/entry_points.txt\n'}
[1.167894] (debug_visualizer) StdoutLine: {'line': b'writing requirements to ../../build/debug_visualizer/debug_visualizer.egg-info/requires.txt\n'}
[1.167959] (debug_visualizer) StdoutLine: {'line': b'writing top-level names to ../../build/debug_visualizer/debug_visualizer.egg-info/top_level.txt\n'}
[1.185664] (debug_visualizer) StdoutLine: {'line': b"reading manifest file '../../build/debug_visualizer/debug_visualizer.egg-info/SOURCES.txt'\n"}
[1.187072] (debug_visualizer) StdoutLine: {'line': b"writing manifest file '../../build/debug_visualizer/debug_visualizer.egg-info/SOURCES.txt'\n"}
[1.187613] (debug_visualizer) StdoutLine: {'line': b'running build\n'}
[1.187665] (debug_visualizer) StdoutLine: {'line': b'running build_py\n'}
[1.187699] (debug_visualizer) StdoutLine: {'line': b'copying debug_visualizer/debug_visualizer_node.py -> /home/jackfeels/Documents/PROYECTO_TURTLEBOT/build/debug_visualizer/build/lib/debug_visualizer\n'}
[1.187758] (debug_visualizer) StdoutLine: {'line': b'copying debug_visualizer/__init__.py -> /home/jackfeels/Documents/PROYECTO_TURTLEBOT/build/debug_visualizer/build/lib/debug_visualizer\n'}
[1.187937] (debug_visualizer) StdoutLine: {'line': b'running install\n'}
[1.190436] (debug_visualizer) StdoutLine: {'line': b'running install_lib\n'}
[1.207398] (-) TimerEvent: {}
[1.207850] (debug_visualizer) StdoutLine: {'line': b'running install_data\n'}
[1.207971] (debug_visualizer) StdoutLine: {'line': b'copying resource/debug_visualizer -> /home/jackfeels/Documents/PROYECTO_TURTLEBOT/install/debug_visualizer/share/ament_index/resource_index/packages\n'}
[1.208012] (debug_visualizer) StdoutLine: {'line': b'copying package.xml -> /home/jackfeels/Documents/PROYECTO_TURTLEBOT/install/debug_visualizer/share/debug_visualizer\n'}
[1.208048] (debug_visualizer) StdoutLine: {'line': b'running install_egg_info\n'}
[1.209532] (debug_visualizer) StdoutLine: {'line': b"removing '/home/jackfeels/Documents/PROYECTO_TURTLEBOT/install/debug_visualizer/lib/python3.10/site-packages/debug_visualizer-0.0.1-py3.10.egg-info' (and everything under it)\n"}
[1.209813] (debug_visualizer) StdoutLine: {'line': b'Copying ../../build/debug_visualizer/debug_visualizer.egg-info to /home/jackfeels/Documents/PROYECTO_TURTLEBOT/install/debug_visualizer/lib/python3.10/site-packages/debug_visualizer-0.0.1-py3.10.egg-info\n'}
[1.210450] (debug_visualizer) StdoutLine: {'line': b'running install_scripts\n'}
[1.227189] (debug_visualizer) StdoutLine: {'line': b'Installing debug_visualizer_node script to /home/jackfeels/Documents/PROYECTO_TURTLEBOT/install/debug_visualizer/lib/debug_visualizer\n'}
[1.227370] (debug_visualizer) StdoutLine: {'line': b"writing list of installed files to '/home/jackfeels/Documents/PROYECTO_TURTLEBOT/build/debug_visualizer/install.log'\n"}
[1.307747] (-) TimerEvent: {}
[1.334845] (follow_controller) StdoutLine: {'line': b'running egg_info\n'}
[1.342921] (follow_controller) StdoutLine: {'line': b'writing ../../build/follow_controller/follow_controller.egg-info/PKG-INFO\n'}
[1.343809] (follow_controller) StdoutLine: {'line': b'writing dependency_links to ../../build/follow_controller/follow_controller.egg-info/dependency_links.txt\n'}
[1.344316] (follow_controller) StdoutLine: {'line': b'writing entry points to ../../build/follow_controller/follow_controller.egg-info/entry_points.txt\n'}
[1.345188] (follow_controller) StdoutLine: {'line': b'writing requirements to ../../build/follow_controller/follow_controller.egg-info/requires.txt\n'}
[1.345308] (follow_controller) StdoutLine: {'line': b'writing top-level names to ../../build/follow_controller/follow_controller.egg-info/top_level.txt\n'}
[1.361100] (debug_visualizer) CommandEnded: {'returncode': 0}
[1.364751] (debug_visualizer) JobEnded: {'identifier': 'debug_visualizer', 'rc': 0}
[1.365766] (follow_controller) StdoutLine: {'line': b"reading manifest file '../../build/follow_controller/follow_controller.egg-info/SOURCES.txt'\n"}
[1.366803] (follow_controller) StdoutLine: {'line': b"writing manifest file '../../build/follow_controller/follow_controller.egg-info/SOURCES.txt'\n"}
[1.367167] (follow_controller) StdoutLine: {'line': b'running build\n'}
[1.367238] (follow_controller) StdoutLine: {'line': b'running build_py\n'}
[1.367695] (follow_controller) StdoutLine: {'line': b'copying follow_controller/follow_controller_node.py -> /home/jackfeels/Documents/PROYECTO_TURTLEBOT/build/follow_controller/build/lib/follow_controller\n'}
[1.368649] (follow_controller) StdoutLine: {'line': b'copying follow_controller/__init__.py -> /home/jackfeels/Documents/PROYECTO_TURTLEBOT/build/follow_controller/build/lib/follow_controller\n'}
[1.368715] (follow_controller) StdoutLine: {'line': b'running install\n'}
[1.371858] (follow_controller) StdoutLine: {'line': b'running install_lib\n'}
[1.380718] (follow_controller) StdoutLine: {'line': b'running install_data\n'}
[1.380942] (follow_controller) StdoutLine: {'line': b'copying resource/follow_controller -> /home/jackfeels/Documents/PROYECTO_TURTLEBOT/install/follow_controller/share/ament_index/resource_index/packages\n'}
[1.381565] (follow_controller) StdoutLine: {'line': b'copying package.xml -> /home/jackfeels/Documents/PROYECTO_TURTLEBOT/install/follow_controller/share/follow_controller\n'}
[1.383372] (follow_controller) StdoutLine: {'line': b'running install_egg_info\n'}
[1.392560] (follow_controller) StdoutLine: {'line': b"removing '/home/jackfeels/Documents/PROYECTO_TURTLEBOT/install/follow_controller/lib/python3.10/site-packages/follow_controller-0.0.1-py3.10.egg-info' (and everything under it)\n"}
[1.393927] (follow_controller) StdoutLine: {'line': b'Copying ../../build/follow_controller/follow_controller.egg-info to /home/jackfeels/Documents/PROYECTO_TURTLEBOT/install/follow_controller/lib/python3.10/site-packages/follow_controller-0.0.1-py3.10.egg-info\n'}
[1.397659] (follow_controller) StdoutLine: {'line': b'running install_scripts\n'}
[1.398741] (person_tracker) Command: {'cmd': ['/usr/bin/python3', '-W', 'ignore:setup.py install is deprecated', '-W', 'ignore:easy_install command is deprecated', 'setup.py', 'egg_info', '--egg-base', '../../build/person_tracker', 'build', '--build-base', '/home/jackfeels/Documents/PROYECTO_TURTLEBOT/build/person_tracker/build', 'install', '--record', '/home/jackfeels/Documents/PROYECTO_TURTLEBOT/build/person_tracker/install.log', '--single-version-externally-managed', 'install_data'], 'cwd': '/home/jackfeels/Documents/PROYECTO_TURTLEBOT/src/person_tracker', 'env': {'GJS_DEBUG_TOPICS': 'JS ERROR;JS LOG', 'PYTHON_BASIC_REPL': '1', 'LESSOPEN': '| /usr/bin/lesspipe %s', 'USER': 'jackfeels', 'XDG_SESSION_TYPE': 'wayland', 'GIT_ASKPASS': '/usr/share/code/resources/app/extensions/git/dist/askpass.sh', 'ROS_PACKAGE_PATH': '/home/jackfeels/Documents/PROYECTO_TURTLEBOT/install/tb3_interfaces/share', 'SHLVL': '1', 'LD_LIBRARY_PATH': '/home/jackfeels/Documents/PROYECTO_TURTLEBOT/install/tb3_interfaces/lib:/home/jackfeels/turtlebot3_ws/install/turtlebot3_msgs/lib:/home/jackfeels/turtlebot3_ws/install/dynamixel_sdk_custom_interfaces/lib:/home/jackfeels/turtlebot3_ws/install/dynamixel_sdk/lib:/opt/ros/humble/opt/rviz_ogre_vendor/lib:/opt/ros/humble/lib/aarch64-linux-gnu:/opt/ros/humble/lib', 'HOME': '/home/jackfeels', 'CHROME_DESKTOP': 'code.desktop', 'OLDPWD': '/home/jackfeels/Documents/PROYECTO_TURTLEBOT', 'TERM_PROGRAM_VERSION': '1.114.0', 'DESKTOP_SESSION': 'ubuntu', 'GIO_LAUNCHED_DESKTOP_FILE': '/usr/share/applications/code.desktop', 'ROS_PYTHON_VERSION': '3', 'GNOME_SHELL_SESSION_MODE': 'ubuntu', 'GTK_MODULES': 'gail:atk-bridge', 'VSCODE_GIT_ASKPASS_MAIN': '/usr/share/code/resources/app/extensions/git/dist/askpass-main.js', 'VSCODE_GIT_ASKPASS_NODE': '/usr/share/code/code', 'MANAGERPID': '1447', 'PYDEVD_DISABLE_FILE_VALIDATION': '1', 'SYSTEMD_EXEC_PID': '2048', 'BUNDLED_DEBUGPY_PATH': '/home/jackfeels/.vscode/extensions/ms-python.debugpy-2025.18.0-linux-arm64/bundled/libs/debugpy', 'IM_CONFIG_CHECK_ENV': '1', 'VSCODE_PYTHON_AUTOACTIVATE_GUARD': '1', 'DBUS_SESSION_BUS_ADDRESS': 'unix:path=/run/user/1000/bus', 'COLORTERM': 'truecolor', 'GIO_LAUNCHED_DESKTOP_FILE_PID': '31416', 'IM_CONFIG_PHASE': '1', 'WAYLAND_DISPLAY': 'wayland-0', 'COLCON_PREFIX_PATH': '/home/jackfeels/turtlebot3_ws/install', 'ROS_DISTRO': 'humble', 'LOGNAME': 'jackfeels', 'JOURNAL_STREAM': '8:27136', '_': '/usr/bin/colcon', 'ROS_VERSION': '2', 'CLAUDE_CODE_SSE_PORT': '37331', 'XDG_SESSION_CLASS': 'user', 'PKG_CONFIG_PATH': '/home/jackfeels/Documents/PROYECTO_TURTLEBOT/install/tb3_interfaces/lib/aarch64-linux-gnu/pkgconfig:/home/jackfeels/Documents/PROYECTO_TURTLEBOT/install/tb3_interfaces/lib/pkgconfig', 'USERNAME': 'jackfeels', 'TERM': 'xterm-256color', 'GNOME_DESKTOP_SESSION_ID': 'this-is-deprecated', 'FC_FONTATIONS': '1', 'ROS_LOCALHOST_ONLY': '0', 'PATH': '/home/jackfeels/.local/bin:/home/jackfeels/.local/bin:/home/jackfeels/.config/Code/User/globalStorage/github.copilot-chat/debugCommand:/home/jackfeels/.config/Code/User/globalStorage/github.copilot-chat/copilotCli:/home/jackfeels/.local/bin:/home/jackfeels/.local/bin:/home/jackfeels/.local/bin:/opt/ros/humble/bin:/home/jackfeels/.local/bin:/usr/local/sbin:/usr/local/bin:/usr/sbin:/usr/bin:/sbin:/bin:/usr/games:/usr/local/games:/snap/bin:/snap/bin:/home/jackfeels/.vscode/extensions/ms-python.debugpy-2025.18.0-linux-arm64/bundled/scripts/noConfigScripts', 'SESSION_MANAGER': 'local/jackfeels:@/tmp/.ICE-unix/2024,unix/jackfeels:/tmp/.ICE-unix/2024', 'INVOCATION_ID': '7072cee1c8cb4ac79fe0ad88f4dcb9f7', 'XDG_MENU_PREFIX': 'gnome-', 'GNOME_SETUP_DISPLAY': ':1', 'XDG_RUNTIME_DIR': '/run/user/1000', 'GDK_BACKEND': 'wayland', 'DISPLAY': ':0', 'VSCODE_DEBUGPY_ADAPTER_ENDPOINTS': '/home/jackfeels/.vscode/extensions/ms-python.debugpy-2025.18.0-linux-arm64/.noConfigDebugAdapterEndpoints/endpoint-185b3b7f67631b8b.txt', 'LANG': 'en_US.UTF-8', 'XDG_CURRENT_DESKTOP': 'ubuntu:GNOME', 'PYTHONSTARTUP': '/home/jackfeels/.config/Code/User/workspaceStorage/46ee1a91a2843d3566ffcdb977c34744/ms-python.python/pythonrc.py', 'XMODIFIERS': '@im=ibus', 'XDG_SESSION_DESKTOP': 'ubuntu', 'XAUTHORITY': '/run/user/1000/.mutter-Xwaylandauth.BCY4N3', 'LS_COLORS': 'rs=0:di=01;34:ln=01;36:mh=00:pi=40;33:so=01;35:do=01;35:bd=40;33;01:cd=40;33;01:or=40;31;01:mi=00:su=37;41:sg=30;43:ca=30;41:tw=30;42:ow=34;42:st=37;44:ex=01;32:*.tar=01;31:*.tgz=01;31:*.arc=01;31:*.arj=01;31:*.taz=01;31:*.lha=01;31:*.lz4=01;31:*.lzh=01;31:*.lzma=01;31:*.tlz=01;31:*.txz=01;31:*.tzo=01;31:*.t7z=01;31:*.zip=01;31:*.z=01;31:*.dz=01;31:*.gz=01;31:*.lrz=01;31:*.lz=01;31:*.lzo=01;31:*.xz=01;31:*.zst=01;31:*.tzst=01;31:*.bz2=01;31:*.bz=01;31:*.tbz=01;31:*.tbz2=01;31:*.tz=01;31:*.deb=01;31:*.rpm=01;31:*.jar=01;31:*.war=01;31:*.ear=01;31:*.sar=01;31:*.rar=01;31:*.alz=01;31:*.ace=01;31:*.zoo=01;31:*.cpio=01;31:*.7z=01;31:*.rz=01;31:*.cab=01;31:*.wim=01;31:*.swm=01;31:*.dwm=01;31:*.esd=01;31:*.jpg=01;35:*.jpeg=01;35:*.mjpg=01;35:*.mjpeg=01;35:*.gif=01;35:*.bmp=01;35:*.pbm=01;35:*.pgm=01;35:*.ppm=01;35:*.tga=01;35:*.xbm=01;35:*.xpm=01;35:*.tif=01;35:*.tiff=01;35:*.png=01;35:*.svg=01;35:*.svgz=01;35:*.mng=01;35:*.pcx=01;35:*.mov=01;35:*.mpg=01;35:*.mpeg=01;35:*.m2v=01;35:*.mkv=01;35:*.webm=01;35:*.webp=01;35:*.ogm=01;35:*.mp4=01;35:*.m4v=01;35:*.mp4v=01;35:*.vob=01;35:*.qt=01;35:*.nuv=01;35:*.wmv=01;35:*.asf=01;35:*.rm=01;35:*.rmvb=01;35:*.flc=01;35:*.avi=01;35:*.fli=01;35:*.flv=01;35:*.gl=01;35:*.dl=01;35:*.xcf=01;35:*.xwd=01;35:*.yuv=01;35:*.cgm=01;35:*.emf=01;35:*.ogv=01;35:*.ogx=01;35:*.aac=00;36:*.au=00;36:*.flac=00;36:*.m4a=00;36:*.mid=00;36:*.midi=00;36:*.mka=00;36:*.mp3=00;36:*.mpc=00;36:*.ogg=00;36:*.ra=00;36:*.wav=00;36:*.oga=00;36:*.opus=00;36:*.spx=00;36:*.xspf=00;36:', 'VSCODE_GIT_IPC_HANDLE': '/run/user/1000/vscode-git-3da86ad6c9.sock', 'TERM_PROGRAM': 'vscode', 'SSH_AGENT_LAUNCHER': 'gnome-keyring', 'SSH_AUTH_SOCK': '/run/user/1000/keyring/ssh', 'ROS_DOMAIN_ID': '30', 'AMENT_PREFIX_PATH': '/home/jackfeels/turtlebot3_ws/install/turtlebot3:/home/jackfeels/turtlebot3_ws/install/turtlebot3_teleop:/home/jackfeels/turtlebot3_ws/install/turtlebot3_bringup:/home/jackfeels/turtlebot3_ws/install/turtlebot3_node:/home/jackfeels/turtlebot3_ws/install/turtlebot3_navigation2:/home/jackfeels/turtlebot3_ws/install/turtlebot3_example:/home/jackfeels/turtlebot3_ws/install/turtlebot3_msgs:/home/jackfeels/turtlebot3_ws/install/turtlebot3_description:/home/jackfeels/turtlebot3_ws/install/turtlebot3_cartographer:/home/jackfeels/turtlebot3_ws/install/dynamixel_sdk_examples:/home/jackfeels/turtlebot3_ws/install/dynamixel_sdk_custom_interfaces:/home/jackfeels/turtlebot3_ws/install/dynamixel_sdk:/opt/ros/humble', 'SHELL': '/bin/bash', 'QT_ACCESSIBILITY': '1', 'GDMSESSION': 'ubuntu', 'LESSCLOSE': '/usr/bin/lesspipe %s %s', 'GJS_DEBUG_OUTPUT': 'stderr', 'VSCODE_GIT_ASKPASS_EXTRA_ARGS': '', 'QT_IM_MODULE': 'ibus', 'PWD': '/home/jackfeels/Documents/PROYECTO_TURTLEBOT/build/person_tracker', 'TURTLEBOT3_MODEL': 'burger', 'XDG_CONFIG_DIRS': '/etc/xdg/xdg-ubuntu:/etc/xdg', 'XDG_DATA_DIRS': '/usr/share/ubuntu:/usr/local/share/:/usr/share/:/var/lib/snapd/desktop', 'PYTHONPATH': '/home/jackfeels/Documents/PROYECTO_TURTLEBOT/build/person_tracker/prefix_override:/usr/lib/python3/dist-packages/colcon_core/task/python/colcon_distutils_commands:/home/jackfeels/Documents/PROYECTO_TURTLEBOT/install/person_tracker/lib/python3.10/site-packages:/home/jackfeels/Documents/PROYECTO_TURTLEBOT/install/tb3_interfaces/local/lib/python3.10/dist-packages:/home/jackfeels/turtlebot3_ws/install/turtlebot3_teleop/lib/python3.10/site-packages:/home/jackfeels/turtlebot3_ws/install/turtlebot3_example/lib/python3.10/site-packages:/home/jackfeels/turtlebot3_ws/install/turtlebot3_msgs/local/lib/python3.10/dist-packages:/home/jackfeels/turtlebot3_ws/install/dynamixel_sdk_custom_interfaces/local/lib/python3.10/dist-packages:/home/jackfeels/turtlebot3_ws/install/dynamixel_sdk/local/lib/python3.10/dist-packages:/opt/ros/humble/lib/python3.10/site-packages:/opt/ros/humble/local/lib/python3.10/dist-packages', 'COLCON': '1', 'CMAKE_PREFIX_PATH': '/home/jackfeels/Documents/PROYECTO_TURTLEBOT/install/tb3_interfaces:/home/jackfeels/turtlebot3_ws/install/turtlebot3:/home/jackfeels/turtlebot3_ws/install/turtlebot3_bringup:/home/jackfeels/turtlebot3_ws/install/turtlebot3_node:/home/jackfeels/turtlebot3_ws/install/turtlebot3_navigation2:/home/jackfeels/turtlebot3_ws/install/turtlebot3_msgs:/home/jackfeels/turtlebot3_ws/install/turtlebot3_description:/home/jackfeels/turtlebot3_ws/install/turtlebot3_cartographer:/home/jackfeels/turtlebot3_ws/install/dynamixel_sdk_examples:/home/jackfeels/turtlebot3_ws/install/dynamixel_sdk_custom_interfaces:/home/jackfeels/turtlebot3_ws/install/dynamixel_sdk'}, 'shell': False}
[1.407837] (-) TimerEvent: {}
[1.415339] (follow_controller) StdoutLine: {'line': b'Installing follow_controller_node script to /home/jackfeels/Documents/PROYECTO_TURTLEBOT/install/follow_controller/lib/follow_controller\n'}
[1.415822] (follow_controller) StdoutLine: {'line': b"writing list of installed files to '/home/jackfeels/Documents/PROYECTO_TURTLEBOT/build/follow_controller/install.log'\n"}
[1.445477] (follow_controller) CommandEnded: {'returncode': 0}
[1.448110] (follow_controller) JobEnded: {'identifier': 'follow_controller', 'rc': 0}
[1.508168] (-) TimerEvent: {}
[1.540383] (person_tracker) StdoutLine: {'line': b'running egg_info\n'}
[1.548149] (person_tracker) StdoutLine: {'line': b'writing ../../build/person_tracker/person_tracker.egg-info/PKG-INFO\n'}
[1.548519] (person_tracker) StdoutLine: {'line': b'writing dependency_links to ../../build/person_tracker/person_tracker.egg-info/dependency_links.txt\n'}
[1.548625] (person_tracker) StdoutLine: {'line': b'writing entry points to ../../build/person_tracker/person_tracker.egg-info/entry_points.txt\n'}
[1.548725] (person_tracker) StdoutLine: {'line': b'writing requirements to ../../build/person_tracker/person_tracker.egg-info/requires.txt\n'}
[1.548784] (person_tracker) StdoutLine: {'line': b'writing top-level names to ../../build/person_tracker/person_tracker.egg-info/top_level.txt\n'}
[1.565587] (person_tracker) StdoutLine: {'line': b"reading manifest file '../../build/person_tracker/person_tracker.egg-info/SOURCES.txt'\n"}
[1.567968] (person_tracker) StdoutLine: {'line': b"writing manifest file '../../build/person_tracker/person_tracker.egg-info/SOURCES.txt'\n"}
[1.568084] (person_tracker) StdoutLine: {'line': b'running build\n'}
[1.568127] (person_tracker) StdoutLine: {'line': b'running build_py\n'}
[1.568162] (person_tracker) StdoutLine: {'line': b'copying person_tracker/__init__.py -> /home/jackfeels/Documents/PROYECTO_TURTLEBOT/build/person_tracker/build/lib/person_tracker\n'}
[1.568196] (person_tracker) StdoutLine: {'line': b'copying person_tracker/person_tracker_node.py -> /home/jackfeels/Documents/PROYECTO_TURTLEBOT/build/person_tracker/build/lib/person_tracker\n'}
[1.568229] (person_tracker) StdoutLine: {'line': b'running install\n'}
[1.570046] (person_tracker) StdoutLine: {'line': b'running install_lib\n'}
[1.578471] (person_tracker) StdoutLine: {'line': b'copying /home/jackfeels/Documents/PROYECTO_TURTLEBOT/build/person_tracker/build/lib/person_tracker/person_tracker_node.py -> /home/jackfeels/Documents/PROYECTO_TURTLEBOT/install/person_tracker/lib/python3.10/site-packages/person_tracker\n'}
[1.580151] (person_tracker) StdoutLine: {'line': b'byte-compiling /home/jackfeels/Documents/PROYECTO_TURTLEBOT/install/person_tracker/lib/python3.10/site-packages/person_tracker/person_tracker_node.py to person_tracker_node.cpython-310.pyc\n'}
[1.580252] (person_tracker) StdoutLine: {'line': b'running install_data\n'}
[1.580316] (person_tracker) StdoutLine: {'line': b'copying resource/person_tracker -> /home/jackfeels/Documents/PROYECTO_TURTLEBOT/install/person_tracker/share/ament_index/resource_index/packages\n'}
[1.580392] (person_tracker) StdoutLine: {'line': b'copying package.xml -> /home/jackfeels/Documents/PROYECTO_TURTLEBOT/install/person_tracker/share/person_tracker\n'}
[1.580490] (person_tracker) StdoutLine: {'line': b'running install_egg_info\n'}
[1.589539] (person_tracker) StdoutLine: {'line': b"removing '/home/jackfeels/Documents/PROYECTO_TURTLEBOT/install/person_tracker/lib/python3.10/site-packages/person_tracker-0.0.1-py3.10.egg-info' (and everything under it)\n"}
[1.590787] (person_tracker) StdoutLine: {'line': b'Copying ../../build/person_tracker/person_tracker.egg-info to /home/jackfeels/Documents/PROYECTO_TURTLEBOT/install/person_tracker/lib/python3.10/site-packages/person_tracker-0.0.1-py3.10.egg-info\n'}
[1.590861] (person_tracker) StdoutLine: {'line': b'running install_scripts\n'}
[1.597085] (target_selector) Command: {'cmd': ['/usr/bin/python3', '-W', 'ignore:setup.py install is deprecated', '-W', 'ignore:easy_install command is deprecated', 'setup.py', 'egg_info', '--egg-base', '../../build/target_selector', 'build', '--build-base', '/home/jackfeels/Documents/PROYECTO_TURTLEBOT/build/target_selector/build', 'install', '--record', '/home/jackfeels/Documents/PROYECTO_TURTLEBOT/build/target_selector/install.log', '--single-version-externally-managed', 'install_data'], 'cwd': '/home/jackfeels/Documents/PROYECTO_TURTLEBOT/src/target_selector', 'env': {'GJS_DEBUG_TOPICS': 'JS ERROR;JS LOG', 'PYTHON_BASIC_REPL': '1', 'LESSOPEN': '| /usr/bin/lesspipe %s', 'USER': 'jackfeels', 'XDG_SESSION_TYPE': 'wayland', 'GIT_ASKPASS': '/usr/share/code/resources/app/extensions/git/dist/askpass.sh', 'ROS_PACKAGE_PATH': '/home/jackfeels/Documents/PROYECTO_TURTLEBOT/install/tb3_interfaces/share', 'SHLVL': '1', 'LD_LIBRARY_PATH': '/home/jackfeels/Documents/PROYECTO_TURTLEBOT/install/tb3_interfaces/lib:/home/jackfeels/turtlebot3_ws/install/turtlebot3_msgs/lib:/home/jackfeels/turtlebot3_ws/install/dynamixel_sdk_custom_interfaces/lib:/home/jackfeels/turtlebot3_ws/install/dynamixel_sdk/lib:/opt/ros/humble/opt/rviz_ogre_vendor/lib:/opt/ros/humble/lib/aarch64-linux-gnu:/opt/ros/humble/lib', 'HOME': '/home/jackfeels', 'CHROME_DESKTOP': 'code.desktop', 'OLDPWD': '/home/jackfeels/Documents/PROYECTO_TURTLEBOT', 'TERM_PROGRAM_VERSION': '1.114.0', 'DESKTOP_SESSION': 'ubuntu', 'GIO_LAUNCHED_DESKTOP_FILE': '/usr/share/applications/code.desktop', 'ROS_PYTHON_VERSION': '3', 'GNOME_SHELL_SESSION_MODE': 'ubuntu', 'GTK_MODULES': 'gail:atk-bridge', 'VSCODE_GIT_ASKPASS_MAIN': '/usr/share/code/resources/app/extensions/git/dist/askpass-main.js', 'VSCODE_GIT_ASKPASS_NODE': '/usr/share/code/code', 'MANAGERPID': '1447', 'PYDEVD_DISABLE_FILE_VALIDATION': '1', 'SYSTEMD_EXEC_PID': '2048', 'BUNDLED_DEBUGPY_PATH': '/home/jackfeels/.vscode/extensions/ms-python.debugpy-2025.18.0-linux-arm64/bundled/libs/debugpy', 'IM_CONFIG_CHECK_ENV': '1', 'VSCODE_PYTHON_AUTOACTIVATE_GUARD': '1', 'DBUS_SESSION_BUS_ADDRESS': 'unix:path=/run/user/1000/bus', 'COLORTERM': 'truecolor', 'GIO_LAUNCHED_DESKTOP_FILE_PID': '31416', 'IM_CONFIG_PHASE': '1', 'WAYLAND_DISPLAY': 'wayland-0', 'COLCON_PREFIX_PATH': '/home/jackfeels/turtlebot3_ws/install', 'ROS_DISTRO': 'humble', 'LOGNAME': 'jackfeels', 'JOURNAL_STREAM': '8:27136', '_': '/usr/bin/colcon', 'ROS_VERSION': '2', 'CLAUDE_CODE_SSE_PORT': '37331', 'XDG_SESSION_CLASS': 'user', 'PKG_CONFIG_PATH': '/home/jackfeels/Documents/PROYECTO_TURTLEBOT/install/tb3_interfaces/lib/aarch64-linux-gnu/pkgconfig:/home/jackfeels/Documents/PROYECTO_TURTLEBOT/install/tb3_interfaces/lib/pkgconfig', 'USERNAME': 'jackfeels', 'TERM': 'xterm-256color', 'GNOME_DESKTOP_SESSION_ID': 'this-is-deprecated', 'FC_FONTATIONS': '1', 'ROS_LOCALHOST_ONLY': '0', 'PATH': '/home/jackfeels/.local/bin:/home/jackfeels/.local/bin:/home/jackfeels/.config/Code/User/globalStorage/github.copilot-chat/debugCommand:/home/jackfeels/.config/Code/User/globalStorage/github.copilot-chat/copilotCli:/home/jackfeels/.local/bin:/home/jackfeels/.local/bin:/home/jackfeels/.local/bin:/opt/ros/humble/bin:/home/jackfeels/.local/bin:/usr/local/sbin:/usr/local/bin:/usr/sbin:/usr/bin:/sbin:/bin:/usr/games:/usr/local/games:/snap/bin:/snap/bin:/home/jackfeels/.vscode/extensions/ms-python.debugpy-2025.18.0-linux-arm64/bundled/scripts/noConfigScripts', 'SESSION_MANAGER': 'local/jackfeels:@/tmp/.ICE-unix/2024,unix/jackfeels:/tmp/.ICE-unix/2024', 'INVOCATION_ID': '7072cee1c8cb4ac79fe0ad88f4dcb9f7', 'XDG_MENU_PREFIX': 'gnome-', 'GNOME_SETUP_DISPLAY': ':1', 'XDG_RUNTIME_DIR': '/run/user/1000', 'GDK_BACKEND': 'wayland', 'DISPLAY': ':0', 'VSCODE_DEBUGPY_ADAPTER_ENDPOINTS': '/home/jackfeels/.vscode/extensions/ms-python.debugpy-2025.18.0-linux-arm64/.noConfigDebugAdapterEndpoints/endpoint-185b3b7f67631b8b.txt', 'LANG': 'en_US.UTF-8', 'XDG_CURRENT_DESKTOP': 'ubuntu:GNOME', 'PYTHONSTARTUP': '/home/jackfeels/.config/Code/User/workspaceStorage/46ee1a91a2843d3566ffcdb977c34744/ms-python.python/pythonrc.py', 'XMODIFIERS': '@im=ibus', 'XDG_SESSION_DESKTOP': 'ubuntu', 'XAUTHORITY': '/run/user/1000/.mutter-Xwaylandauth.BCY4N3', 'LS_COLORS': 'rs=0:di=01;34:ln=01;36:mh=00:pi=40;33:so=01;35:do=01;35:bd=40;33;01:cd=40;33;01:or=40;31;01:mi=00:su=37;41:sg=30;43:ca=30;41:tw=30;42:ow=34;42:st=37;44:ex=01;32:*.tar=01;31:*.tgz=01;31:*.arc=01;31:*.arj=01;31:*.taz=01;31:*.lha=01;31:*.lz4=01;31:*.lzh=01;31:*.lzma=01;31:*.tlz=01;31:*.txz=01;31:*.tzo=01;31:*.t7z=01;31:*.zip=01;31:*.z=01;31:*.dz=01;31:*.gz=01;31:*.lrz=01;31:*.lz=01;31:*.lzo=01;31:*.xz=01;31:*.zst=01;31:*.tzst=01;31:*.bz2=01;31:*.bz=01;31:*.tbz=01;31:*.tbz2=01;31:*.tz=01;31:*.deb=01;31:*.rpm=01;31:*.jar=01;31:*.war=01;31:*.ear=01;31:*.sar=01;31:*.rar=01;31:*.alz=01;31:*.ace=01;31:*.zoo=01;31:*.cpio=01;31:*.7z=01;31:*.rz=01;31:*.cab=01;31:*.wim=01;31:*.swm=01;31:*.dwm=01;31:*.esd=01;31:*.jpg=01;35:*.jpeg=01;35:*.mjpg=01;35:*.mjpeg=01;35:*.gif=01;35:*.bmp=01;35:*.pbm=01;35:*.pgm=01;35:*.ppm=01;35:*.tga=01;35:*.xbm=01;35:*.xpm=01;35:*.tif=01;35:*.tiff=01;35:*.png=01;35:*.svg=01;35:*.svgz=01;35:*.mng=01;35:*.pcx=01;35:*.mov=01;35:*.mpg=01;35:*.mpeg=01;35:*.m2v=01;35:*.mkv=01;35:*.webm=01;35:*.webp=01;35:*.ogm=01;35:*.mp4=01;35:*.m4v=01;35:*.mp4v=01;35:*.vob=01;35:*.qt=01;35:*.nuv=01;35:*.wmv=01;35:*.asf=01;35:*.rm=01;35:*.rmvb=01;35:*.flc=01;35:*.avi=01;35:*.fli=01;35:*.flv=01;35:*.gl=01;35:*.dl=01;35:*.xcf=01;35:*.xwd=01;35:*.yuv=01;35:*.cgm=01;35:*.emf=01;35:*.ogv=01;35:*.ogx=01;35:*.aac=00;36:*.au=00;36:*.flac=00;36:*.m4a=00;36:*.mid=00;36:*.midi=00;36:*.mka=00;36:*.mp3=00;36:*.mpc=00;36:*.ogg=00;36:*.ra=00;36:*.wav=00;36:*.oga=00;36:*.opus=00;36:*.spx=00;36:*.xspf=00;36:', 'VSCODE_GIT_IPC_HANDLE': '/run/user/1000/vscode-git-3da86ad6c9.sock', 'TERM_PROGRAM': 'vscode', 'SSH_AGENT_LAUNCHER': 'gnome-keyring', 'SSH_AUTH_SOCK': '/run/user/1000/keyring/ssh', 'ROS_DOMAIN_ID': '30', 'AMENT_PREFIX_PATH': '/home/jackfeels/turtlebot3_ws/install/turtlebot3:/home/jackfeels/turtlebot3_ws/install/turtlebot3_teleop:/home/jackfeels/turtlebot3_ws/install/turtlebot3_bringup:/home/jackfeels/turtlebot3_ws/install/turtlebot3_node:/home/jackfeels/turtlebot3_ws/install/turtlebot3_navigation2:/home/jackfeels/turtlebot3_ws/install/turtlebot3_example:/home/jackfeels/turtlebot3_ws/install/turtlebot3_msgs:/home/jackfeels/turtlebot3_ws/install/turtlebot3_description:/home/jackfeels/turtlebot3_ws/install/turtlebot3_cartographer:/home/jackfeels/turtlebot3_ws/install/dynamixel_sdk_examples:/home/jackfeels/turtlebot3_ws/install/dynamixel_sdk_custom_interfaces:/home/jackfeels/turtlebot3_ws/install/dynamixel_sdk:/opt/ros/humble', 'SHELL': '/bin/bash', 'QT_ACCESSIBILITY': '1', 'GDMSESSION': 'ubuntu', 'LESSCLOSE': '/usr/bin/lesspipe %s %s', 'GJS_DEBUG_OUTPUT': 'stderr', 'VSCODE_GIT_ASKPASS_EXTRA_ARGS': '', 'QT_IM_MODULE': 'ibus', 'PWD': '/home/jackfeels/Documents/PROYECTO_TURTLEBOT/build/target_selector', 'TURTLEBOT3_MODEL': 'burger', 'XDG_CONFIG_DIRS': '/etc/xdg/xdg-ubuntu:/etc/xdg', 'XDG_DATA_DIRS': '/usr/share/ubuntu:/usr/local/share/:/usr/share/:/var/lib/snapd/desktop', 'PYTHONPATH': '/home/jackfeels/Documents/PROYECTO_TURTLEBOT/build/target_selector/prefix_override:/usr/lib/python3/dist-packages/colcon_core/task/python/colcon_distutils_commands:/home/jackfeels/Documents/PROYECTO_TURTLEBOT/install/target_selector/lib/python3.10/site-packages:/home/jackfeels/Documents/PROYECTO_TURTLEBOT/install/tb3_interfaces/local/lib/python3.10/dist-packages:/home/jackfeels/turtlebot3_ws/install/turtlebot3_teleop/lib/python3.10/site-packages:/home/jackfeels/turtlebot3_ws/install/turtlebot3_example/lib/python3.10/site-packages:/home/jackfeels/turtlebot3_ws/install/turtlebot3_msgs/local/lib/python3.10/dist-packages:/home/jackfeels/turtlebot3_ws/install/dynamixel_sdk_custom_interfaces/local/lib/python3.10/dist-packages:/home/jackfeels/turtlebot3_ws/install/dynamixel_sdk/local/lib/python3.10/dist-packages:/opt/ros/humble/lib/python3.10/site-packages:/opt/ros/humble/local/lib/python3.10/dist-packages', 'COLCON': '1', 'CMAKE_PREFIX_PATH': '/home/jackfeels/Documents/PROYECTO_TURTLEBOT/install/tb3_interfaces:/home/jackfeels/turtlebot3_ws/install/turtlebot3:/home/jackfeels/turtlebot3_ws/install/turtlebot3_bringup:/home/jackfeels/turtlebot3_ws/install/turtlebot3_node:/home/jackfeels/turtlebot3_ws/install/turtlebot3_navigation2:/home/jackfeels/turtlebot3_ws/install/turtlebot3_msgs:/home/jackfeels/turtlebot3_ws/install/turtlebot3_description:/home/jackfeels/turtlebot3_ws/install/turtlebot3_cartographer:/home/jackfeels/turtlebot3_ws/install/dynamixel_sdk_examples:/home/jackfeels/turtlebot3_ws/install/dynamixel_sdk_custom_interfaces:/home/jackfeels/turtlebot3_ws/install/dynamixel_sdk'}, 'shell': False}
[1.606958] (person_tracker) StdoutLine: {'line': b'Installing person_tracker_node script to /home/jackfeels/Documents/PROYECTO_TURTLEBOT/install/person_tracker/lib/person_tracker\n'}
[1.607432] (person_tracker) StdoutLine: {'line': b"writing list of installed files to '/home/jackfeels/Documents/PROYECTO_TURTLEBOT/build/person_tracker/install.log'\n"}
[1.608228] (-) TimerEvent: {}
[1.620228] (person_tracker) CommandEnded: {'returncode': 0}
[1.623995] (person_tracker) JobEnded: {'identifier': 'person_tracker', 'rc': 0}
[1.708471] (-) TimerEvent: {}
[1.736447] (target_selector) StdoutLine: {'line': b'running egg_info\n'}
[1.745054] (target_selector) StdoutLine: {'line': b'writing ../../build/target_selector/target_selector.egg-info/PKG-INFO\n'}
[1.745555] (target_selector) StdoutLine: {'line': b'writing dependency_links to ../../build/target_selector/target_selector.egg-info/dependency_links.txt\n'}
[1.745645] (target_selector) StdoutLine: {'line': b'writing entry points to ../../build/target_selector/target_selector.egg-info/entry_points.txt\n'}
[1.745698] (target_selector) StdoutLine: {'line': b'writing requirements to ../../build/target_selector/target_selector.egg-info/requires.txt\n'}
[1.745746] (target_selector) StdoutLine: {'line': b'writing top-level names to ../../build/target_selector/target_selector.egg-info/top_level.txt\n'}
[1.763874] (target_selector) StdoutLine: {'line': b"reading manifest file '../../build/target_selector/target_selector.egg-info/SOURCES.txt'\n"}
[1.764769] (target_selector) StdoutLine: {'line': b"writing manifest file '../../build/target_selector/target_selector.egg-info/SOURCES.txt'\n"}
[1.765050] (target_selector) StdoutLine: {'line': b'running build\n'}
[1.765105] (target_selector) StdoutLine: {'line': b'running build_py\n'}
[1.765185] (target_selector) StdoutLine: {'line': b'copying target_selector/target_selector_node.py -> /home/jackfeels/Documents/PROYECTO_TURTLEBOT/build/target_selector/build/lib/target_selector\n'}
[1.765353] (target_selector) StdoutLine: {'line': b'copying target_selector/__init__.py -> /home/jackfeels/Documents/PROYECTO_TURTLEBOT/build/target_selector/build/lib/target_selector\n'}
[1.765509] (target_selector) StdoutLine: {'line': b'running install\n'}
[1.768068] (target_selector) StdoutLine: {'line': b'running install_lib\n'}
[1.777917] (target_selector) StdoutLine: {'line': b'running install_data\n'}
[1.778090] (target_selector) StdoutLine: {'line': b'copying resource/target_selector -> /home/jackfeels/Documents/PROYECTO_TURTLEBOT/install/target_selector/share/ament_index/resource_index/packages\n'}
[1.778173] (target_selector) StdoutLine: {'line': b'copying package.xml -> /home/jackfeels/Documents/PROYECTO_TURTLEBOT/install/target_selector/share/target_selector\n'}
[1.778223] (target_selector) StdoutLine: {'line': b'running install_egg_info\n'}
[1.787911] (target_selector) StdoutLine: {'line': b"removing '/home/jackfeels/Documents/PROYECTO_TURTLEBOT/install/target_selector/lib/python3.10/site-packages/target_selector-0.0.1-py3.10.egg-info' (and everything under it)\n"}
[1.788131] (target_selector) StdoutLine: {'line': b'Copying ../../build/target_selector/target_selector.egg-info to /home/jackfeels/Documents/PROYECTO_TURTLEBOT/install/target_selector/lib/python3.10/site-packages/target_selector-0.0.1-py3.10.egg-info\n'}
[1.789118] (target_selector) StdoutLine: {'line': b'running install_scripts\n'}
[1.806542] (target_selector) StdoutLine: {'line': b'Installing target_selector_node script to /home/jackfeels/Documents/PROYECTO_TURTLEBOT/install/target_selector/lib/target_selector\n'}
[1.806863] (target_selector) StdoutLine: {'line': b"writing list of installed files to '/home/jackfeels/Documents/PROYECTO_TURTLEBOT/build/target_selector/install.log'\n"}
[1.808509] (-) TimerEvent: {}
[1.820691] (target_selector) CommandEnded: {'returncode': 0}
[1.825032] (target_selector) JobEnded: {'identifier': 'target_selector', 'rc': 0}
[1.825822] (-) EventReactorShutdown: {}
